id,sales
3000888,3.4762548832458338
3000889,0.03190072086576711
3000890,5.105062621761137
3000891,2444.7593694720304
3000892,0.14388560604967768
3000893,413.9679909307515
3000894,14.200018699391784
3000895,811.5347981690823
3000896,861.5953710762376
3000897,152.62696360742868
3000898,153.43169360747856
3000899,160.48502476000812
3000900,3009.2999561299303
3000901,21.212732271047464
3000902,1.8711784279960366
3000903,33.862221435350975
3000904,32.00555474222186
3000905,0.11419769624177739
3000906,198.39198014152498
3000907,14.471338862907274
3000908,28.177567879041668
3000909,11.301039972485938
3000910,97.31361730442515
3000911,4.6538530864002805
3000912,310.05534090751314
3000913,208.34941986368185
3000914,4.332919158220611
3000915,13.272873116410743
3000916,313.1883177318231
3000917,59.57781204648417
3000918,4302.394522162377
3000919,106.24587954747307
3000920,25.3006518538527
3000921,1.8471220151484518
3000922,0.012565100315544453
3000923,3.6022839890495355
3000924,1267.8095003130147
3000925,0.006833587798100938
3000926,92.03964926574673
3000927,2.019664382275322
3000928,718.8455445879288
3000929,402.9423308512604
3000930,231.99315827702745
3000931,33.43561979225283
3000932,36.6379727167954
3000933,2623.214524110932
3000934,2.3025159908454884
3000935,0.4187328505611809
3000936,10.39942604616073
3000937,13.919419966209222
3000938,0.08811994033541287
3000939,168.36425163090578
3000940,4.022262386314746
3000941,128.7143088627342
3000942,7.506642420133523
3000943,19.35901525122133
3000944,0.545205942535682
3000945,174.84268410815622
3000946,171.58276789626728
3000947,0.4422598425181557
3000948,2.3078782108349007
3000949,121.80974041003695
3000950,23.323058597859742
3000951,231.0772123097402
3000952,32.94518550575048
3000953,2.9939534375600347
3000954,4.360871459419768
3000955,0.12383734732179887
3000956,6.476808010743746
3000957,3916.772201819318
3000958,0.018859869126947894
3000959,851.3814070581626
3000960,11.728857375146289
3000961,1879.4756797994883
3000962,642.311060970436
3000963,463.3096454862716
3000964,184.81647642308712
3000965,74.05699532685564
3000966,7045.154907561074
3000967,15.933732604638688
3000968,0.4905951449050909
3000969,27.49190615723593
3000970,22.731639948228352
3000971,0.08850997419241205
3000972,487.7746429468048
3000973,8.033813337313132
3000974,8.494575402532549
3000975,13.947435432858448
3000976,41.502217012736736
3000977,2.11469956948756
3000978,660.9270344777284
3000979,415.24120976451417
3000980,1.145481387531122
3000981,15.118136729933369
3000982,422.0483447561744
3000983,96.1933674971271
3000984,1626.2895345974705
3000985,38.159921895210886
3000986,6.018030249356656
3000987,3.5285999849653193
3000988,0.012243656917063446
3000989,3.542378438801745
3000990,1522.3316999539234
3000991,0.007382123692870794
3000992,189.65748395569994
3000993,5.542001464021754
3000994,871.3235507026318
3000995,458.0065253658542
3000996,191.83378024857652
3000997,37.57229140484556
3000998,32.29834680166372
3000999,2806.0796781604695
3001000,6.8290418652219405
3001001,0.2022551560292336
3001002,17.275764860601015
3001003,27.394639834863916
3001004,0.07683598665272078
3001005,173.13815472667403
3001006,6.5584209298506915
3001007,106.52680302651966
3001008,10.17325872326018
3001009,34.05287603461619
3001010,1.8639135609316084
3001011,136.98727794813672
3001012,196.32572915464672
3001013,1.039805741240857
3001014,4.862379490257226
3001015,145.71497818045552
3001016,35.454027933286056
3001017,341.9028455378151
3001018,23.64521643559881
3001019,2.3247779237231114
3001020,3.934337925334118
3001021,0.010309030918871344
3001022,4.939992631006158
3001023,1367.5681160209756
3001024,0.005456789181468762
3001025,117.20459640962501
3001026,3.5325528880117707
3001027,674.0922174446125
3001028,290.32335269374863
3001029,152.9846245861733
3001030,42.08930675336151
3001031,30.210144596308382
3001032,2721.193973620737
3001033,4.646251153689487
3001034,0.3073707783170354
3001035,12.866518011894788
3001036,14.392158530996637
3001037,0.07504705807720145
3001038,134.34771590450194
3001039,0.8851905609097055
3001040,106.03431786625217
3001041,4.697656394327101
3001042,26.349853827575753
3001043,1.0092992581701055
3001044,113.64953567689292
3001045,204.34816356802546
3001046,0.08586343166453081
3001047,3.239951096027081
3001048,55.9912101429387
3001049,19.24411433689859
3001050,214.24394579371054
3001051,16.06322854790278
3001052,1.7121431473715605
3001053,2.7262410607093237
3001054,0.010244002428329863
3001055,3.7643706611958296
3001056,1747.9266189344355
3001057,0.0053920730052254475
3001058,178.98884700218645
3001059,4.924743317124621
3001060,877.7692341664165
3001061,450.7960792516678
3001062,255.29538293980696
3001063,26.312918675766273
3001064,33.13890657715905
3001065,2924.8885978738253
3001066,3.00212260467067
3001067,0.08713041829950037
3001068,13.954761666532736
3001069,19.80712036355393
3001070,0.023586687778419758
3001071,189.2755733734074
3001072,0.7344897824143567
3001073,105.59497362784397
3001074,8.796968523228518
3001075,23.21196656467828
3001076,2.1009942226781413
3001077,130.9852169419452
3001078,274.05903568841444
3001079,0.8208811121008524
3001080,4.401759898399992
3001081,56.75757837945624
3001082,82.64056464748379
3001083,390.4085878778413
3001084,16.73891352732118
3001085,3.939328206554228
3001086,2.00866905067925
3001087,0.9270744778150697
3001088,4.097406127952066
3001089,1667.7717778417136
3001090,0.0076127800436998835
3001091,155.81320041964543
3001092,2.891502693907405
3001093,807.6111791509281
3001094,380.63789515981387
3001095,234.21088023618722
3001096,95.29388281544935
3001097,55.17578864808416
3001098,2919.4054154898195
3001099,4.845755449658176
3001100,0.6813327018873638
3001101,18.35669628045165
3001102,22.378659479150052
3001103,0.02496729939731701
3001104,221.65249262483906
3001105,6.411748042800946
3001106,106.55327673867538
3001107,11.017713596614952
3001108,27.7974501429631
3001109,0.8189141547196856
3001110,132.99536719266422
3001111,193.00678992606154
3001112,0.7449972277780983
3001113,5.328407196446541
3001114,103.15633056453699
3001115,41.630584496080274
3001116,697.8281145734136
3001117,17.210314552647873
3001118,4.831285773138768
3001119,3.0894321731262093
3001120,0.007380736851198974
3001121,8.273413480402091
3001122,1258.7453307079995
3001123,0.0024761608601510327
3001124,145.5171009215503
3001125,3.2319743410016057
3001126,759.8642501796007
3001127,245.2201265018089
3001128,152.1908740308454
3001129,107.99536539622872
3001130,25.443639854609973
3001131,2132.6995944428595
3001132,4.361991198299223
3001133,0.24985934895491507
3001134,20.670755424950883
3001135,19.781922742104793
3001136,0.1851751468094309
3001137,140.6032626056953
3001138,0.014608649507034777
3001139,106.1098615568469
3001140,9.109691395686713
3001141,24.84441450107283
3001142,0.6316089967432632
3001143,53.9860436156832
3001144,130.26995907194762
3001145,0.49809338341011
3001146,2.32540938354156
3001147,64.73516384005579
3001148,35.52122780133616
3001149,516.5348787606257
3001150,83.18693373009216
3001151,1.4432506958306925
3001152,4.810144346139725
3001153,0.17004265626183684
3001154,4.1658705570973815
3001155,2513.142762388202
3001156,0.004571077159163327
3001157,311.3130863541757
3001158,4.564167248759498
3001159,1073.0833554725623
3001160,1119.2949829003287
3001161,442.22453239726775
3001162,154.58096790681813
3001163,94.50000704450545
3001164,3944.163363646474
3001165,7.660010704531029
3001166,0.60471258364603
3001167,21.90916623651441
3001168,25.73246969777908
3001169,0.07419519727895015
3001170,257.5097999098572
3001171,0.11538633485831604
3001172,131.2127959687414
3001173,11.160976749233205
3001174,31.086166104826052
3001175,3.185709908278405
3001176,239.95000183895837
3001177,241.527860542168
3001178,2.458217374941229
3001179,6.978027222832178
3001180,281.7216416663651
3001181,52.9567594263483
3001182,1526.179225507765
3001183,93.42515086096962
3001184,8.560999970864266
3001185,2.1760194535901265
3001186,0.8491279517477271
3001187,3.9805212218133903
3001188,1783.0283385672217
3001189,0.0
3001190,504.6531144479753
3001191,5.239501676750811
3001192,508.6466667779221
3001193,599.5737752300276
3001194,186.5253710172835
3001195,136.53133005115714
3001196,37.087360261331234
3001197,2520.422520437631
3001198,7.424162340776942
3001199,0.5304736625729318
3001200,13.667640111352805
3001201,21.500791236081227
3001202,0.061974809859118456
3001203,157.26914825304476
3001204,7.131141347126274
3001205,6.523306383695363
3001206,12.055828408695682
3001207,54.59753107928317
3001208,1.9435209608759405
3001209,70.00260854032788
3001210,141.60607603502527
3001211,2.2274016717060343
3001212,3.8715340518493844
3001213,137.80523426358815
3001214,56.42658568583568
3001215,1695.6915129274162
3001216,38.66677774879659
3001217,9.36083677369795
3001218,5.4204930829369244
3001219,0.45547368485598017
3001220,4.234188699521287
3001221,2311.5645050209973
3001222,0.007703937180112632
3001223,151.8975251604761
3001224,5.712284071495593
3001225,788.2298970067538
3001226,338.05823528878915
3001227,270.4143452170905
3001228,45.68476998437812
3001229,37.30999618193369
3001230,3001.846947010921
3001231,9.04200180892856
3001232,0.976285289707445
3001233,13.61718958174124
3001234,16.974504052478224
3001235,0.025402372057094877
3001236,168.81688975598067
3001237,4.257500906916773
3001238,132.90215876469654
3001239,10.866409104119871
3001240,26.69963082563913
3001241,4.107896895780301
3001242,116.93962714572301
3001243,168.96565902878064
3001244,1.0056441044784679
3001245,3.259186064151817
3001246,77.18574824546064
3001247,25.41134185778914
3001248,410.05617150862895
3001249,25.72167299894792
3001250,4.243031424336277
3001251,4.7849271613642905
3001252,0.02614103046870329
3001253,8.253238521152188
3001254,2591.5193868080146
3001255,0.028011769119182982
3001256,641.8934132545453
3001257,10.673125211620295
3001258,862.7259525224289
3001259,837.228639362879
3001260,232.43570059435905
3001261,159.43936492900565
3001262,100.7443682181993
3001263,3606.2334106562685
3001264,30.300131612860195
3001265,0.5129485695006302
3001266,23.606723685411946
3001267,53.9100648507273
3001268,0.14100833402402285
3001269,238.43539542705565
3001270,19.406276682572244
3001271,23.49861022430678
3001272,15.711101628296747
3001273,71.50265681165581
3001274,9.33458538030781
3001275,405.3594201168017
3001276,264.30984848325545
3001277,8.246969528106618
3001278,7.9053731126762825
3001279,435.86439918422633
3001280,114.53239412107668
3001281,3389.3474411385423
3001282,103.2382131297716
3001283,33.31823387674781
3001284,7.2546705302297525
3001285,0.08572804695258275
3001286,5.918648536672682
3001287,3205.030563075079
3001288,0.008093733692511422
3001289,421.37747990556227
3001290,5.23932490453363
3001291,1035.8740935115443
3001292,772.2432944977689
3001293,535.0731991755005
3001294,60.75214979428484
3001295,56.30218122631892
3001296,4462.071579139671
3001297,9.518780337809583
3001298,0.6785477726770082
3001299,18.54876111818828
3001300,18.90685967828027
3001301,0.025799014616170072
3001302,276.68369353966165
3001303,1.2581102013988223
3001304,13.266258039212634
3001305,12.347058302562083
3001306,41.754982703923815
3001307,1.2862026039389716
3001308,249.15392482552534
3001309,337.3486748107648
3001310,1.9819305417065287
3001311,5.285352920556495
3001312,206.7540630906085
3001313,54.74486150506448
3001314,1004.4256170501052
3001315,85.96601268183082
3001316,8.82520942638386
3001317,6.793617708262275
3001318,0.36904675529360814
3001319,5.534053159868545
3001320,2763.590841855402
3001321,0.00822899966838659
3001322,403.0858465343516
3001323,5.228254344896801
3001324,1017.7719881582311
3001325,660.1282775995012
3001326,270.65946193222857
3001327,249.8363818517624
3001328,74.57982527155717
3001329,3546.200265878416
3001330,12.75408201374481
3001331,0.5854243318990459
3001332,40.02743088228026
3001333,26.1344024883322
3001334,0.07811977195201451
3001335,276.8320853739763
3001336,2.1048416968566013
3001337,11.753744553125365
3001338,12.079864170601686
3001339,83.25535650112776
3001340,2.103572459499819
3001341,109.93338398446721
3001342,238.33945905486888
3001343,2.3388679367738723
3001344,6.404294364099701
3001345,137.4064689239759
3001346,126.1199685106563
3001347,1536.5855995689562
3001348,88.73312475380689
3001349,2.9590878958245073
3001350,2.759015936206918
3001351,0.010843501640936183
3001352,4.495269698213143
3001353,1769.0015434420675
3001354,0.006165606079247136
3001355,135.07146289667656
3001356,3.3966680894611114
3001357,764.7632239263216
3001358,322.8531253404433
3001359,156.97875979353847
3001360,56.327115861574455
3001361,41.93071903087526
3001362,2497.3942609598867
3001363,5.548105952125746
3001364,0.6690508700760904
3001365,29.661599336571573
3001366,24.329107594124274
3001367,0.02383702304769159
3001368,177.05072933787022
3001369,0.8115837214537632
3001370,134.66687848632313
3001371,6.1456650150667995
3001372,43.8024031985055
3001373,1.9440334956673997
3001374,108.99443178872463
3001375,160.45346604610424
3001376,0.8127605715155446
3001377,4.923491649195389
3001378,118.99828274948236
3001379,36.1754774500918
3001380,489.46125776425566
3001381,16.595796196694575
3001382,1.3600172846791254
3001383,2.620739621877024
3001384,0.01235961246189905
3001385,3.7339061612017916
3001386,1433.661637160434
3001387,0.3887128668846348
3001388,279.9987166198715
3001389,8.24158246047056
3001390,589.2365047208544
3001391,477.78374822872985
3001392,125.89676003007678
3001393,47.10631737433576
3001394,57.04550459245681
3001395,2277.760364047964
3001396,23.972788277157584
3001397,0.22898350714052756
3001398,20.128483465819325
3001399,20.57663056207708
3001400,0.02571996639160322
3001401,132.5898392963698
3001402,11.680411646597436
3001403,37.04067986038247
3001404,10.251760424355629
3001405,55.91278479314795
3001406,3.322607975360172
3001407,845.7834668154293
3001408,165.69225938645928
3001409,3.865427636659873
3001410,5.671174891527076
3001411,338.32140627300987
3001412,31.954674330234482
3001413,1656.0245524358154
3001414,92.8426744261582
3001415,3.4859302058932764
3001416,2.2719951322314325
3001417,0.022109335842990588
3001418,6.264515640230215
3001419,3392.003843115261
3001420,0.02141347269574149
3001421,753.5644819017938
3001422,11.688153818107903
3001423,1215.216541760431
3001424,1315.0439015791612
3001425,301.39123707577727
3001426,240.89625977687064
3001427,169.51738471234842
3001428,4153.9493327701175
3001429,25.23179139124034
3001430,0.8107499641003846
3001431,24.04407099941832
3001432,41.9048040869082
3001433,0.0394055482307312
3001434,281.7740679389615
3001435,5.928015474862594
3001436,50.77940740762167
3001437,15.717817971476203
3001438,84.74999836669903
3001439,14.030293341630438
3001440,417.0041931607366
3001441,293.71960395112535
3001442,18.587923803288756
3001443,8.273756737157072
3001444,542.160074908134
3001445,110.69969952314611
3001446,6043.951021865318
3001447,90.03498353213898
3001448,23.54448027374108
3001449,1.9921250960646895
3001450,0.005521478192506057
3001451,5.338323442979967
3001452,1806.209350323062
3001453,0.0029091150097591
3001454,381.56428735274113
3001455,4.262291704065461
3001456,420.4630954837337
3001457,570.5230884810297
3001458,148.5644170970095
3001459,104.07026575377316
3001460,73.43815243131286
3001461,1788.9718761359795
3001462,9.729721891413458
3001463,0.2784673409240253
3001464,19.026134047241168
3001465,19.464711937165212
3001466,0.06655606853154146
3001467,102.86084700620088
3001468,0.015590005929354025
3001469,35.35724666316616
3001470,11.210467029569717
3001471,127.87367708349737
3001472,4.509448666648631
3001473,199.8683187930286
3001474,109.29192760548067
3001475,3.1859351117460317
3001476,2.7712601338073983
3001477,162.548125968395
3001478,33.281672994784394
3001479,2504.48259799803
3001480,7.173615994116264
3001481,2.7180075885723474
3001482,3.581510208321638
3001483,0.034417335506675105
3001484,21.377911321582047
3001485,811.317383447853
3001486,0.029979133489195953
3001487,214.89079726691511
3001488,3.7593164475867633
3001489,283.61711221738284
3001490,259.75873445889727
3001491,82.88401854007289
3001492,32.4121121865566
3001493,24.353620451700067
3001494,1297.9717389994212
3001495,4.975514821592462
3001496,0.38852292458168747
3001497,17.18850865181211
3001498,14.744785318905201
3001499,0.10089566198862462
3001500,72.36180041916968
3001501,0.16970212352410213
3001502,10.31895712022797
3001503,119.5775623325849
3001504,28.410250108024222
3001505,0.3234602026627206
3001506,221.04434536722113
3001507,112.60298531851934
3001508,2.1266483652815604
3001509,0.5163113278336723
3001510,122.19030743179533
3001511,18.40600889661268
3001512,903.5026364585542
3001513,46.09344069677739
3001514,1.7312842658239598
3001515,3.988397287196416
3001516,0.7230861973211354
3001517,4.558362264164203
3001518,2781.8351800769346
3001519,0.03244785456956551
3001520,619.4802372790509
3001521,9.742797227800244
3001522,948.8628417329667
3001523,945.3295804388443
3001524,297.7477116317436
3001525,245.77561224003938
3001526,108.71959262405251
3001527,3570.8449794668386
3001528,25.654812699304998
3001529,2.6262253376463796
3001530,26.885547226793346
3001531,26.666690481880757
3001532,0.36678591833987456
3001533,224.29001144231063
3001534,3.990591159525143
3001535,42.36369049169629
3001536,13.718261100194358
3001537,93.10294885250822
3001538,3.899585898261607
3001539,266.6839355419817
3001540,249.8192014338688
3001541,9.88329539030925
3001542,9.462130520364084
3001543,371.4679952000448
3001544,78.62718872359618
3001545,4100.417671774545
3001546,64.90915804855813
3001547,18.71679354193171
3001548,6.453374159918305
3001549,0.031256529474908694
3001550,4.656237500181417
3001551,2908.5850221302644
3001552,0.026831889000943455
3001553,565.8844583603972
3001554,15.02856889175618
3001555,884.1798031989247
3001556,930.3722700893011
3001557,325.2298074784107
3001558,211.6796643833819
3001559,57.52528147154479
3001560,4147.702110962026
3001561,10.074310578113614
3001562,0.47231232553308866
3001563,33.609658757085846
3001564,18.56202053748297
3001565,0.4709196411227605
3001566,236.86046456567828
3001567,0.039704992876027835
3001568,17.735941505434596
3001569,9.065759192512406
3001570,40.212049946139615
3001571,0.7138040981255683
3001572,198.6844786430272
3001573,357.2608955893221
3001574,4.222135287846686
3001575,2.9481854525545828
3001576,172.6205503479461
3001577,64.81157689500805
3001578,1787.1329384100763
3001579,9.796462705697191
3001580,3.716446846392981
3001581,4.06485248481906
3001582,0.4272159505435496
3001583,5.087815997227089
3001584,2927.4484127743235
3001585,0.02482342132956526
3001586,647.8489018053538
3001587,9.327227891098202
3001588,870.6534339522264
3001589,737.4965116162982
3001590,265.36597730656496
3001591,160.18959130673235
3001592,55.722585824258815
3001593,3836.0698312692975
3001594,12.9985714587408
3001595,0.7814117831493519
3001596,25.27305240261913
3001597,22.653499432677762
3001598,0.11591861961740593
3001599,215.02915985594606
3001600,0.03767134560783311
3001601,15.476520377570454
3001602,11.593517932508973
3001603,72.50678365535066
3001604,1.3613721329927029
3001605,110.69945921618124
3001606,218.44481189488738
3001607,1.751528109557915
3001608,3.0914550240232685
3001609,150.01926930825732
3001610,68.7328574322432
3001611,1369.2244176451504
3001612,19.540552114884413
3001613,4.436920101204198
3001614,9.473322301893372
3001615,0.8502411640794807
3001616,11.866802302884036
3001617,7568.92779154864
3001618,0.032319302261690504
3001619,1255.4990030069619
3001620,31.86648857223861
3001621,1928.0541920804312
3001622,2062.143906177281
3001623,339.79022097560477
3001624,466.35822507187765
3001625,311.5285979969177
3001626,7785.617578604022
3001627,86.07650980900469
3001628,2.7033491586872915
3001629,66.87730585675581
3001630,48.11839238665367
3001631,0.2194349838022913
3001632,481.727646705592
3001633,39.32980783201745
3001634,79.52946811432854
3001635,30.91781079075669
3001636,187.01601750116646
3001637,27.44907870780641
3001638,648.7595925032864
3001639,536.7422074075148
3001640,15.357421593152043
3001641,23.44125758499716
3001642,1067.0533781174997
3001643,230.46610927763433
3001644,10000.0
3001645,8.25508176957748
3001646,76.23378240907394
3001647,2.9989870012606263
3001648,0.14813258650544808
3001649,8.606872173977905
3001650,2388.410922010715
3001651,0.01622694729288973
3001652,162.91635679546187
3001653,4.7876655003421895
3001654,631.122651204063
3001655,325.61619046343674
3001656,140.8270015663775
3001657,100.55930898140863
3001658,46.41955085662643
3001659,2442.1450535061476
3001660,3.9007465029675963
3001661,0.2500584002979086
3001662,12.837613883866679
3001663,16.49783836952952
3001664,0.08563877061211908
3001665,161.58099781211092
3001666,0.02894025981989518
3001667,132.682088066355
3001668,7.165484408721329
3001669,23.197623889033004
3001670,0.5867149520016122
3001671,59.32198461948922
3001672,110.76446639502751
3001673,1.9857315801928364
3001674,3.610494356414703
3001675,94.494685039678
3001676,20.917611546890903
3001677,724.0119053226928
3001678,86.48488946050176
3001679,3.749192965503697
3001680,6.82846699775178
3001681,0.1867785275956794
3001682,9.079914172006017
3001683,3048.005151695127
3001684,0.018665605110891995
3001685,517.9973938150915
3001686,7.56840668491336
3001687,984.7807257594264
3001688,722.1842047997139
3001689,213.15073692483656
3001690,234.37290289787595
3001691,81.22587525679879
3001692,4411.838142376138
3001693,9.451553170423338
3001694,0.675404152562548
3001695,21.976638563646027
3001696,19.664886882782223
3001697,0.089551465409991
3001698,249.0643346858279
3001699,0.7659062841808528
3001700,15.238101459745037
3001701,16.389886912070047
3001702,28.037952131960388
3001703,0.7943963250665811
3001704,286.7966676562168
3001705,233.91714966055028
3001706,3.635677517555795
3001707,4.505932984057622
3001708,108.61946963789877
3001709,58.750285958493095
3001710,1547.4897553239607
3001711,8.361496346726309
3001712,4.143137587101366
3001713,1.3190948035282584
3001714,0.014130313239642938
3001715,4.32120590985736
3001716,932.4011960155244
3001717,0.009779153366628672
3001718,126.23484136933286
3001719,1.4843571816794277
3001720,576.5292064802389
3001721,197.6176518537497
3001722,95.2905325339957
3001723,149.85091079683102
3001724,17.526494084297852
3001725,2086.4944648027463
3001726,1.5702398017797445
3001727,0.3375842022757762
3001728,15.059133261962264
3001729,10.349994606920127
3001730,0.15284903986150072
3001731,85.09267826498382
3001732,0.022421708350046064
3001733,126.57806862959644
3001734,10.35565619626049
3001735,21.836756192167694
3001736,0.27374701030432175
3001737,68.06597421706518
3001738,88.88151697567667
3001739,0.3987136966594397
3001740,1.0898783076862861
3001741,47.70519717362646
3001742,11.876467963941334
3001743,245.3886767783317
3001744,89.91256619284644
3001745,0.9792524414569201
3001746,6.676998094546335
3001747,0.017710372883916217
3001748,4.229827869792988
3001749,2156.7155632107138
3001750,0.013343852645805123
3001751,209.99867355749814
3001752,8.74714228151762
3001753,903.1116537763763
3001754,555.8802506370582
3001755,194.68097161256043
3001756,118.03429683057317
3001757,43.9613942599407
3001758,2839.0507515992294
3001759,2.090330299342916
3001760,0.43790565607323445
3001761,26.22210824021191
3001762,22.803957182218397
3001763,0.031365436167166916
3001764,200.29387472869354
3001765,0.026201832066472194
3001766,125.81934618308807
3001767,18.012101746741642
3001768,54.48323916019357
3001769,0.7483914991100504
3001770,262.3940981050622
3001771,185.16498477512368
3001772,1.7030516866951986
3001773,3.7763866353884734
3001774,208.5407577018068
3001775,39.302195738019776
3001776,1467.6583559667465
3001777,104.41081158432405
3001778,0.5264937712552719
3001779,3.5283608541988842
3001780,0.27792772815497213
3001781,3.8968481463035216
3001782,2067.8345689331545
3001783,0.035774973216357
3001784,625.1443326166188
3001785,8.602528363729029
3001786,890.2435278532517
3001787,743.5174323140542
3001788,224.68104253792396
3001789,101.34034113290993
3001790,63.920482182868035
3001791,3805.8565052001
3001792,6.059487718943806
3001793,1.1255377119275047
3001794,35.23739407891455
3001795,44.05864272695594
3001796,0.2117827246500602
3001797,203.18800132662986
3001798,2.2915452829975864
3001799,12.404550471396504
3001800,9.923775345100955
3001801,32.455845742921895
3001802,2.1457683406855184
3001803,171.59650352839554
3001804,270.8368157412045
3001805,3.3260680923224637
3001806,4.606513112398279
3001807,134.83053865433965
3001808,25.168333817017597
3001809,763.4503872422436
3001810,14.921470779569976
3001811,3.5391291478337923
3001812,2.7028592069818216
3001813,0.01443595236707759
3001814,4.763965613843121
3001815,1240.3635367563718
3001816,0.010409213036066237
3001817,96.87088910387544
3001818,1.1054738438534912
3001819,433.03949609747235
3001820,188.83246574725302
3001821,89.92180121589672
3001822,138.55261518154703
3001823,41.99168167218869
3001824,1803.6379316670595
3001825,3.3761447364895583
3001826,0.40828826093440007
3001827,14.397841625220753
3001828,13.16571662213048
3001829,0.17860601863308673
3001830,87.5862852272538
3001831,0.02324036171398154
3001832,115.00110428789253
3001833,51.40461914156104
3001834,60.35433122604916
3001835,0.4076676868986475
3001836,155.80262955417027
3001837,87.77697493814026
3001838,0.5144277528240943
3001839,1.1186222993199495
3001840,27.60827147195361
3001841,18.363724599066103
3001842,382.42656407236996
3001843,77.04049886320573
3001844,0.8504323541200323
3001845,2.9946153608485626
3001846,0.08910317661914849
3001847,3.6861469652247907
3001848,3516.899804893505
3001849,0.013902557045169793
3001850,534.8580853299368
3001851,5.833448707074904
3001852,821.669902630861
3001853,644.4475521371248
3001854,199.70856362641567
3001855,98.38679904814884
3001856,52.95034600178546
3001857,3847.4507831367373
3001858,5.379081946920157
3001859,0.24645193371088742
3001860,26.315794977417262
3001861,16.61648185081658
3001862,0.03205347952207783
3001863,201.96483057914983
3001864,0.027663464514195258
3001865,27.96872589576418
3001866,12.27801863107588
3001867,56.4796533184572
3001868,1.1966681081901418
3001869,210.06596901571305
3001870,216.5841459924245
3001871,3.806583926890438
3001872,3.917651894341712
3001873,110.68677006634142
3001874,52.3157707991175
3001875,1573.260883219353
3001876,14.222711292071763
3001877,0.5138698702139285
3001878,3.78678776815267
3001879,0.021593984330951208
3001880,7.991461607285466
3001881,2902.2746111800852
3001882,0.02149253305789695
3001883,532.3948438240938
3001884,6.144912549716731
3001885,1030.4013558768436
3001886,931.1187426197632
3001887,167.95324615673337
3001888,130.66839660806042
3001889,122.80472106513649
3001890,3815.6171430231957
3001891,53.184425885824794
3001892,1.1693423401102712
3001893,32.109741556532654
3001894,30.459201623453012
3001895,0.1158155341157208
3001896,268.48610260713144
3001897,20.07870845371511
3001898,35.485592601053085
3001899,9.099062253834514
3001900,101.66061438244887
3001901,8.946972527208917
3001902,236.73334050874752
3001903,293.18389083589966
3001904,11.511628617589006
3001905,18.404956355957165
3001906,266.25702841422077
3001907,76.62141533212011
3001908,3748.585342414064
3001909,91.86168534584064
3001910,13.4401542955803
3001911,5.702964133867718
3001912,0.020451856126961956
3001913,7.146396392729194
3001914,2369.157874062732
3001915,0.016901367342849933
3001916,476.9724128670845
3001917,9.656941880451079
3001918,955.1781422627813
3001919,859.2300168302413
3001920,137.29987068956612
3001921,86.29872866528062
3001922,137.2546315361209
3001923,3507.732561825664
3001924,22.45211148089095
3001925,0.9119392780122956
3001926,43.95551431563543
3001927,32.18856571401756
3001928,0.09711593592262883
3001929,293.7824803567116
3001930,19.867773155103805
3001931,28.37291696182586
3001932,16.745608763773742
3001933,77.96370079657922
3001934,8.590238834653382
3001935,163.9441697938435
3001936,375.5399485680946
3001937,8.187515005579263
3001938,10.751252560686368
3001939,125.32396452376634
3001940,67.91317706335869
3001941,3215.541352065105
3001942,47.95632755284893
3001943,11.98296545935079
3001944,6.118434196559864
3001945,0.20871579794513656
3001946,4.977394992650456
3001947,2835.6375839112334
3001948,0.016323434480454712
3001949,663.123847593293
3001950,6.402550583618275
3001951,1195.689137810124
3001952,660.533499032081
3001953,208.68015403549393
3001954,260.4419054780408
3001955,59.92179328835349
3001956,5344.089035620133
3001957,26.899096036028592
3001958,1.452375311532588
3001959,32.864445459344935
3001960,25.538695141810045
3001961,0.09899312715536028
3001962,319.7312648022477
3001963,3.312252309014569
3001964,21.905020448189624
3001965,14.846419637990998
3001966,59.4601116367258
3001967,5.294322875920037
3001968,151.64527893534557
3001969,310.46209149752076
3001970,5.883517378263693
3001971,6.385915308990548
3001972,181.16814262915668
3001973,52.71869590156478
3001974,2035.8525625808181
3001975,19.336447795853065
3001976,12.62999078190927
3001977,3.3645767044895294
3001978,0.2929343625771497
3001979,6.620116198664581
3001980,2149.015591840775
3001981,0.11949195814813839
3001982,347.33887357680214
3001983,6.227905101915695
3001984,760.7951473215282
3001985,695.3672441850721
3001986,190.63460242498178
3001987,124.05202649920477
3001988,83.39637377017631
3001989,2950.3199409077138
3001990,22.93192775885126
3001991,0.9162290380820227
3001992,23.09489864396764
3001993,16.1597062622347
3001994,0.09732144485173602
3001995,206.3126402280264
3001996,16.553387662195707
3001997,31.650317612478272
3001998,10.421942694165931
3001999,67.74878189191871
3002000,7.5773419741106185
3002001,302.7143606646282
3002002,237.4102179772269
3002003,4.962847512069046
3002004,7.377446843727754
3002005,352.768397038656
3002006,51.475228339837145
3002007,3336.4978078946033
3002008,93.89429333753247
3002009,19.167047762900225
3002010,3.4887789998768155
3002011,0.10375164427786862
3002012,4.606968476859502
3002013,5322.433450086538
3002014,0.011689544499365415
3002015,433.0271019834371
3002016,7.249580446589555
3002017,1749.975866282761
3002018,890.8994615087673
3002019,283.11541125600183
3002020,167.91316966470512
3002021,64.64491405305432
3002022,5304.8448656385735
3002023,8.13209664172898
3002024,1.3716068319527892
3002025,29.37364798055025
3002026,29.12187271921811
3002027,0.0819983297861138
3002028,313.3285546009917
3002029,0.02541897230626662
3002030,128.8228261012231
3002031,14.12078262803338
3002032,38.742116077690994
3002033,1.7893790473252849
3002034,131.66698909439594
3002035,293.75117334740105
3002036,3.2464771080757098
3002037,7.820938689954275
3002038,148.93293890806953
3002039,56.35853090961415
3002040,1422.3565476086799
3002041,115.53295117289328
3002042,3.6828916940327865
3002043,6.419177288686065
3002044,0.016904095195287717
3002045,8.102538243816742
3002046,2111.2233196076027
3002047,0.012622059639710581
3002048,466.13631071635547
3002049,7.5763119083860495
3002050,896.3826075439266
3002051,718.8364810454873
3002052,211.8643963212523
3002053,121.84224481242126
3002054,100.8807990529478
3002055,3655.21782792323
3002056,27.059197160676558
3002057,1.002244669028492
3002058,27.904082835210474
3002059,33.024903052217034
3002060,0.09781654356748337
3002061,237.29716544695356
3002062,14.344040742195451
3002063,27.402844393163246
3002064,15.028868683650932
3002065,55.468533807141085
3002066,9.681791772588568
3002067,188.07010998658706
3002068,311.0798548772695
3002069,12.67523887585325
3002070,6.71902992005458
3002071,177.3330963305101
3002072,70.70084613255021
3002073,2789.0057861605624
3002074,13.73659215485484
3002075,6.771447177791231
3002076,2.78998687187657
3002077,0.009915397284155325
3002078,6.639255376116454
3002079,2266.3102186026076
3002080,0.005278781706401598
3002081,445.3229297168648
3002082,9.014256020970096
3002083,721.5815422379056
3002084,785.6709282807966
3002085,162.70800056038132
3002086,113.22421276931053
3002087,102.03159435693183
3002088,2880.187755315333
3002089,28.016390244657867
3002090,0.6681068963745036
3002091,29.12406969523992
3002092,38.25976236634069
3002093,0.07877855997683594
3002094,210.73713190789894
3002095,12.485393621967319
3002096,46.20229298550184
3002097,13.51229425481469
3002098,61.92143841916174
3002099,8.778332818608598
3002100,218.19600652007017
3002101,241.4524748600335
3002102,9.936897577476671
3002103,10.651591808857216
3002104,223.77730776068879
3002105,53.45479794912597
3002106,3349.227718732824
3002107,10.24194900836074
3002108,10.058606857717962
3002109,3.402346674360925
3002110,0.008230065199982936
3002111,5.5535270978462385
3002112,4328.286763940793
3002113,0.003601187138674867
3002114,531.468295848824
3002115,10.38458635111479
3002116,1064.8858833719894
3002117,692.9517505265921
3002118,278.1585522569144
3002119,152.48989771697077
3002120,48.708079034571995
3002121,4132.388042482848
3002122,8.362301945702146
3002123,0.47062940733970293
3002124,19.065792178119043
3002125,23.872434297381403
3002126,0.020578047338960098
3002127,239.40929590061327
3002128,0.01623684503362183
3002129,16.349175516968316
3002130,14.579166586126771
3002131,55.78508151519313
3002132,2.656697538960331
3002133,198.18890771152036
3002134,271.4517870820491
3002135,2.922635608253602
3002136,2.758776168464827
3002137,219.26940022723352
3002138,99.47521402447404
3002139,1485.1135488395428
3002140,8.685744495084736
3002141,0.08336469928084192
3002142,13.89317815373672
3002143,0.017754581525903763
3002144,14.011888626537761
3002145,8332.751992481277
3002146,0.102796092030556
3002147,1458.838170492906
3002148,34.26248156536617
3002149,2426.193132498954
3002150,2342.717479925469
3002151,495.73728396705104
3002152,560.397526058503
3002153,389.7454073971195
3002154,8849.490044420154
3002155,103.43178269736143
3002156,3.2714426371191228
3002157,116.72822930014523
3002158,142.5283990077708
3002159,0.4741620568769652
3002160,610.9349595236577
3002161,35.96886141232521
3002162,34.43360200252163
3002163,53.17723276493635
3002164,293.1851955885442
3002165,21.30449464700952
3002166,761.9464315236701
3002167,546.9443101066092
3002168,29.329452441776606
3002169,35.1761011149388
3002170,1069.3930267685553
3002171,329.5877912605413
3002172,10000.0
3002173,351.68605187649405
3002174,80.43408833273615
3002175,12.6656367525699
3002176,0.01834261998648794
3002177,11.54693295626354
3002178,7931.931571805055
3002179,0.020371531425383504
3002180,1168.3471790305944
3002181,27.47776925943023
3002182,2365.4780765825008
3002183,2035.7054951880937
3002184,624.7175370250327
3002185,343.81134745737387
3002186,268.68520883997274
3002187,9925.91007171361
3002188,110.03407013072096
3002189,0.6213727898185895
3002190,76.06164742094633
3002191,88.35274211434393
3002192,0.4279170074156192
3002193,601.9005291162914
3002194,22.583712112977835
3002195,48.437075616901566
3002196,17.031475773866493
3002197,201.8012816703161
3002198,14.683895889975812
3002199,884.0882353345189
3002200,774.1914727279373
3002201,21.29811582420798
3002202,26.47837216360616
3002203,1107.845106490561
3002204,232.78076411575114
3002205,8514.753862880661
3002206,559.9261406139796
3002207,76.67631664935371
3002208,10.618435049592094
3002209,0.014187381093128539
3002210,15.45746051986314
3002211,4827.153028327474
3002212,0.2836873294484337
3002213,842.5459743916542
3002214,11.826861248932136
3002215,1851.3319084561033
3002216,1308.6186946353446
3002217,671.4603262898966
3002218,117.4294778018108
3002219,219.66007115581485
3002220,7688.809209591729
3002221,39.15348488061518
3002222,1.2566723487534142
3002223,48.47024311211672
3002224,30.810887971697078
3002225,0.44790048561921425
3002226,534.196590505975
3002227,24.549149241801317
3002228,31.27973828166676
3002229,13.342438405246304
3002230,105.34541993554554
3002231,11.419458507269912
3002232,927.0613985019909
3002233,676.4045606781143
3002234,19.847409296831778
3002235,44.05871363085284
3002236,632.17385289637
3002237,127.64660038948415
3002238,3404.285702759609
3002239,338.05984021641706
3002240,40.38540225303979
3002241,9.38229715027659
3002242,0.017649613586411702
3002243,19.91483252359828
3002244,7425.145697010776
3002245,0.10424369654172778
3002246,1070.3470013039264
3002247,24.237253110743577
3002248,2088.3490811272263
3002249,1977.2456621975564
3002250,554.468835857722
3002251,311.2051796490143
3002252,233.36758423991097
3002253,9247.034371360252
3002254,44.898177180674296
3002255,0.792029103679809
3002256,83.60896077547042
3002257,64.16002359821356
3002258,0.6238000609334361
3002259,549.5059967968375
3002260,24.739462670403483
3002261,36.93309447829672
3002262,28.84896276826236
3002263,183.49244343758033
3002264,13.085008878338646
3002265,744.0450295101438
3002266,668.0162569715551
3002267,18.394126711973605
3002268,28.980554593879468
3002269,920.646370226802
3002270,223.16945751324306
3002271,7779.478811529658
3002272,432.2506552546437
3002273,60.66974811410507
3002274,8.164588298801567
3002275,0.011844438308978817
3002276,15.356740289433805
3002277,3550.8199990276535
3002278,0.011451442818092489
3002279,680.2366463943717
3002280,16.044631090547124
3002281,1603.5558598092953
3002282,1020.5191778146777
3002283,516.472807251926
3002284,90.40903193969912
3002285,143.91516460613332
3002286,6439.463150483412
3002287,27.667327548060403
3002288,0.12135698752810847
3002289,39.71265433158601
3002290,33.23242408929707
3002291,0.25335422151786463
3002292,470.1321157734406
3002293,29.519520897124394
3002294,21.381922448356555
3002295,42.92246829875909
3002296,88.90673916374091
3002297,4.51232233463225
3002298,642.7058695134696
3002299,658.2673040190034
3002300,12.901699977649372
3002301,20.824970206478962
3002302,651.085596698
3002303,78.52677436953788
3002304,2310.6168795745734
3002305,356.6628965503502
3002306,19.297283870739975
3002307,8.859969209978715
3002308,0.018903594461315756
3002309,16.246762505483098
3002310,6169.408511608641
3002311,0.019196979404554372
3002312,1204.7310839977745
3002313,24.567806517377704
3002314,1959.680120788437
3002315,2122.072110892051
3002316,413.88970012648855
3002317,457.8276216291437
3002318,323.867155898274
3002319,7791.4563704522025
3002320,78.8130952226155
3002321,1.1031308064734062
3002322,57.11050597209461
3002323,57.2556738988051
3002324,0.782193708265476
3002325,455.39044984699905
3002326,12.093107865376641
3002327,38.08826515375329
3002328,18.141674140358464
3002329,199.45482311617258
3002330,18.233689809890496
3002331,668.081264889638
3002332,544.7804322479742
3002333,13.690621673587525
3002334,27.2986423624588
3002335,904.3030145810235
3002336,227.34557643303674
3002337,9969.45415553777
3002338,315.3225593064052
3002339,64.48630185383287
3002340,4.458045609794336
3002341,0.023118143755309548
3002342,5.949340261300554
3002343,1852.6816797490312
3002344,0.12150540257784546
3002345,359.1337395495494
3002346,20.448051268141697
3002347,858.0472693690167
3002348,583.2547948259523
3002349,233.21549722899545
3002350,83.09243594897808
3002351,75.06562290163858
3002352,3003.426893077669
3002353,18.73095504745484
3002354,0.8999213295454804
3002355,35.213038030440096
3002356,26.015809743451957
3002357,0.04709164330874065
3002358,202.0055217740727
3002359,13.022138761793379
3002360,15.139145820181236
3002361,17.93071370631391
3002362,53.09198615031923
3002363,8.563810319187617
3002364,220.58919420585977
3002365,254.7544932618389
3002366,3.085577690522518
3002367,7.635540603555353
3002368,229.35352332182964
3002369,56.66333319484845
3002370,2194.9110306909747
3002371,12.132430323638273
3002372,10.660391672935289
3002373,8.991776561040156
3002374,0.016353148177588584
3002375,12.544263530921862
3002376,4016.852576110175
3002377,0.01651859115362541
3002378,564.7403947342415
3002379,31.34882588083741
3002380,1459.5964357824166
3002381,1068.5559265771956
3002382,454.75711194098653
3002383,100.8966587388829
3002384,131.92889542004295
3002385,6221.537961271355
3002386,63.76207164015128
3002387,1.6192343557770252
3002388,55.71505915462774
3002389,30.48586596020096
3002390,0.2850211302764428
3002391,361.63280768889
3002392,12.10235586749424
3002393,19.64664111079365
3002394,8.798605376198674
3002395,127.56571435391653
3002396,8.029680775605765
3002397,540.1712616605079
3002398,474.57383643441585
3002399,8.153724021419016
3002400,20.979306576563157
3002401,382.62794985015705
3002402,77.97284360217851
3002403,2853.17971635549
3002404,425.77214007220175
3002405,14.692675386447815
3002406,6.153322149891326
3002407,0.019093750719930462
3002408,7.116947203172024
3002409,4411.490588992998
3002410,0.1050390046214877
3002411,920.7219434246078
3002412,14.952132191965802
3002413,1596.246023619479
3002414,1764.9771060765706
3002415,261.1830660042972
3002416,373.56633383181963
3002417,236.86247438279386
3002418,5504.7724670452435
3002419,48.39873046955658
3002420,1.2053393889395954
3002421,38.1952713170355
3002422,36.41949750897195
3002423,0.12597979805632453
3002424,336.96677056967303
3002425,2.62956138993272
3002426,57.20547931318596
3002427,11.349501496283189
3002428,130.14466852556913
3002429,12.111309432186765
3002430,608.8924458847725
3002431,317.4922122134667
3002432,20.292152848371458
3002433,12.557228119645352
3002434,741.6332405636726
3002435,125.66659786433043
3002436,8694.66580783945
3002437,18.762357312471636
3002438,48.952929651747155
3002439,6.354492235878775
3002440,0.0
3002441,8.497830995583994
3002442,4152.712391760709
3002443,0.0
3002444,850.3354568696311
3002445,14.023415868237846
3002446,1676.276941543711
3002447,1219.687654575177
3002448,331.5083612912236
3002449,226.49698135027842
3002450,274.5274350019181
3002451,5635.442971973571
3002452,29.284584348122543
3002453,1.5651693572879242
3002454,50.23139391700738
3002455,47.01151174983996
3002456,0.2600825936312043
3002457,327.9644941058956
3002458,4.452256676678541
3002459,57.0725453269648
3002460,10.26054422895126
3002461,214.74240360003083
3002462,11.257005512231483
3002463,434.6101394677353
3002464,354.03256791309605
3002465,9.316047865173866
3002466,27.46897813115692
3002467,456.508601877884
3002468,134.10472420888743
3002469,7233.0070939044235
3002470,33.07797024892649
3002471,5.609921591744072
3002472,8.27300814945585
3002473,0.12776665999090772
3002474,6.118729856759012
3002475,2095.403216958763
3002476,0.0009610324022175565
3002477,458.00806181344177
3002478,5.093623446149447
3002479,981.9268372591234
3002480,535.5994668389072
3002481,233.0642653652636
3002482,93.390424511291
3002483,104.4910722035299
3002484,2985.7113825333536
3002485,13.960182914815162
3002486,1.2937710739844699
3002487,29.936745640664135
3002488,26.52250972076338
3002489,0.01354694789536382
3002490,208.09785178534625
3002491,5.679823386078551
3002492,20.023211495387613
3002493,10.443026685048515
3002494,53.846801549350594
3002495,3.6607625195311533
3002496,247.9642626367323
3002497,230.98678724229813
3002498,3.6121228188182513
3002499,4.319668426284334
3002500,167.38364900406006
3002501,85.4770051368026
3002502,2812.3524395896147
3002503,85.83317654189375
3002504,2.844247202780941
3002505,5.410455913053914
3002506,0.003825324973643281
3002507,11.044450949727537
3002508,2739.3682617658737
3002509,0.0
3002510,220.31174096036892
3002511,3.5129873142393095
3002512,942.6332750717066
3002513,250.7525694478529
3002514,203.63363185222107
3002515,55.54530447776429
3002516,27.585579595573762
3002517,3373.968214585157
3002518,7.385916036767031
3002519,0.5276017163148592
3002520,21.730401964658533
3002521,17.393068970880503
3002522,0.06522337301866127
3002523,185.92604011470252
3002524,0.007777892761646159
3002525,106.93995281720137
3002526,8.131306849270377
3002527,49.07921415195933
3002528,1.3738674698233513
3002529,44.85860546581609
3002530,164.5801767309158
3002531,0.02937328519825907
3002532,2.083065877915004
3002533,45.4673437241684
3002534,80.87146296998876
3002535,687.5517816898116
3002536,82.2517150801556
3002537,1.6312202506180924
3002538,5.57964743189878
3002539,0.023509740247958995
3002540,9.035337206024463
3002541,3092.0405467747605
3002542,0.024875136274042663
3002543,537.5246208153818
3002544,11.86457390868491
3002545,1219.3646947763752
3002546,942.3243416095455
3002547,341.0412508101665
3002548,170.58734888330378
3002549,130.09264303731305
3002550,4564.721417093673
3002551,33.72623747764609
3002552,0.6000750902855787
3002553,28.018662188593133
3002554,43.86109041785127
3002555,0.047385298923623434
3002556,284.63974595230604
3002557,18.68097537521116
3002558,25.48666608743647
3002559,15.88524037579026
3002560,68.86929706354037
3002561,6.059986025606719
3002562,428.54440831051954
3002563,343.03447262990505
3002564,9.681174407806907
3002565,13.235222104216314
3002566,449.3185842077091
3002567,94.95508968430968
3002568,3617.1720697171545
3002569,93.59436841262666
3002570,36.662227350235675
3002571,4.753588887729681
3002572,0.023745502311281478
3002573,7.922274278952998
3002574,4399.654668550104
3002575,0.33111807736494175
3002576,672.387030125054
3002577,17.184617748915763
3002578,1244.5860950592787
3002579,1488.078419829615
3002580,209.5469366272178
3002581,302.64056638246444
3002582,222.4138571072185
3002583,4202.026640465262
3002584,45.0114836905131
3002585,2.747819225800299
3002586,32.283654402845514
3002587,39.99632461058586
3002588,0.9292939466474772
3002589,282.84634445138715
3002590,15.136349646831054
3002591,55.63139282316088
3002592,17.20417033484588
3002593,137.1219176528412
3002594,15.579657283659959
3002595,467.8929652409684
3002596,293.5321539676168
3002597,6.867006053302948
3002598,14.512360985800113
3002599,658.3740105006863
3002600,143.45229648231043
3002601,7478.3280908857405
3002602,9.128887136724902
3002603,48.76204061028048
3002604,4.733242298187538
3002605,0.5379188925338846
3002606,11.089132569009411
3002607,4282.510473979643
3002608,0.029001709876168878
3002609,828.8546987308257
3002610,18.75688011811201
3002611,1340.9658660646762
3002612,1486.0809513507775
3002613,277.82147028457604
3002614,317.76353525531323
3002615,166.00553376892748
3002616,4670.91219532293
3002617,30.74046252442767
3002618,1.3799105916264582
3002619,47.482845793712904
3002620,54.36554639976761
3002621,0.11093380376538281
3002622,349.85501731185104
3002623,31.814715602437275
3002624,51.72832019456296
3002625,20.99445892533298
3002626,136.0244217639697
3002627,17.651007121047595
3002628,401.04793189133864
3002629,339.8804022009967
3002630,17.336642023003193
3002631,21.34783524212175
3002632,532.9679518409963
3002633,150.05746563480133
3002634,6458.0252260577945
3002635,11.463630417957193
3002636,37.06897240672516
3002637,11.043590577990852
3002638,0.2512612702932855
3002639,8.087650998859795
3002640,3003.502291437414
3002641,0.01970192368584835
3002642,455.77480951661767
3002643,12.963052083573945
3002644,1381.2779910990248
3002645,810.8087653278571
3002646,477.28963922780645
3002647,177.6323977863845
3002648,102.4264408249247
3002649,6199.591480308474
3002650,6.76945528660592
3002651,0.9400106398815441
3002652,50.52484087187457
3002653,46.65265405726595
3002654,0.11479222127433401
3002655,384.83696683209666
3002656,8.315651372041707
3002657,13.92742709083664
3002658,13.906682588841218
3002659,41.66668729204498
3002660,5.249421294078473
3002661,329.6189000259345
3002662,449.2564005934698
3002663,6.668709628015576
3002664,6.325403658258689
3002665,345.4116759364372
3002666,108.73289272751143
3002667,1704.39807813758
3002668,145.44078139617693
3002669,14.511239809869863
3002670,3.5428748758998716
3002671,0.35465525855277286
3002672,4.393374631749091
3002673,2128.65709258741
3002674,0.592464814455298
3002675,358.43452516048546
3002676,14.693644811075258
3002677,695.4174096969069
3002678,704.4180957768058
3002679,128.69518887629997
3002680,128.22529422102593
3002681,127.06205395831988
3002682,2513.1737619672904
3002683,21.83610251357917
3002684,1.1827721244463232
3002685,22.2372954857179
3002686,28.069917875417364
3002687,0.5282354470142746
3002688,176.7518319256349
3002689,13.309127308546557
3002690,13.44523035237853
3002691,5.525250714952058
3002692,106.70085866578435
3002693,5.025467871016291
3002694,253.4315701173952
3002695,166.96892930450895
3002696,4.432823559403008
3002697,10.463602039045313
3002698,271.1499299224299
3002699,65.93078009796653
3002700,2273.5696385258193
3002701,44.74095680352193
3002702,23.911908115415997
3002703,1.770970031972797
3002704,0.3063577057974575
3002705,2.1984487766568446
3002706,1333.582226101011
3002707,0.49398405333140616
3002708,81.21434887714904
3002709,3.098997751595631
3002710,636.5213494817411
3002711,263.51676703120677
3002712,190.59597843170536
3002713,22.067885395726965
3002714,28.870269910765806
3002715,2412.6656742953755
3002716,2.919696295817915
3002717,0.6746654799119784
3002718,8.154392800436499
3002719,4.855887727508965
3002720,0.21707956873485554
3002721,140.00493173678692
3002722,2.578423591572408
3002723,58.962660262343135
3002724,2.2001056389618148
3002725,9.895594294694863
3002726,0.7592361350467584
3002727,227.6595216119361
3002728,149.5018865550502
3002729,0.6328524161925713
3002730,2.6433559759381104
3002731,116.39883636324791
3002732,25.083067269312266
3002733,202.8322449354808
3002734,10.916570107758544
3002735,1.0073521725575736
3002736,6.106478945818467
3002737,0.29122447255244427
3002738,6.379940086744766
3002739,3791.4814341014567
3002740,0.4935168246500483
3002741,706.6051954580464
3002742,12.207268768063038
3002743,1632.2831175557583
3002744,562.9557486715532
3002745,421.563453812175
3002746,154.97256441651555
3002747,61.78667195813991
3002748,6504.619448698377
3002749,22.29148601465769
3002750,0.4369781449974657
3002751,22.506611958566058
3002752,24.30630864695132
3002753,0.2762416285829576
3002754,412.4189360964101
3002755,7.048343505026431
3002756,4.084594713592416
3002757,8.684962308348457
3002758,42.460124404424505
3002759,1.228681278787593
3002760,806.7243616742526
3002761,338.3135556221818
3002762,1.8168171491234983
3002763,10.553178366747016
3002764,291.48381338339016
3002765,110.71823020906535
3002766,1269.7645557865048
3002767,21.712255137839048
3002768,4.826786326354069
3002769,4.914952928444958
3002770,0.27601613333779734
3002771,1.0839517015049052
3002772,1453.123852013071
3002773,0.46363492271315976
3002774,155.27819040392302
3002775,6.408599518414251
3002776,724.4080523702224
3002777,388.0064952518455
3002778,191.55340195883656
3002779,72.22863189098129
3002780,33.9722799238872
3002781,2552.899858023847
3002782,6.697942704709787
3002783,0.4827173250702583
3002784,12.904934532787424
3002785,20.195213482600067
3002786,0.21838149665047882
3002787,155.38070605139504
3002788,4.836188093514472
3002789,56.32659267268134
3002790,9.882244463544845
3002791,45.49145584985431
3002792,1.2952319164235067
3002793,193.58455158143317
3002794,164.878581239991
3002795,1.294155328199573
3002796,5.272023408829
3002797,151.3776537304101
3002798,34.92201346729039
3002799,339.02480768893605
3002800,7.4017890651800755
3002801,3.0268622116891697
3002802,3.1834846832005304
3002803,0.2702877654750741
3002804,2.590202710549975
3002805,1272.082840398852
3002806,0.452845503657281
3002807,98.46185075223617
3002808,5.83023720743458
3002809,664.6317048696963
3002810,236.11855794355415
3002811,122.90876245448887
3002812,35.39049027444061
3002813,27.86698272180384
3002814,2403.749325799147
3002815,6.777158608629511
3002816,0.2907346855061389
3002817,14.437669198021538
3002818,7.808594290117343
3002819,0.17833525481295073
3002820,121.51720610932604
3002821,1.4880068240874862
3002822,51.565828363527885
3002823,2.878896630520106
3002824,29.801986525393055
3002825,0.7219308730440702
3002826,177.37910570377264
3002827,163.44158879391978
3002828,0.3355051075762844
3002829,4.428332660933124
3002830,86.1994355871715
3002831,22.712517547268575
3002832,172.46703146625174
3002833,2.8418462900471613
3002834,1.3787498649602976
3002835,2.4034238142700945
3002836,0.26877375045903923
3002837,2.956378682717718
3002838,1368.3051510845976
3002839,0.44975168063862575
3002840,152.64234806971774
3002841,6.989361544830192
3002842,833.0873076479484
3002843,365.8108451544011
3002844,227.0696755672097
3002845,25.709675899861026
3002846,37.45472540421317
3002847,2613.9609588812814
3002848,5.338674628708368
3002849,0.41427914185777615
3002850,13.379346458243152
3002851,18.37625010234525
3002852,0.2283083984281836
3002853,184.35194582180526
3002854,1.0388818228903494
3002855,54.15480298635676
3002856,3.3509553394551466
3002857,11.809364943412172
3002858,2.0183855753601785
3002859,323.0804158750496
3002860,220.81881167737075
3002861,0.3459704064562735
3002862,3.589932214477516
3002863,84.4673824733371
3002864,95.09453514232206
3002865,349.21085616378036
3002866,8.536118152002222
3002867,3.9107724115498
3002868,2.65216903133946
3002869,0.5838021632099233
3002870,4.167583243870906
3002871,1627.7798892470817
3002872,0.4592112817578581
3002873,160.8881630671873
3002874,4.290668983245123
3002875,885.4749884774916
3002876,340.79215328653504
3002877,239.88993749016967
3002878,95.48940767447222
3002879,69.28650956974768
3002880,2845.8459582072446
3002881,5.815885033374766
3002882,1.8451478937445698
3002883,14.293363536809016
3002884,17.073121675189384
3002885,0.18789437819014929
3002886,207.30662937308188
3002887,8.328049913852036
3002888,56.14784733483581
3002889,4.452347058220437
3002890,23.752331470793038
3002891,0.8744205091090478
3002892,158.3878474911402
3002893,177.48039528130118
3002894,0.6608080583546387
3002895,4.579409145668691
3002896,107.65831594332762
3002897,42.43102641919853
3002898,557.6156738344173
3002899,11.849697288141654
3002900,4.896317670607058
3002901,3.2033963755629498
3002902,0.3186644984760357
3002903,1.7858904480717666
3002904,1195.7187371945213
3002905,0.43955278614841287
3002906,118.35297523452705
3002907,5.160300980264822
3002908,591.01126691837
3002909,203.07992149251987
3002910,128.37188815319186
3002911,108.81832319948244
3002912,23.645186252101315
3002913,1714.4199823352571
3002914,4.381788869659514
3002915,0.35110469502089287
3002916,10.11506268524772
3002917,9.83391227676176
3002918,0.1704220862413901
3002919,134.59888959086786
3002920,0.3619455950853445
3002921,55.46629919893304
3002922,3.176858777289998
3002923,23.271300200459926
3002924,0.7614651715948401
3002925,53.38442292765281
3002926,113.79306189823288
3002927,0.43614447828191205
3002928,2.7693459846132553
3002929,56.32281941128507
3002930,26.35465168157981
3002931,382.17714993887625
3002932,34.78810692253111
3002933,0.7067214227041665
3002934,5.675682021882228
3002935,0.2964294640852147
3002936,4.130774044287812
3002937,2569.89183753716
3002938,0.4848538833359659
3002939,263.8708680353463
3002940,4.819953071707753
3002941,885.1082806633417
3002942,616.4639631414342
3002943,405.87334962912286
3002944,153.61580662250918
3002945,74.8714277094428
3002946,3631.752339379505
3002947,12.028774007382154
3002948,0.7716623642604594
3002949,16.975959685962664
3002950,22.481469259580873
3002951,0.27644765291381534
3002952,228.70420232841917
3002953,0.39882588390886364
3002954,63.42276068582452
3002955,6.856878087265173
3002956,35.73958776445937
3002957,3.2737868209036995
3002958,304.6937189389118
3002959,214.77722382573873
3002960,1.922414250926749
3002961,5.657771007695538
3002962,274.86283213489224
3002963,52.34360523108073
3002964,1024.6816456520949
3002965,21.94539323581882
3002966,8.232921692034255
3002967,2.484118752315215
3002968,0.5083833457137185
3002969,3.8791847971283984
3002970,1670.2675349173364
3002971,0.0
3002972,477.87228782612914
3002973,5.684846663857029
3002974,467.49584630379474
3002975,498.45046994804784
3002976,156.5245906011613
3002977,119.66876624336543
3002978,35.88068384903948
3002979,2287.8924547294305
3002980,7.417226322540776
3002981,0.6834954444240632
3002982,12.953523008676507
3002983,12.113195137123197
3002984,0.44968677354463726
3002985,146.68826855861545
3002986,5.353765639530606
3002987,4.717084848443592
3002988,7.918080596273353
3002989,49.988271142519565
3002990,1.689397241371085
3002991,153.0192374746166
3002992,115.03831611653439
3002993,2.734746208817886
3002994,3.895417207227461
3002995,122.83277189307192
3002996,47.448610820477676
3002997,1123.2354906982885
3002998,46.05501129965315
3002999,5.536628859763398
3003000,4.576339443901182
3003001,0.33188653451103994
3003002,3.4285912849459015
3003003,1926.744432112145
3003004,0.4914505068263719
3003005,133.22830457811423
3003006,6.526103413906855
3003007,700.2642280643709
3003008,274.5445772372081
3003009,217.97230831548393
3003010,45.54686131003678
3003011,40.17264171064053
3003012,2661.185093767157
3003013,9.23532521186552
3003014,0.8101719290148878
3003015,12.82692125338857
3003016,8.373965203702344
3003017,0.23004712641111724
3003018,136.50971129971558
3003019,4.336232610913269
3003020,72.0646200282028
3003021,4.014701689250415
3003022,25.50421739598095
3003023,1.9426312691426175
3003024,131.5712882219513
3003025,147.64945943992433
3003026,0.8767201578097978
3003027,4.255460598017968
3003028,155.25109109549814
3003029,24.952869159465195
3003030,377.24113514451915
3003031,17.869588768291504
3003032,3.040149809215606
3003033,4.296622119948772
3003034,0.35671886377664713
3003035,7.670463673955651
3003036,2500.7272161348596
3003037,0.5989749043211636
3003038,552.2024857748476
3003039,10.566028717811742
3003040,736.816597074732
3003041,667.8635711187469
3003042,173.08042247738962
3003043,133.62261221429074
3003044,88.06153556594597
3003045,3136.0018299350345
3003046,26.322399008315845
3003047,1.4286995399688125
3003048,15.459428588798792
3003049,25.9417972756374
3003050,0.3502063131287131
3003051,210.50575328966352
3003052,14.91854387871383
3003053,12.846874424226165
3003054,7.511140948285368
3003055,79.06363495727952
3003056,6.663167598676705
3003057,428.5854663479905
3003058,201.15957260756713
3003059,6.708236815177909
3003060,5.312616738952094
3003061,359.7630811842136
3003062,98.88629763547279
3003063,1857.9885866001446
3003064,38.72674766174803
3003065,24.688255696979404
3003066,4.673262050094008
3003067,0.3330177768797287
3003068,3.759038583946995
3003069,3416.4171513926754
3003070,0.4944905637230361
3003071,382.6596313338636
3003072,5.024733122008579
3003073,1044.709952303964
3003074,616.4484753044906
3003075,489.0156773336038
3003076,64.87102183866747
3003077,68.75247948868615
3003078,4655.269053803546
3003079,9.527841665972494
3003080,0.6796489744454692
3003081,15.543771983369473
3003082,14.340360221545488
3003083,0.23255435895604773
3003084,285.7505033723982
3003085,1.4977453141210493
3003086,5.954187339207147
3003087,5.205372601038058
3003088,45.91039760439411
3003089,1.007204264420201
3003090,603.8497278523328
3003091,313.99494860001505
3003092,1.5217811371698744
3003093,4.006613738203082
3003094,191.01613215172242
3003095,50.16525542905287
3003096,772.7275059225933
3003097,69.51010054375955
3003098,7.704722433829832
3003099,6.07515624014503
3003100,0.355718556253525
3003101,2.1812523186434642
3003102,2261.260031187775
3003103,0.49102696118546363
3003104,316.8346651956506
3003105,5.666460993713646
3003106,916.8587684440207
3003107,491.50903084207516
3003108,218.81909016087113
3003109,177.08170081841828
3003110,71.26007341339087
3003111,3060.2569318268324
3003112,9.595439600802369
3003113,1.1109167557528072
3003114,24.85201040616373
3003115,23.08462938035374
3003116,0.2352514300300327
3003117,249.01532603468692
3003118,2.0719324846204756
3003119,3.372272879936393
3003120,8.51153802783045
3003121,79.47875640727557
3003122,1.4993721654174381
3003123,105.89435870090387
3003124,203.52467667622102
3003125,1.9373900504252908
3003126,5.340502610545413
3003127,120.20950071826437
3003128,128.9918855976315
3003129,887.5315285034098
3003130,31.668861901428794
3003131,3.4846666476482477
3003132,3.3472462473381657
3003133,0.3018501418793577
3003134,3.0749705405536405
3003135,1702.0886891476448
3003136,0.48441093717934036
3003137,112.26814383129843
3003138,6.6348889707598735
3003139,648.8970205996352
3003140,290.0117538432625
3003141,135.4027023635641
3003142,42.56729092723611
3003143,37.215446093560786
3003144,2637.688068735004
3003145,5.826788954426524
3003146,0.6818297401532065
3003147,29.83694644150853
3003148,18.30915058816087
3003149,0.2297703399307773
3003150,146.97495478387634
3003151,0.739992888025649
3003152,72.3210804100685
3003153,2.2521118440564605
3003154,47.087031483202445
3003155,1.586262624734991
3003156,113.74342219701212
3003157,130.96503766002778
3003158,0.8710034195430576
3003159,5.740023811158195
3003160,102.08687670660973
3003161,33.611400346428475
3003162,365.993325570367
3003163,14.399436615560601
3003164,0.7677407205375912
3003165,1.9420362022254163
3003166,0.3025671044561866
3003167,3.72245716942044
3003168,1252.7362433655544
3003169,0.4820358515272618
3003170,249.43221550770818
3003171,10.48296723600507
3003172,500.84817817963295
3003173,432.6522644227632
3003174,115.32154641933997
3003175,43.616230144433715
3003176,65.18304915837113
3003177,1935.355701034467
3003178,24.17569651692382
3003179,0.5809159977153571
3003180,16.184792823841576
3003181,11.667545812382098
3003182,0.23044760629459374
3003183,120.15357543455039
3003184,7.543392398032862
3003185,7.115347766112776
3003186,5.617324822325482
3003187,54.40476354409128
3003188,2.423217906083707
3003189,776.4330554221053
3003190,136.60737050727832
3003191,3.2795329317686424
3003192,5.098589556462753
3003193,261.84295781625895
3003194,28.912196415536716
3003195,1049.4998412841535
3003196,37.774123354266
3003197,4.14925561552943
3003198,3.036209278344457
3003199,0.3359231857974774
3003200,3.2386806470105105
3003201,2831.6696068613783
3003202,0.5819452253495261
3003203,651.7247266772906
3003204,14.977077092979764
3003205,1011.137900637414
3003206,1053.6049511268595
3003207,232.66701947283747
3003208,189.0041591748793
3003209,145.6170754322564
3003210,3179.0470261403925
3003211,25.138361659922605
3003212,0.5939093712368095
3003213,20.05560125360473
3003214,25.338466366575584
3003215,0.313463305834039
3003216,232.1031070652087
3003217,8.971592451775777
3003218,31.994491111802887
3003219,10.113117500273509
3003220,75.09557677233013
3003221,11.69663861483154
3003222,327.2851791738104
3003223,232.89289179376107
3003224,14.208570386082023
3003225,7.368667077512187
3003226,443.7343179623429
3003227,95.98022947860139
3003228,3174.443908572212
3003229,38.49383524606407
3003230,17.227129659687403
3003231,2.24404310806194
3003232,0.26374730506443445
3003233,1.8071919880216973
3003234,1934.244196392907
3003235,0.4941532277247287
3003236,329.11988448679176
3003237,4.559101390731227
3003238,405.8469362158088
3003239,497.36212935962675
3003240,126.90507674215507
3003241,98.61042370115494
3003242,65.79040295315413
3003243,1645.151855566058
3003244,12.532606141215462
3003245,0.44288633202737304
3003246,13.02910309567292
3003247,15.412174213799206
3003248,0.27630552536633934
3003249,95.54106807674837
3003250,0.4367267099313398
3003251,21.09241681600791
3003252,4.339191359099584
3003253,149.6327454432763
3003254,4.518340585512526
3003255,156.11953467086462
3003256,96.69538323168533
3003257,3.0892767015626044
3003258,5.823929674394909
3003259,149.7985932257281
3003260,31.51134832366242
3003261,1434.3703650981101
3003262,1.3788691134042064
3003263,1.675890242912307
3003264,3.072035007052775
3003265,0.28318123100095993
3003266,5.912233478120396
3003267,659.4714041463392
3003268,0.4422208980339113
3003269,164.95326037709594
3003270,3.2248134379775526
3003271,265.77586538135097
3003272,185.31736816237495
3003273,51.83862414703677
3003274,22.583895661116543
3003275,23.369273590534483
3003276,1120.1937094082
3003277,3.9841768998358162
3003278,0.4159143827400831
3003279,10.641315250927807
3003280,6.793265393205833
3003281,0.21518427808352103
3003282,61.99658801807037
3003283,0.49217746715058464
3003284,5.926479937028829
3003285,31.236485559644986
3003286,24.695713074684793
3003287,0.5118536808916166
3003288,187.67340327375467
3003289,87.62756462723301
3003290,1.2457677763731474
3003291,1.5420279220434943
3003292,99.08598429174246
3003293,13.19674977110001
3003294,455.8105195683133
3003295,6.698083087750649
3003296,1.9838602595151875
3003297,3.2361332298969385
3003298,0.38333178535343876
3003299,3.733822776551782
3003300,2307.324854033233
3003301,0.5185732313555839
3003302,490.37602985116666
3003303,13.426966609378479
3003304,684.5352104282787
3003305,776.9377075536232
3003306,236.59286334136195
3003307,182.93982014845153
3003308,102.27533823989233
3003309,2883.0561167395035
3003310,18.96096098255178
3003311,1.5332655070682208
3003312,21.361001041416237
3003313,25.71512965472661
3003314,0.3251368360993535
3003315,183.82831476126995
3003316,2.8244210652551214
3003317,26.862523074334597
3003318,6.475192478589172
3003319,104.46073560547526
3003320,3.814260534059202
3003321,229.34914871803795
3003322,190.7861573775126
3003323,8.212279949822408
3003324,6.0356486750339755
3003325,280.8546993825448
3003326,66.04279580605309
3003327,2128.770051661971
3003328,7.275519943880423
3003329,9.47954717167007
3003330,4.893900571659318
3003331,0.32944784980030456
3003332,3.904106719452177
3003333,2671.7939880086124
3003334,0.5128909474500537
3003335,465.7942509214194
3003336,8.682452430102382
3003337,922.277488022805
3003338,644.3094354868857
3003339,274.66043144449105
3003340,177.9595927210575
3003341,53.71440765427961
3003342,3704.3215369264935
3003343,6.91127586007845
3003344,0.8126173383465419
3003345,31.3169926081003
3003346,15.789241106157885
3003347,0.4172116001862604
3003348,223.157617339925
3003349,0.38959064374775526
3003350,4.374486020787263
3003351,4.875923272652438
3003352,51.04214943855327
3003353,0.8431878398831562
3003354,306.56384785657065
3003355,227.07217710126918
3003356,3.6425664820348302
3003357,3.707876784068448
3003358,163.8117178520781
3003359,61.07727781274639
3003360,1180.9053596617282
3003361,2.4349952647484185
3003362,1.7645775888178603
3003363,5.315486546237552
3003364,0.32728523619428573
3003365,3.084656520617552
3003366,2631.7652255340913
3003367,0.510429926848253
3003368,499.7677086667388
3003369,10.869970735094608
3003370,780.6183645863289
3003371,552.3382165950578
3003372,220.10785901709608
3003373,133.55603197152138
3003374,58.75791129148451
3003375,3278.070713217969
3003376,9.375380382281469
3003377,0.7460814737482997
3003378,25.309211753475076
3003379,16.40685441785383
3003380,0.2578784516797988
3003381,204.40854311118824
3003382,0.38733019582314
3003383,5.697069304277764
3003384,5.25822489993253
3003385,94.22139007166753
3003386,1.3335182049543912
3003387,143.24115039622245
3003388,191.79422239110494
3003389,3.538975589632316
3003390,3.203889151613396
3003391,147.5359003253895
3003392,51.202395000233764
3003393,950.8297895897185
3003394,3.8955741383028477
3003395,3.5733983771285764
3003396,6.805023688678482
3003397,1.1807570968225383
3003398,11.120159016468504
3003399,7117.695035116956
3003400,1.478752277332807
3003401,1052.6869170258763
3003402,51.95847269935757
3003403,1510.0254906201849
3003404,1721.3690191170804
3003405,303.1484382430022
3003406,385.94381039755007
3003407,290.37554485513124
3003408,6708.933531355818
3003409,67.6223323704296
3003410,1.8821446942511377
3003411,47.820429537425156
3003412,48.381668000389
3003413,1.3905590742482072
3003414,403.1229260937067
3003415,26.792673200147384
3003416,39.70803602141257
3003417,26.363237121387577
3003418,213.537359990647
3003419,23.33401587940151
3003420,544.787167847459
3003421,416.4063925776691
3003422,17.262538833671044
3003423,19.156075738396794
3003424,882.5600305307203
3003425,212.75117952491968
3003426,6104.34906139642
3003427,1.777317010610989
3003428,62.413521197045704
3003429,3.5115333812533147
3003430,0.31356419542740344
3003431,2.013194397502918
3003432,1485.570631783868
3003433,0.49458372664864236
3003434,150.6390038022766
3003435,4.665849856657606
3003436,596.356834042816
3003437,241.08059267672152
3003438,108.64985378277908
3003439,99.56651436594156
3003440,44.85390869458539
3003441,2362.5724292910377
3003442,3.371665288044188
3003443,0.6073709785480942
3003444,12.028846118011819
3003445,11.458067133178561
3003446,0.29207913793207496
3003447,182.6574540919662
3003448,0.3726472569815806
3003449,70.00905064047429
3003450,3.366473913272576
3003451,31.238607305537602
3003452,0.6723340484942322
3003453,157.05078386387473
3003454,92.20809084820849
3003455,0.9696833865344698
3003456,4.918055745097936
3003457,107.43268782129117
3003458,20.067104788285235
3003459,513.7204674942328
3003460,26.53504836683762
3003461,3.007451366745346
3003462,6.04885050607818
3003463,0.32302171415417025
3003464,2.9009631905056468
3003465,2708.880424269449
3003466,0.5021297358859367
3003467,462.96122362149964
3003468,9.608876361901151
3003469,1032.7567832334475
3003470,561.3088450700076
3003471,203.98674685409088
3003472,209.55637017606912
3003473,86.61553727321373
3003474,3679.6949845632257
3003475,9.273908043447094
3003476,0.5885349853877471
3003477,16.7425719026534
3003478,18.402777281917956
3003479,0.29968321144018384
3003480,253.87528946565394
3003481,1.1424338461771157
3003482,4.660765925846254
3003483,11.283053229592923
3003484,24.73164937593539
3003485,0.9436850913813395
3003486,600.2674979981698
3003487,218.6781213121657
3003488,2.5201282356038943
3003489,4.282629400916685
3003490,138.7085277826193
3003491,50.38132288736017
3003492,1040.0657518045048
3003493,1.940499900767958
3003494,3.902201279793002
3003495,1.2001501593715858
3003496,0.1856533308184276
3003497,0.7991205165286901
3003498,820.0319868513924
3003499,0.40584958195186704
3003500,133.36362777127454
3003501,2.8758141388203846
3003502,565.2625968192219
3003503,141.4431942800334
3003504,83.8571935146892
3003505,182.01302430364348
3003506,15.366753036956005
3003507,1758.5121891240283
3003508,1.1086110725817504
3003509,0.24738982947188423
3003510,10.867246295175569
3003511,4.742934329797915
3003512,0.15819035061423012
3003513,79.01908987502496
3003514,0.27474937657415843
3003515,58.62693088805519
3003516,3.504432154972847
3003517,26.03839514652953
3003518,0.25271248088763343
3003519,109.33514356906794
3003520,72.02981090906522
3003521,0.23530384843118773
3003522,0.8434684606560665
3003523,39.27183551152885
3003524,9.471058955494884
3003525,170.1500536093976
3003526,32.922202794122406
3003527,1.269313826407517
3003528,5.058865279725427
3003529,0.27723341662920314
3003530,3.0669020785224013
3003531,1631.1099959607793
3003532,0.4528183893969587
3003533,185.01865581709768
3003534,6.113159485201146
3003535,723.7622903863783
3003536,334.3430855142309
3003537,159.76383013680007
3003538,101.51232494566466
3003539,48.518068680084006
3003540,2495.0929166908677
3003541,2.196370811726318
3003542,0.56982102430995
3003543,23.1691057389981
3003544,12.280499655117481
3003545,0.48509467088287767
3003546,162.2242801445527
3003547,0.33594385348735933
3003548,61.04910015701555
3003549,9.261024088472027
3003550,40.45652759678144
3003551,1.0738024085768094
3003552,322.52162630363654
3003553,169.4755840080321
3003554,1.4941825583879667
3003555,3.178733915756305
3003556,187.45670857314477
3003557,21.1416560426766
3003558,1073.3707141889827
3003559,43.67596558882926
3003560,0.7314648243487927
3003561,2.1121752911023886
3003562,0.38949173002226534
3003563,3.2486222448040403
3003564,2248.177750057948
3003565,0.5387498624141582
3003566,610.5356147668992
3003567,8.313552258236935
3003568,834.7981539984085
3003569,592.9609331559701
3003570,212.9696191825341
3003571,90.98127489613017
3003572,71.39965421423726
3003573,3611.423736870462
3003574,5.270966053016866
3003575,1.690272032716676
3003576,32.2159645748486
3003577,37.6836813895991
3003578,0.2901313879788423
3003579,185.17744265074157
3003580,1.760044759568138
3003581,6.562080779922068
3003582,6.203437056947498
3003583,37.041757471268355
3003584,1.9015961634493834
3003585,235.25898379535604
3003586,238.93488733626765
3003587,2.701335521663873
3003588,6.493897839724056
3003589,130.19085452234066
3003590,31.353063328148213
3003591,584.0775530433835
3003592,4.679513398002913
3003593,2.5398422658573003
3003594,3.745006850731078
3003595,0.1499011771202675
3003596,0.7709429997715717
3003597,1281.318496789832
3003598,0.29712019359190056
3003599,89.84803973397695
3003600,1.5100704083550627
3003601,403.588464868085
3003602,161.19861474725562
3003603,80.25751336079452
3003604,88.44564664724909
3003605,32.3025709791474
3003606,1747.45640421574
3003607,2.653312740065138
3003608,0.4273939027679356
3003609,11.801118010976761
3003610,7.110114802009731
3003611,0.1680512250616423
3003612,88.48860444601233
3003613,0.2613752379021094
3003614,55.520862112751125
3003615,7.284901254132966
3003616,38.19886400356643
3003617,0.39535869771750587
3003618,311.31396083223564
3003619,70.77235341374586
3003620,0.6751675782475359
3003621,0.69825318899362
3003622,66.50397966799925
3003623,14.466732847829164
3003624,333.2913888707626
3003625,29.89821701983697
3003626,0.44278094384361955
3003627,3.7803772482711904
3003628,0.35173345182019705
3003629,2.17650669940607
3003630,3029.6366769384867
3003631,0.46669716270708717
3003632,440.383858417371
3003633,9.762670876671656
3003634,782.3105015883945
3003635,528.0585542695613
3003636,163.0085049345083
3003637,158.81971759053977
3003638,55.440734842176134
3003639,3315.2825050691217
3003640,5.13508591466658
3003641,0.48609760835769794
3003642,15.516463008224914
3003643,9.619396344081771
3003644,0.25378903464210406
3003645,164.79561968156028
3003646,0.3578071109780082
3003647,25.610187418303223
3003648,5.470025477132653
3003649,46.4248170022596
3003650,0.8126122987455828
3003651,424.7220703697254
3003652,186.68136951295983
3003653,1.4622950458085628
3003654,3.0006994911148097
3003655,105.8235588509752
3003656,44.04044404980878
3003657,1115.7866138898858
3003658,2.7241956947597346
3003659,0.4750651224956663
3003660,3.0668116379144523
3003661,0.3344154640521315
3003662,6.155888839562126
3003663,2482.0608540784256
3003664,0.5266971987423223
3003665,479.1169881848898
3003666,8.441018008862079
3003667,871.4300659727428
3003668,799.6743429737068
3003669,155.8900331084778
3003670,115.33386178547067
3003671,110.99578376607725
3003672,3377.730156883151
3003673,51.51669183609019
3003674,1.2762065543895267
3003675,31.450631463728214
3003676,30.686528871948425
3003677,0.26709574578158446
3003678,219.05125903040445
3003679,16.851982462594286
3003680,22.96228044124789
3003681,4.278881191068387
3003682,107.97983988407574
3003683,6.307934271934319
3003684,210.66519100743437
3003685,243.71008474991464
3003686,12.030526206378374
3003687,12.488194632692084
3003688,221.7353014698948
3003689,70.68245031002445
3003690,2230.363069691417
3003691,40.55999413248287
3003692,10.299331404489905
3003693,5.1061699044374205
3003694,0.33364305934714433
3003695,6.910059782541017
3003696,1963.214812011826
3003697,0.5250330408441097
3003698,389.9592980109056
3003699,11.490157964707207
3003700,802.4874070376404
3003701,642.1184033687418
3003702,123.16368590893268
3003703,73.73178786176574
3003704,106.61999590891155
3003705,3088.0982267065565
3003706,21.520172742141668
3003707,1.039152559142565
3003708,34.48678615867221
3003709,34.71109955809172
3003710,0.2652243342071135
3003711,258.5428975157675
3003712,15.049144129910411
3003713,19.316516974493414
3003714,10.865855873435496
3003715,81.90842057819094
3003716,7.777099618992345
3003717,137.86811822955826
3003718,278.7830106264328
3003719,5.192665872740891
3003720,10.48233785067746
3003721,101.33982863230534
3003722,71.06993865319549
3003723,1811.7892104461457
3003724,15.372803396796476
3003725,15.180101649733565
3003726,6.783595543950951
3003727,0.3338068953767781
3003728,3.541276038303965
3003729,3033.638994823713
3003730,0.5252203888430521
3003731,623.936959947373
3003732,8.291346596070927
3003733,1159.5785599425376
3003734,587.8754249169806
3003735,167.98558404863743
3003736,259.51365480476943
3003737,50.209212895611245
3003738,5000.110572386389
3003739,24.5623121849547
3003740,0.8513254936005585
3003741,27.697974375769686
3003742,17.026729870612638
3003743,0.2984587132998053
3003744,301.56560756605586
3003745,4.847417620573683
3003746,16.21018174669396
3003747,6.191319967311886
3003748,56.44525204015295
3003749,3.3792693501902766
3003750,225.68503598244376
3003751,272.62636430869446
3003752,6.488870076680575
3003753,7.855313755034324
3003754,212.8908422580631
3003755,51.12228952130714
3003756,1280.1438330361757
3003757,13.990623009102805
3003758,10.002785044189734
3003759,2.9693309618317514
3003760,0.5074136639706319
3003761,5.123237698332318
3003762,1864.1361053633334
3003763,0.6871262674237776
3003764,310.2042167222699
3003765,6.218905038415409
3003766,615.6047914085415
3003767,609.170709102931
3003768,163.7958989237549
3003769,102.78728129834195
3003770,66.35581750857857
3003771,2634.0771954925576
3003772,17.138372209358064
3003773,1.018221688402531
3003774,11.600610994596575
3003775,10.680913352376937
3003776,0.3728135805740943
3003777,165.33382091750943
3003778,14.644997801661034
3003779,15.110400285131357
3003780,3.452552326641513
3003781,66.7139863826873
3003782,5.53111448790021
3003783,251.04052532451854
3003784,185.6538454063097
3003785,4.893055422595074
3003786,5.618638337721691
3003787,264.2317852834433
3003788,42.068951161053036
3003789,1708.3430089961926
3003790,32.86843620389621
3003791,15.32836236646787
3003792,2.5648704118683545
3003793,0.32933994665268845
3003794,4.634975571271984
3003795,4500.603482093861
3003796,0.515533030223224
3003797,343.6966955632787
3003798,8.489254336613556
3003799,1295.2964332193583
3003800,555.5965452060221
3003801,223.46251220510288
3003802,139.65676110354408
3003803,46.810153890879405
3003804,4776.513574625083
3003805,8.027275692763503
3003806,0.9851727241705158
3003807,22.192563404601653
3003808,17.51185507316916
3003809,0.25587616655610035
3003810,341.85850839916714
3003811,0.4514129174999927
3003812,64.41869871190372
3003813,7.635048025424558
3003814,45.84030906638145
3003815,1.6160951204468792
3003816,157.6425811547735
3003817,256.60336458936104
3003818,2.762071907751786
3003819,8.107231900994986
3003820,153.30301542254114
3003821,44.170328745723666
3003822,965.0841520717153
3003823,61.14718374837951
3003824,2.3684446111633144
3003825,4.453998813023475
3003826,0.32928548509946665
3003827,6.460497051588154
3003828,1705.4255117632663
3003829,0.5154709405500801
3003830,385.4501154612607
3003831,11.73565413220426
3003832,796.9679863647818
3003833,595.0769861623746
3003834,180.50366011590003
3003835,101.39657935448182
3003836,129.24135583311792
3003837,2979.7509982755228
3003838,26.08694311817374
3003839,0.7548090604435584
3003840,25.664985200568765
3003841,21.295070966118743
3003842,0.4362332491639679
3003843,186.2618353922234
3003844,9.64665327992558
3003845,16.064822630848916
3003846,7.796959662013627
3003847,67.46874996764147
3003848,8.431189496434106
3003849,161.20905264872533
3003850,258.89084074845374
3003851,8.397385917550498
3003852,4.717123900835201
3003853,144.28367536135696
3003854,45.35116810051437
3003855,1680.6050471035473
3003856,2.0525712184589526
3003857,4.848504889844021
3003858,2.0492324871531884
3003859,0.3204643140738322
3003860,3.2272179158581915
3003861,1844.8027301104598
3003862,0.5048394017270289
3003863,362.27609311099513
3003864,7.098364087394565
3003865,537.4679368254632
3003866,675.3384791801309
3003867,130.3645762879701
3003868,108.15314017315504
3003869,90.89602272031247
3003870,2123.2397537679026
3003871,24.318143489214265
3003872,0.5610562170915905
3003873,19.122162970977534
3003874,17.02710143058956
3003875,0.42367175518890887
3003876,168.77594342623536
3003877,9.988383286765943
3003878,32.31692321355889
3003879,5.372636587823179
3003880,67.43301735705774
3003881,6.835291370436792
3003882,212.61319392319876
3003883,160.18019717602715
3003884,7.145548920181587
3003885,7.53675080043869
3003886,187.38542765035476
3003887,49.86153898131656
3003888,1691.8933201711682
3003889,2.263468466499356
3003890,9.4186607652793
3003891,4.1658613424708175
3003892,0.34438457757385804
3003893,3.293953185748518
3003894,3947.9098483355783
3003895,0.49176444803596636
3003896,461.88534568924285
3003897,10.859510919691449
3003898,1009.1788539183913
3003899,554.8140755009207
3003900,240.131930497808
3003901,128.65201513821032
3003902,47.72703231809291
3003903,3726.6912393173393
3003904,6.111515792408269
3003905,0.3749460645974575
3003906,13.370145925437118
3003907,15.336401966830886
3003908,0.2343913491307574
3003909,197.77493843746845
3003910,0.41310494185146895
3003911,9.404332411153938
3003912,4.7885835587976135
3003913,63.61835193573344
3003914,2.9163229225706915
3003915,244.46937797762814
3003916,256.6440240839035
3003917,1.4294933890010562
3003918,1.4981630130036903
3003919,188.68851125501197
3003920,98.93011867666073
3003921,903.6067018798362
3003922,3.422467951618004
3003923,0.4646668776762899
3003924,11.92062002654044
3003925,0.8628356574359224
3003926,12.098421433164946
3003927,7375.461475893674
3003928,1.2351112742382442
3003929,1264.2035364815204
3003930,33.71773317192544
3003931,2029.6526165870955
3003932,1960.7553486134107
3003933,407.585797429175
3003934,420.41984807759644
3003935,365.8213520332313
3003936,7686.344644226387
3003937,80.40228783673841
3003938,3.6798643332324867
3003939,95.98131461970907
3003940,100.89759829423701
3003941,0.997744863414188
3003942,514.8705027423589
3003943,31.38134219862874
3003944,21.584940111131026
3003945,41.13220275131255
3003946,337.5416116777975
3003947,19.414479393872575
3003948,678.1368741512894
3003949,425.26918383745556
3003950,27.11679165761371
3003951,36.668535204057115
3003952,878.1325150121374
3003953,308.62530715181833
3003954,6648.82552380986
3003955,351.9144406636474
3003956,58.08769322316489
3003957,10.457788259519276
3003958,0.6101396750992545
3003959,9.058447282758355
3003960,6850.919751008185
3003961,1.0722819088613722
3003962,978.1095279953573
3003963,31.017903900260368
3003964,1929.9856447490577
3003965,1723.3290483957824
3003966,539.8234670263611
3003967,268.2166786866362
3003968,257.96654078023283
3003969,8360.496272524597
3003970,93.27809166487376
3003971,0.9542574786669431
3003972,49.62350172768882
3003973,74.87438636532795
3003974,0.8369040751494908
3003975,500.26167847222575
3003976,22.48216794496858
3003977,30.78568930233519
3003978,10.07210788607058
3003979,221.22991059097484
3003980,14.536648059782047
3003981,821.9655588250258
3003982,549.9234499007656
3003983,18.41926758894137
3003984,22.589149555161324
3003985,885.6738176603727
3003986,195.64776026227364
3003987,4901.661127495763
3003988,419.17245327938275
3003989,53.58400714439959
3003990,9.900634350294393
3003991,0.5541003101329736
3003992,13.81653727796365
3003993,4313.24499817226
3003994,0.7603821683058947
3003995,716.9392731988776
3003996,17.337463761464154
3003997,1636.9868504362762
3003998,1158.2121655555536
3003999,566.0871940754665
3004000,99.71367938552287
3004001,184.41071921325232
3004002,6946.5258912719155
3004003,31.85048408740749
3004004,0.9517394881028857
3004005,44.93386469985535
3004006,26.14149825501974
3004007,0.7549727926793885
3004008,452.9756635611917
3004009,22.8327688067298
3004010,17.137957728357406
3004011,15.43212450908598
3004012,124.53129963454342
3004013,8.603412531239684
3004014,742.2143352790689
3004015,543.0672245786486
3004016,18.46795093074957
3004017,37.01991894267466
3004018,541.6136632274192
3004019,105.8130974788235
3004020,1981.1158522389014
3004021,293.14868529118564
3004022,34.058826227577484
3004023,11.891765667260923
3004024,0.5974873608932021
3004025,16.607581391426546
3004026,6373.887847378821
3004027,0.8079103504224637
3004028,929.1153601430315
3004029,25.55007943863388
3004030,1791.9050611733842
3004031,1681.1969854400872
3004032,499.47628160727487
3004033,249.11177722236823
3004034,204.33665364773196
3004035,8331.478921798831
3004036,44.80503802491501
3004037,1.4489388766338938
3004038,67.13724811474702
3004039,62.23141122582944
3004040,0.8801525668174053
3004041,481.6423503921525
3004042,30.717964650680916
3004043,29.584903670731364
3004044,21.612573126869364
3004045,188.40849101591152
3004046,13.769791423311009
3004047,694.0375519965519
3004048,557.2381267348483
3004049,17.172398822165157
3004050,25.41121494227041
3004051,809.431621237928
3004052,194.34561741046122
3004053,4505.7191583387585
3004054,386.79664791856607
3004055,47.97699500108045
3004056,9.12215634637951
3004057,0.5212527849495605
3004058,15.715910794043776
3004059,3300.3502855782604
3004060,0.7293607608339795
3004061,627.5679462762042
3004062,16.91340206575837
3004063,1453.637130557177
3004064,914.906870497629
3004065,479.8039238585854
3004066,73.63279681538212
3004067,136.01545511052058
3004068,5958.5043384557175
3004069,37.13545121446204
3004070,0.46803349873156497
3004071,37.083681061534435
3004072,25.479259882425122
3004073,0.6067124927833651
3004074,414.2718061986286
3004075,19.42902786709392
3004076,8.884112162478779
3004077,18.947429052315997
3004078,102.80892287661777
3004079,3.9755044737951053
3004080,589.1884436669487
3004081,550.0901707312523
3004082,13.369191888485293
3004083,17.635277718638395
3004084,577.273894186701
3004085,75.9116450292191
3004086,1370.019689825517
3004087,429.07399270164325
3004088,14.592709611311925
3004089,8.666834783725054
3004090,0.6577569748786949
3004091,8.639369835019636
3004092,5406.664571453104
3004093,0.8671122183226023
3004094,958.864963250719
3004095,27.606842031462833
3004096,1547.580371981667
3004097,1748.0972029101229
3004098,325.7280136313972
3004099,359.4583679015128
3004100,285.27438058162534
3004101,6423.056740983693
3004102,65.055165813436
3004103,0.9646188512736356
3004104,51.69563926992
3004105,46.6647348747766
3004106,0.867818174272908
3004107,364.90794491646807
3004108,16.971913701954264
3004109,23.43994688496993
3004110,10.516250028279462
3004111,231.36172637478762
3004112,14.106625326616342
3004113,596.0754609135988
3004114,395.54867499154375
3004115,15.338776887986766
3004116,24.309230577382017
3004117,738.6650337100644
3004118,177.37725435031396
3004119,5799.430348652865
3004120,261.5374517331474
3004121,52.99837402215465
3004122,3.952227003374757
3004123,0.35701027891209325
3004124,6.345118411491601
3004125,1472.9309355987953
3004126,0.5916600101129224
3004127,311.94200355414677
3004128,22.46700704208044
3004129,801.1719899929776
3004130,493.7542903297929
3004131,206.71188201143505
3004132,66.41540265259594
3004133,76.55764047903442
3004134,2582.074237214933
3004135,20.56220865172602
3004136,0.805483795831983
3004137,35.79231185919169
3004138,21.3696445945592
3004139,0.4058767252634039
3004140,176.21909711564697
3004141,9.689567206583773
3004142,6.242470760475326
3004143,10.258821830349216
3004144,60.27522182099558
3004145,6.941353534220343
3004146,221.77923688563584
3004147,206.3899513556794
3004148,2.2982213779680283
3004149,7.263766962100296
3004150,182.32435663086886
3004151,49.260718167485905
3004152,1381.3364586716289
3004153,1.7460291358062747
3004154,9.005086001575823
3004155,8.568026611366838
3004156,0.5403646468255026
3004157,10.629497928787261
3004158,3619.353641970375
3004159,0.7317310355715878
3004160,503.972137351485
3004161,30.2565125560068
3004162,1316.8405459756088
3004163,947.2517292595384
3004164,397.405388913579
3004165,82.06532556409907
3004166,158.466329222137
3004167,5707.825932909378
3004168,61.25280668704109
3004169,0.785059512637782
3004170,57.13047879119977
3004171,29.707175062219168
3004172,0.7491540928868641
3004173,300.1883036264443
3004174,13.106108580175386
3004175,8.031896484149383
3004176,4.372579414618905
3004177,131.0668568324767
3004178,6.867800736329985
3004179,454.74929375303094
3004180,417.321032040801
3004181,8.815341991602871
3004182,17.454162957228615
3004183,320.6083299450785
3004184,80.54963176746566
3004185,1798.1612421185828
3004186,390.63899123963995
3004187,12.61278536057203
3004188,5.661934132339588
3004189,0.5610297853170091
3004190,5.0531396335085565
3004191,3408.129782033297
3004192,0.7602890456726391
3004193,662.5559732710352
3004194,11.24158393737718
3004195,1038.0795731434382
3004196,1306.4027585449319
3004197,191.9207639568222
3004198,242.47848273066575
3004199,191.2617434668406
3004200,3965.4179630065155
3004201,28.74550587446312
3004202,0.7326143310493319
3004203,22.029250785670985
3004204,35.24839969805533
3004205,0.6726982771653733
3004206,235.11882200177294
3004207,1.349938625779981
3004208,41.15256599296764
3004209,4.53013224369292
3004210,126.80480282595498
3004211,9.311384380442362
3004212,477.32773281555933
3004213,187.49022598860824
3004214,14.335204684934068
3004215,10.390470847632336
3004216,506.66160839857037
3004217,101.92168149635144
3004218,4655.911087615518
3004219,4.660967236478551
3004220,29.18947673231825
3004221,8.865274948127755
3004222,0.0
3004223,4.060960736309677
3004224,3525.7246620466
3004225,0.0
3004226,698.0686481994813
3004227,10.81559191500854
3004228,1400.0323453819399
3004229,1018.1197639922875
3004230,307.36691161133996
3004231,169.0100893992598
3004232,292.7370268595784
3004233,4927.342004323999
3004234,30.245523208774717
3004235,1.4679033263964263
3004236,40.00509184224663
3004237,36.47276731443744
3004238,0.4948973172467576
3004239,276.0256461718529
3004240,4.854505183415055
3004241,43.80223293886989
3004242,5.9882545569214205
3004243,230.3959106415812
3004244,10.4939537184869
3004245,392.12313512951897
3004246,281.53494264786156
3004247,13.100305920152241
3004248,22.928658029741236
3004249,371.821205797611
3004250,107.22202041524002
3004251,4244.144789113886
3004252,8.471857446958051
3004253,5.401557747197854
3004254,4.189723498443139
3004255,0.34726557600515756
3004256,2.841239039638553
3004257,1678.8588916081976
3004258,0.5261806306226962
3004259,396.074071666268
3004260,7.505468205554759
3004261,744.4170440187629
3004262,416.48980389436434
3004263,193.84318371172117
3004264,67.84621753910652
3004265,93.63711034319938
3004266,2502.467633630458
3004267,9.942386493942422
3004268,0.8773745635433439
3004269,24.612341846429516
3004270,24.295019148843878
3004271,0.25724969938299813
3004272,162.87489667005082
3004273,3.022033098328347
3004274,6.596391239286658
3004275,5.98688233842965
3004276,69.07979708983848
3004277,3.1015910785065777
3004278,206.7904297547858
3004279,186.83076975674192
3004280,3.9751753852117573
3004281,5.443459701404887
3004282,131.77639999697945
3004283,47.031379522942075
3004284,1607.6328337062187
3004285,10.706152836144263
3004286,2.420161658181734
3004287,3.7044648138360396
3004288,0.26137106115138664
3004289,2.500863345687726
3004290,2755.3846901437546
3004291,0.0
3004292,171.12833684176343
3004293,4.745560868437659
3004294,777.2296418069163
3004295,195.3650885425869
3004296,162.93979361081347
3004297,56.01405893662428
3004298,29.32069728306439
3004299,2642.7673286453482
3004300,10.62782289900754
3004301,0.34609142038139407
3004302,19.16472762679313
3004303,9.913122443617027
3004304,0.28193064746497787
3004305,165.8750678298219
3004306,0.3782858670501946
3004307,52.360521843207536
3004308,2.8115632335416505
3004309,16.90448233210562
3004310,1.031570131031175
3004311,56.25460566742787
3004312,139.6084783999302
3004313,0.2853565470840628
3004314,1.8253553588191167
3004315,49.78850039699447
3004316,70.21817001437383
3004317,499.9463899516178
3004318,31.077663902234537
3004319,1.4086010882579838
3004320,4.145510470623762
3004321,0.3575296719743265
3004322,5.140801286941512
3004323,2654.2344931149228
3004324,0.5922692149063817
3004325,447.85226113110775
3004326,14.254736222330362
3004327,971.9158091701659
3004328,789.6314157580537
3004329,253.01792636238343
3004330,124.69421570251905
3004331,106.48613673593977
3004332,3738.651391481993
3004333,30.827278091687123
3004334,1.2818990866000888
3004335,22.682387575293276
3004336,37.9826089051791
3004337,0.34940034649560814
3004338,230.98085394084995
3004339,15.97563664812003
3004340,15.99419801615418
3004341,18.504054651493618
3004342,71.86823869128976
3004343,4.593051894154955
3004344,354.5769814085296
3004345,270.6205585147022
3004346,8.470256736557905
3004347,11.936150069247613
3004348,400.05723723503314
3004349,73.89859704250979
3004350,1869.8146380996895
3004351,33.07557443161427
3004352,21.010300458673733
3004353,4.311861971385928
3004354,0.3453353363717758
3004355,4.026326394473951
3004356,3349.460054304527
3004357,0.6012396468821927
3004358,574.5519146855925
3004359,17.00037743846662
3004360,959.7097714596987
3004361,1101.9001570708417
3004362,155.6578545665799
3004363,232.70403109425942
3004364,179.5585791252104
3004365,3094.449586554472
3004366,38.04711872084793
3004367,1.6169376079380413
3004368,29.763306035350002
3004369,21.593018357331726
3004370,0.5728513413460388
3004371,203.7470842727995
3004372,10.7580399858567
3004373,35.11265976853947
3004374,11.08999710860736
3004375,130.98387542972455
3004376,10.16285864623811
3004377,387.17603394246737
3004378,198.76097074736631
3004379,6.131917276417707
3004380,11.39771941969391
3004381,524.081103897314
3004382,108.30160416826936
3004383,4414.737213875395
3004384,1.2965791555398056
3004385,29.162505837804552
3004386,3.4876724335617135
3004387,0.4376314138739398
3004388,6.012083403764358
3004389,3564.0721909976746
3004390,0.7440191984536603
3004391,711.6640569502177
3004392,22.957897957844388
3004393,1045.9122529366223
3004394,1194.5200663724422
3004395,224.27242553163933
3004396,237.40403173381088
3004397,121.38290229098735
3004398,3677.8230673105404
3004399,29.61681125186846
3004400,1.9884714565650534
3004401,26.335207677335273
3004402,29.8821562923728
3004403,0.6043156973749644
3004404,266.27943264718544
3004405,25.62529149189858
3004406,29.75246803769273
3004407,29.5014948219972
3004408,140.47587129765787
3004409,16.030753153757228
3004410,375.04548844683677
3004411,262.26051569421105
3004412,14.387325069802813
3004413,16.39194227450336
3004414,432.69444471083494
3004415,132.41466761235503
3004416,3518.069758500062
3004417,1.5699015654245272
3004418,29.387637183488255
3004419,11.031891203695286
3004420,0.2542717119263058
3004421,6.484352003943985
3004422,2790.2603417214045
3004423,0.6301313384408802
3004424,408.0981208138802
3004425,9.368111595559915
3004426,1275.5959496449161
3004427,651.1564202864948
3004428,442.2246766659929
3004429,144.97382216660122
3004430,91.32073823806331
3004431,5599.2769478008195
3004432,9.702284515877729
3004433,1.1507907298256748
3004434,42.340365577197076
3004435,36.02507104058627
3004436,0.3061369957277877
3004437,339.63042842699207
3004438,8.2379183057569
3004439,5.797275986350714
3004440,9.139687536860862
3004441,43.59687991224461
3004442,3.892580260440433
3004443,493.63278034951054
3004444,387.8058643666432
3004445,6.135714364871023
3004446,7.624210897666398
3004447,317.92005719171834
3004448,87.56731599762874
3004449,1194.2666813557933
3004450,175.5598455508223
3004451,12.747734532411885
3004452,4.185239025226242
3004453,0.3563487818028831
3004454,3.5302819057012265
3004455,1711.161767201679
3004456,0.6024657945949434
3004457,297.6709790080125
3004458,21.09307741866317
3004459,616.3200149435625
3004460,624.520544088882
3004461,138.24314241151455
3004462,137.70775679120277
3004463,120.14685403314115
3004464,2080.6137228099897
3004465,18.219609437448103
3004466,1.3955440641394201
3004467,29.01733616357711
3004468,22.462343550736378
3004469,0.3980518210836259
3004470,149.05152233703913
3004471,8.913381531932782
3004472,18.466880832725288
3004473,4.654326632002444
3004474,120.5330967305077
3004475,4.959832028766481
3004476,520.0675597140624
3004477,121.11696440644513
3004478,4.18942413896252
3004479,8.444853369888063
3004480,367.65774648902027
3004481,55.745611549035694
3004482,1779.7230853620554
3004483,10.804158445085655
3004484,34.67228043434411
3004485,1.8750288155297274
3004486,0.2939042860156932
3004487,0.734820212539358
3004488,1364.0106899628558
3004489,0.4883460977234727
3004490,79.82966219922494
3004491,3.055935388215788
3004492,591.177200927466
3004493,220.60324267451955
3004494,274.77670794727067
3004495,22.531029998732567
3004496,29.61897348922858
3004497,2343.3741047255894
3004498,2.8470970673303118
3004499,0.3329213355873333
3004500,7.887576324982592
3004501,6.88876302019247
3004502,0.23810389587083103
3004503,132.82558144906824
3004504,1.9618421640033628
3004505,27.63383910843597
3004506,1.246243973957763
3004507,17.56820950712388
3004508,0.43225950112755346
3004509,134.34164240881603
3004510,163.42164550384666
3004511,0.49629890607978044
3004512,2.916301123888344
3004513,138.5334439876946
3004514,17.614303817348592
3004515,213.96844658826743
3004516,6.138700785617763
3004517,0.8988941363747814
3004518,7.502114316513785
3004519,0.288253082910477
3004520,4.6878699767403065
3004521,5035.230092854308
3004522,0.49874412030023674
3004523,650.8259646330214
3004524,15.140855091772918
3004525,1686.8163699930599
3004526,583.4122469419706
3004527,551.1630404789544
3004528,172.61033547541322
3004529,86.38240715240607
3004530,6638.985682797313
3004531,20.10524080160399
3004532,0.41457847619559707
3004533,26.76584454274881
3004534,18.166383635115253
3004535,0.26759596132393093
3004536,394.7056828131459
3004537,10.484917889830133
3004538,2.540470082911684
3004539,7.116296180839459
3004540,61.78708059926346
3004541,1.432544818774697
3004542,577.0717342994549
3004543,300.96126460882186
3004544,1.6479341020066156
3004545,10.845428466110928
3004546,507.89583683756996
3004547,91.90547823579325
3004548,1382.5748098757203
3004549,11.929678568605347
3004550,4.810596343010404
3004551,3.72497790782673
3004552,0.27366284650821876
3004553,1.5872605633291146
3004554,1453.0812945918574
3004555,0.46943036286111556
3004556,141.15493339112777
3004557,15.317910345525338
3004558,694.6802678711457
3004559,336.07316912260075
3004560,248.035288116978
3004561,58.214393460827694
3004562,47.58739849776938
3004563,2603.009929564343
3004564,5.8119001224008855
3004565,0.6154861838242106
3004566,16.270708338673586
3004567,13.345525600927031
3004568,0.3495128081385416
3004569,136.15539110145076
3004570,4.446508794156079
3004571,31.870567759466827
3004572,6.311745518903682
3004573,57.95125209095815
3004574,1.7386888161892586
3004575,113.2870798667427
3004576,150.09876059718653
3004577,1.3074489774147233
3004578,5.445472510817214
3004579,172.19224804614848
3004580,28.87561116731505
3004581,310.1496428086707
3004582,12.821781796418227
3004583,2.2040884935245852
3004584,4.034752403226287
3004585,0.2684028475931299
3004586,1.8796987483321992
3004587,1624.2539292248587
3004588,0.45912486348847487
3004589,98.05575979933744
3004590,5.48010163063328
3004591,598.6053528150652
3004592,231.87423776667228
3004593,153.32237646884928
3004594,37.04139392933477
3004595,27.857284438897693
3004596,2624.8778617456783
3004597,8.150044245861915
3004598,0.29973011290408347
3004599,10.550797836364609
3004600,8.447671730842341
3004601,0.22457406288527626
3004602,120.81183625938236
3004603,1.402447979403056
3004604,24.806946839821894
3004605,1.4637490278699166
3004606,55.335534092181575
3004607,0.41050497620856424
3004608,125.92497604029025
3004609,148.59129920434236
3004610,0.6096988640531587
3004611,4.040178869281477
3004612,91.61438041434528
3004613,17.830432300212465
3004614,180.03658685167636
3004615,2.6913915299199282
3004616,2.2597248239711325
3004617,2.3065635608212984
3004618,0.2668910791499227
3004619,1.8787978861399224
3004620,1450.5990828388153
3004621,0.4560176686226829
3004622,148.47107043991772
3004623,10.268175624821696
3004624,794.5654270911007
3004625,338.73134988986703
3004626,318.96427059741706
3004627,26.292701772444254
3004628,46.554897467118195
3004629,2717.935827559235
3004630,6.3932477858359995
3004631,0.34741342962254185
3004632,12.842179071032618
3004633,19.04119610221791
3004634,0.2113967522922899
3004635,156.48280629536447
3004636,0.6844055553778807
3004637,30.39770037716492
3004638,3.5986986835909978
3004639,26.58068361739933
3004640,1.35889380487253
3004641,221.43199048043024
3004642,247.68213620316493
3004643,0.5505414380566007
3004644,4.815817557839464
3004645,74.09219915183162
3004646,77.64458565081647
3004647,315.8308448891528
3004648,0.6775505637674224
3004649,3.718724319341784
3004650,3.011895767684203
3004651,0.5757426416004758
3004652,2.4826451737117226
3004653,1570.7153544818627
3004654,0.4649088489398625
3004655,135.25878165870313
3004656,3.4871281103754317
3004657,790.9510924636593
3004658,291.3423191759366
3004659,298.9032117391549
3004660,67.32395435190539
3004661,69.76351338643039
3004662,2516.912769790002
3004663,5.444264564486686
3004664,0.6469459066639738
3004665,14.315716172405285
3004666,14.014497851076582
3004667,0.18971603394762815
3004668,189.8556778570799
3004669,10.683127567857579
3004670,31.865758994791666
3004671,3.289446061439928
3004672,36.404263412265905
3004673,1.9076137978531935
3004674,121.89942806317242
3004675,145.89082433909655
3004676,0.3854234938560075
3004677,4.034917652080258
3004678,125.72873386945099
3004679,43.8279377622106
3004680,488.14603576283736
3004681,10.68540028387212
3004682,3.4645490013593854
3004683,2.867652521578934
3004684,0.25537224402371317
3004685,0.6128346142229233
3004686,1358.2787463350226
3004687,0.4450192614695615
3004688,109.92116235893182
3004689,4.692543638138707
3004690,585.861827637736
3004691,199.2583753293556
3004692,146.93959614116872
3004693,77.41158380198912
3004694,33.29248271581511
3004695,1779.5423245947773
3004696,5.347887458749338
3004697,0.3549608273599039
3004698,12.730362289563773
3004699,9.168471114143415
3004700,0.17297922569174756
3004701,132.03019855004263
3004702,0.3699921952345052
3004703,30.47354486647335
3004704,3.032096732479226
3004705,51.67567836928559
3004706,0.9453313369314266
3004707,44.750675614432154
3004708,95.79250782975743
3004709,0.5258237691677707
3004710,2.0705852104547517
3004711,66.60119917323821
3004712,25.55386569060712
3004713,406.2571167941189
3004714,10.028365200872253
3004715,0.6750701070372631
3004716,5.267485343466856
3004717,0.38445359139532903
3004718,2.7878223596147995
3004719,2691.6748667181405
3004720,0.4907083579429894
3004721,259.50518882078995
3004722,7.249854005588309
3004723,891.949416540448
3004724,546.1512026099471
3004725,558.6398064220529
3004726,131.68889767147536
3004727,83.95190323271231
3004728,3782.2709551979196
3004729,11.383329206707877
3004730,0.5565370718442111
3004731,20.819660751416713
3004732,18.277880579441117
3004733,0.22722935063650834
3004734,234.91978682225016
3004735,0.5667123965940515
3004736,31.615712112577572
3004737,4.372579323002273
3004738,62.416743462061824
3004739,3.151977416590326
3004740,199.8086282623633
3004741,198.5623926962933
3004742,1.8012751091127983
3004743,6.527319388248831
3004744,338.79220052632513
3004745,54.28689210201939
3004746,1060.521166843056
3004747,13.279013510356302
3004748,5.898069389764433
3004749,3.1329528573845797
3004750,0.4857966585435305
3004751,2.2060931101301176
3004752,1690.2405987096313
3004753,0.0
3004754,455.8012335515607
3004755,7.919268851557652
3004756,495.85911076610677
3004757,460.3034145357921
3004758,190.95220271563008
3004759,117.29036929538704
3004760,45.46139408586872
3004761,2271.0064610811355
3004762,7.624969672933466
3004763,0.6118337663390782
3004764,19.07756811941499
3004765,11.837791377127381
3004766,0.24495027536171524
3004767,133.82199735440665
3004768,5.490881789055461
3004769,3.2992659995441826
3004770,4.695170110271219
3004771,85.98425400131914
3004772,1.713951739055845
3004773,74.61252028310243
3004774,113.12785365140891
3004775,2.3527834856065297
3004776,3.6586888254725345
3004777,173.57958085867557
3004778,46.70680176573516
3004779,1188.0242470721105
3004780,30.335487315686365
3004781,4.647434644092661
3004782,5.3791857564057555
3004783,0.39255487644758613
3004784,1.134942957002523
3004785,2478.3696206706372
3004786,0.4997820665559635
3004787,127.38172326746178
3004788,5.917780413275109
3004789,737.7092235234596
3004790,285.0779633277948
3004791,250.8037113241025
3004792,45.230493486975206
3004793,44.96412317397889
3004794,3005.319366718615
3004795,13.325181510946983
3004796,0.832650069263139
3004797,13.873904856037676
3004798,9.564638304247296
3004799,0.23399705981050284
3004800,154.47542893491396
3004801,5.104245610191667
3004802,33.77060607396366
3004803,4.738061391788637
3004804,44.1508163666596
3004805,1.5618475573943464
3004806,116.3309727417788
3004807,182.11761807174491
3004808,1.4256538079627759
3004809,3.9357364029087116
3004810,119.2065158427059
3004811,18.837099830864688
3004812,377.69176553787054
3004813,3.053235321046472
3004814,2.1521744969987964
3004815,6.557918446955652
3004816,0.3739699010614912
3004817,6.443455197356972
3004818,2819.1074679907374
3004819,0.6231122859580476
3004820,617.1848477809185
3004821,16.100756558027037
3004822,814.3684863759033
3004823,839.7205572887389
3004824,251.84711672742526
3004825,165.39385228689864
3004826,126.4172213533754
3004827,3664.132777566078
3004828,28.283013453611865
3004829,1.8299450916979347
3004830,23.799094513231875
3004831,21.948290437101427
3004832,0.41572466497031724
3004833,216.60376150356382
3004834,18.921569055077686
3004835,13.141949920680442
3004836,9.149591329300826
3004837,131.20556620326641
3004838,7.836472698808487
3004839,1010.6335341998714
3004840,252.8633266448669
3004841,8.789893957650156
3004842,7.5150499097858265
3004843,624.6634804106452
3004844,98.83869939187291
3004845,2055.86695498221
3004846,9.648610064122359
3004847,38.09280992630266
3004848,5.502336957403921
3004849,0.3717358546555271
3004850,4.009489951164741
3004851,3628.714284886769
3004852,0.5086358837034803
3004853,380.88682648497536
3004854,7.384791987071631
3004855,1147.0797603274352
3004856,613.0728844315772
3004857,968.1781401353716
3004858,80.49987847001987
3004859,95.29762467262833
3004860,5695.241027288865
3004861,10.636787572648764
3004862,0.5052180145626436
3004863,19.1461948331727
3004864,11.668632329686606
3004865,0.24128184109424275
3004866,277.3617497190861
3004867,2.1332281355513643
3004868,5.33933668637094
3004869,3.2183377961196546
3004870,68.98899006796864
3004871,0.9544518289360306
3004872,277.58256021006474
3004873,303.1325760025318
3004874,3.184672303021685
3004875,3.3740015822438068
3004876,513.2911990007149
3004877,62.27083415401783
3004878,791.3683679703789
3004879,59.40092758078814
3004880,7.234594851187692
3004881,6.244288017153675
3004882,0.4642824212258758
3004883,2.239628532214127
3004884,2878.425032107689
3004885,0.5005475420017304
3004886,331.83522843731197
3004887,5.933250921808411
3004888,1108.773147556535
3004889,468.1579983514373
3004890,305.7048183009144
3004891,176.68069500873185
3004892,80.72111293873951
3004893,3540.573901692528
3004894,10.441304157137424
3004895,0.7504591520892883
3004896,28.842617541923005
3004897,25.97594959737066
3004898,0.2402027571248932
3004899,244.22753875033663
3004900,3.5673031027259356
3004901,2.986806097925737
3004902,7.803927017458636
3004903,117.22915405274996
3004904,2.0343274077521194
3004905,91.10884453616285
3004906,227.53838246370415
3004907,2.372861036244182
3004908,7.323186356934707
3004909,151.93790786430208
3004910,138.8306516259909
3004911,1005.6742703278063
3004912,7.181096186506374
3004913,2.976028270268055
3004914,2.9286321180394657
3004915,0.3286506736532229
3004916,1.6874138949023618
3004917,1694.1015042854483
3004918,0.5237786843155704
3004919,151.34997722775546
3004920,7.360556812880491
3004921,563.3677248930859
3004922,263.490507372822
3004923,123.81113755163301
3004924,48.61249983152521
3004925,53.986548545941424
3004926,2348.223469321126
3004927,7.449748533834084
3004928,0.9544566156788636
3004929,25.375131405183946
3004930,15.723862914764961
3004931,0.2594032995551257
3004932,160.74676940616274
3004933,0.7780435737579936
3004934,34.95912812937876
3004935,4.9097651981263395
3004936,89.55536603519715
3004937,1.7763190351500482
3004938,74.44291769686285
3004939,129.8664899613196
3004940,0.5090450490499464
3004941,5.096185317128814
3004942,177.49413193382406
3004943,27.375859000279164
3004944,495.79920395152993
3004945,13.975291346175199
3004946,0.5120778710817676
3004947,1.9604465739244525
3004948,0.29794758952952466
3004949,3.0345910032385035
3004950,1330.2485837627771
3004951,0.48536672590050295
3004952,249.01307080076805
3004953,12.190797783126431
3004954,509.6555636644409
3004955,509.9109032221845
3004956,132.32035515490884
3004957,52.103481539145875
3004958,79.39403018804835
3004959,1961.7550921612337
3004960,26.339153141522516
3004961,0.6207920466845416
3004962,10.842211791495657
3004963,16.265862725074527
3004964,0.23030041629267686
3004965,115.46822052363538
3004966,8.350492792163756
3004967,3.285946460007289
3004968,5.195863725249316
3004969,81.76647070252866
3004970,4.028231669814661
3004971,593.2427677485352
3004972,128.08823099150183
3004973,2.79376734200221
3004974,4.874799511441957
3004975,377.3527696620929
3004976,35.4500799257191
3004977,1234.731607134105
3004978,11.468861076719053
3004979,10.987159413136887
3004980,3.858631850555331
3004981,0.3303109668254294
3004982,3.098375913562051
3004983,3338.457197494932
3004984,0.6364003827388592
3004985,787.6221231704853
3004986,20.86614291002509
3004987,1094.1491956759862
3004988,1288.922669933253
3004989,321.85050234915235
3004990,255.47901309256508
3004991,218.87727284755127
3004992,3970.3796351050014
3004993,32.75572514608783
3004994,0.9262069583662689
3004995,19.733628586151696
3004996,31.29846358028285
3004997,0.36280067317122255
3004998,241.5150022871572
3004999,9.440013300586426
3005000,41.6488271135005
3005001,11.766893599122291
3005002,130.3691409377347
3005003,15.712035640008164
3005004,668.1906458129456
3005005,260.147794280276
3005006,12.980330589040479
3005007,7.249114110082971
3005008,729.8474643310512
3005009,122.66242674246632
3005010,3436.5003091588014
3005011,12.838816233990958
3005012,33.64914726948785
3005013,2.3327962572243965
3005014,0.2817598743163905
3005015,5.4728537768098
3005016,2656.8939427421474
3005017,0.5023603353289836
3005018,476.7529278174114
3005019,7.265813739905379
3005020,505.37485440596595
3005021,862.7394133053226
3005022,187.30129893586252
3005023,150.28641298506582
3005024,118.83878236784889
3005025,2316.2532489093555
3005026,18.4859857005658
3005027,0.877585827776656
3005028,19.620953382580677
3005029,17.255238671680274
3005030,0.2772062344542656
3005031,121.15882091821685
3005032,0.4465609027970414
3005033,33.544180975345256
3005034,3.2277306560405186
3005035,237.51390294706334
3005036,8.793328258974688
3005037,416.735352310843
3005038,129.2950174562138
3005039,4.686072799135621
3005040,7.084540814572146
3005041,308.9818066828972
3005042,44.55536059499613
3005043,1970.8359644256504
3005044,0.7844936740017247
3005045,6.913025650190942
3005046,2.803638555217397
3005047,0.27237463567391534
3005048,2.8113762700065372
3005049,736.7495408752186
3005050,0.4383902145764489
3005051,206.86788141392526
3005052,5.517607832574077
3005053,336.8010369779439
3005054,217.6842483290331
3005055,98.97437068700503
3005056,37.6026012347843
3005057,28.3459113254298
3005058,1410.122514865075
3005059,5.922626100285605
3005060,0.8108044124335696
3005061,11.98641926700565
3005062,6.884105997444308
3005063,0.2122676777528313
3005064,66.38274555442703
3005065,0.5214732166056174
3005066,6.934468470141971
3005067,5.5441684441821435
3005068,36.97387584578528
3005069,0.5018390952600823
3005070,448.71900638770836
3005071,122.33456065057446
3005072,1.9741403083006164
3005073,1.5617180835980204
3005074,229.09731522807098
3005075,19.44334119642809
3005076,532.7688684699108
3005077,1.0111972067814328
3005078,3.8578797042384627
3005079,4.0257212922858905
3005080,0.3195078394294247
3005081,3.4578600156953128
3005082,2748.367115932984
3005083,0.5235234186333053
3005084,519.7868944380268
3005085,17.326763725746957
3005086,748.6401197111761
3005087,903.253964361759
3005088,286.3502276074521
3005089,231.3262279100816
3005090,158.543467676262
3005091,3474.5794488723504
3005092,21.536700375514528
3005093,1.2562802130771702
3005094,28.063224038738888
3005095,25.546723525544245
3005096,0.4097432566172218
3005097,172.45253112061687
3005098,1.4109874869368417
3005099,35.192602971927165
3005100,7.471875821741106
3005101,237.17862719399363
3005102,3.498930912088353
3005103,405.31895224740134
3005104,196.59717002918572
3005105,10.43992081301241
3005106,7.066270273665208
3005107,464.1346157867668
3005108,69.5464085839769
3005109,2293.4444983067847
3005110,1.1385218253139433
3005111,23.444576201345672
3005112,4.038981048303358
3005113,0.31253628055211735
3005114,1.8927776812996777
3005115,3021.087905579911
3005116,0.5023307836472053
3005117,487.16346440337463
3005118,12.504558504235462
3005119,1028.7287674370173
3005120,650.9321275982064
3005121,427.0099613892454
3005122,148.90566354066007
3005123,74.09118293850307
3005124,4132.948970602279
3005125,8.538183980860296
3005126,1.0122335385456978
3005127,30.09990966151888
3005128,23.9540355266273
3005129,0.4582664460559883
3005130,198.51846322332233
3005131,0.38171057133279884
3005132,3.6697402449579
3005133,5.443473710199241
3005134,72.9658263993911
3005135,0.9782130096140746
3005136,174.00392832362405
3005137,252.75176248873214
3005138,4.725067898282015
3005139,4.397880257359034
3005140,219.77003066919355
3005141,79.77592079344451
3005142,1101.2783480353628
3005143,1.3637134780414932
3005144,1.614309550508393
3005145,3.796188752419414
3005146,0.3093862152125942
3005147,3.151482973223867
3005148,2814.407598837848
3005149,0.4987252146429908
3005150,482.8261137486942
3005151,15.836825665843246
3005152,866.5898537535351
3005153,558.541109834341
3005154,285.19783546295525
3005155,142.52767235567194
3005156,77.96071998403988
3005157,3409.352965169655
3005158,10.372332148601078
3005159,0.8650658012283032
3005160,27.06964093066482
3005161,17.387899687598303
3005162,0.2451504930763274
3005163,186.50578114551428
3005164,0.3783944888408335
3005165,4.222476875224115
3005166,2.6951005178893284
3005167,149.48437014702836
3005168,1.3011641088710555
3005169,104.6438031456493
3005170,175.46724711486596
3005171,3.2198620434940493
3005172,4.387309832532336
3005173,219.52673152184138
3005174,56.705467681913284
3005175,851.2780485960604
3005176,0.7497772439670629
3005177,2.7459420927049845
3005178,8.503837512122752
3005179,1.5130413735409336
3005180,11.47880191896052
3005181,7598.361700885044
3005182,1.9040474006660193
3005183,1221.1732183090355
3005184,45.926458949944404
3005185,1897.049178924492
3005186,2048.681632112688
3005187,421.30264153200096
3005188,519.41346144678
3005189,400.0432478344743
3005190,8159.871240663839
3005191,74.2472928725246
3005192,2.832134804811023
3005193,62.64229801352798
3005194,55.58348019441469
3005195,1.3861792455635256
3005196,480.6320030584243
3005197,38.24525639867095
3005198,58.99583058595875
3005199,25.486687645862094
3005200,364.3647498705285
3005201,34.690020958013655
3005202,1297.1489861820446
3005203,502.15821295278323
3005204,20.885941145896616
3005205,23.925483899967894
3005206,1490.1628533945832
3005207,259.90300174923755
3005208,7126.505662444757
3005209,0.516059985923025
3005210,112.80436259614636
3005211,2.783062505284577
3005212,0.3616565313563821
3005213,1.0613219157286946
3005214,1189.1758091204806
3005215,0.4897369887668891
3005216,126.86676231364711
3005217,3.997051445858142
3005218,480.96962530474286
3005219,219.63962629925967
3005220,137.14457668279425
3005221,121.4218741795924
3005222,48.71467463912025
3005223,1932.3565401392295
3005224,3.5021700908143454
3005225,0.394111644085776
3005226,9.806157113964472
3005227,9.349439419626211
3005228,0.2783422163840841
3005229,115.5462786693165
3005230,0.5952235059721052
3005231,32.44771140324507
3005232,3.562594073238461
3005233,81.44324349554458
3005234,1.10127446264571
3005235,51.91034111746107
3005236,86.54163894635552
3005237,1.8600389864717293
3005238,3.339487041053122
3005239,126.26402535545924
3005240,18.82553245605965
3005241,438.9877114649953
3005242,6.617759456601793
3005243,2.685963505090011
3005244,6.32305758183402
3005245,0.33566165993805464
3005246,2.6724444313372078
3005247,3128.7181145436857
3005248,0.4969952547175294
3005249,496.4675230226517
3005250,11.75865647975603
3005251,1083.11284976087
3005252,572.22503850615
3005253,330.7539898864213
3005254,288.79499708526396
3005255,90.56515249576374
3005256,4382.115926785551
3005257,7.727948717106379
3005258,0.45139350951385315
3005259,21.23135348886549
3005260,20.76557944754535
3005261,0.2639904342533753
3005262,251.83492688401947
3005263,0.9959731566995036
3005264,4.298509925473017
3005265,6.645229591677616
3005266,28.959239591517637
3005267,1.134089296852577
3005268,337.94783197780487
3005269,210.12349751648796
3005270,3.6252246932471976
3005271,4.67559921862275
3005272,156.51235270003144
3005273,61.02360042321778
3005274,1093.1625018366533
3005275,0.9577618994313677
3005276,4.6086788290808185
3005277,1.4660128671564876
3005278,0.17777902776717258
3005279,0.43436812905596395
3005280,1145.149745093337
3005281,0.4046330354041055
3005282,92.39238030407984
3005283,3.008476863705659
3005284,412.59785824383175
3005285,114.81073896722191
3005286,113.25772685191077
3005287,146.65542100935173
3005288,15.906046622018954
3005289,1605.5166761525884
3005290,1.4598188846146711
3005291,0.3348739759731517
3005292,5.584350580598297
3005293,2.7653085133406488
3005294,0.1544550517696402
3005295,72.77176192323952
3005296,0.27535889648782996
3005297,28.634970286737786
3005298,0.9442732850849509
3005299,55.13661792151486
3005300,0.30268282270610564
3005301,56.79584640281347
3005302,57.15216957579429
3005303,0.5817972432833425
3005304,0.9470076682691383
3005305,64.8686416453242
3005306,7.93437642523727
3005307,173.04876315803443
3005308,8.343937931851436
3005309,0.8419882591552534
3005310,4.512478818308669
3005311,0.26688120594982023
3005312,1.4294428899466862
3005313,1769.2156415045185
3005314,0.4494221051627514
3005315,167.11251633787077
3005316,8.749033503600952
3005317,827.9370357426297
3005318,341.99157648282943
3005319,184.58773930611665
3005320,99.89913573122266
3005321,72.31986063530319
3005322,2642.055944971694
3005323,2.6014579722429265
3005324,0.5685211388856657
3005325,23.49744901604042
3005326,10.96619378442437
3005327,0.2599902200801402
3005328,157.76861040481555
3005329,0.334612978241352
3005330,30.054384066639457
3005331,10.355989457281682
3005332,53.40080590164249
3005333,1.2687738916269558
3005334,200.87723645394573
3005335,164.28877619172877
3005336,2.055531848261439
3005337,3.1336052274230877
3005338,261.0746634108705
3005339,25.91196870080426
3005340,1080.4660745865217
3005341,14.793310630054114
3005342,0.6926411556420696
3005343,2.7228724772662165
3005344,0.5211814969514263
3005345,2.712361593544176
3005346,2633.6602545686637
3005347,0.5351526943605001
3005348,674.6191800236738
3005349,10.04762039051609
3005350,872.010927921781
3005351,598.0608041221391
3005352,256.6840129732353
3005353,114.43033622014661
3005354,84.7731486704441
3005355,4060.687867588868
3005356,5.610515866901317
3005357,2.136047102600105
3005358,30.66822764063893
3005359,39.669592521733904
3005360,0.33160259497654965
3005361,200.95521302155848
3005362,1.7755723985773062
3005363,7.8387279102276235
3005364,4.0888638719490356
3005365,54.91264333641961
3005366,2.0130431366495514
3005367,180.6385871869726
3005368,236.94539754995515
3005369,3.0974250499076135
3005370,6.856085869497202
3005371,176.6637403392205
3005372,32.375485270352314
3005373,609.3577436311558
3005374,2.5926786027804813
3005375,1.2902743428271009
3005376,3.343535607314431
3005377,0.1445412310331313
3005378,0.1478875044719895
3005379,1511.368612481569
3005380,0.2999768226322303
3005381,93.56326521511414
3005382,4.108299232614833
3005383,452.1399270485406
3005384,142.98666109864192
3005385,104.73230726004076
3005386,108.82473299216232
3005387,49.256995875954715
3005388,1799.6527543671964
3005389,5.036097793647304
3005390,0.517028688300011
3005391,9.947185241776719
3005392,5.880327160827994
3005393,0.14153766345829474
3005394,98.09606889982425
3005395,0.26275715925135645
3005396,27.25891706168867
3005397,1.6170534667461594
3005398,44.292177001804376
3005399,0.8736189672435125
3005400,160.1939260956294
3005401,68.5717461598148
3005402,0.4696109529150811
3005403,0.9992010091563752
3005404,70.29191053703035
3005405,16.383329061442062
3005406,320.88207016496574
3005407,6.740882885249204
3005408,0.5922498365940624
3005409,4.183381765291098
3005410,0.28328247161302933
3005411,0.6488737650120124
3005412,3480.2547530875217
3005413,0.4690343669379571
3005414,479.3547234835161
3005415,8.445981000572589
3005416,843.1409599259487
3005417,536.5448415422494
3005418,225.66604942910703
3005419,108.41365890245734
3005420,106.36094846492712
3005421,3565.8049236803627
3005422,6.4186582039425
3005423,0.7013055651882574
3005424,25.52236156811276
3005425,10.946362938357396
3005426,0.2812107247761224
3005427,190.44990039540573
3005428,0.3599340189480754
3005429,36.33277744022646
3005430,3.742519919794999
3005431,62.58147673967256
3005432,0.8788553026605443
3005433,224.63107818369255
3005434,183.60588435574468
3005435,2.451287139385229
3005436,3.1334442894466257
3005437,136.96862997095826
3005438,46.443432884459185
3005439,1153.452127127872
3005440,0.7714097504921398
3005441,1.0738053950310666
3005442,3.1154278313469983
3005443,0.32834068141074557
3005444,4.988714147671538
3005445,2550.901743440825
3005446,0.5302267195611712
3005447,438.1856863040908
3005448,9.708459572262019
3005449,823.9960024708422
3005450,846.3660957953109
3005451,162.15523775559294
3005452,126.67123242660278
3005453,128.88755603441848
3005454,3224.4950751502683
3005455,47.8646805422303
3005456,1.816936393641666
3005457,33.63698315898351
3005458,24.517835220567722
3005459,0.265289891657528
3005460,188.54650350646693
3005461,15.388427932297914
3005462,23.93406723446099
3005463,2.6227180349072317
3005464,141.16254207500782
3005465,7.809048676770999
3005466,323.90810910530695
3005467,216.5493953196239
3005468,11.522841174685116
3005469,11.502605538039269
3005470,276.13550102604154
3005471,79.41206148968179
3005472,2365.0472634785874
3005473,11.221802490882832
3005474,15.425432759510452
3005475,7.343633373743813
3005476,0.3267635563016932
3005477,6.0369886681680915
3005478,2012.8214626322547
3005479,0.5276281151571227
3005480,368.2153664131871
3005481,10.827060424090238
3005482,804.5519843415752
3005483,731.919850052389
3005484,150.8402306532906
3005485,79.61509671344771
3005486,113.99657071842647
3005487,3242.4763430257126
3005488,22.041427210111852
3005489,1.1417504435336057
3005490,33.77404458463105
3005491,24.895413293117876
3005492,0.2748445736758969
3005493,282.0128635876129
3005494,14.528378775123375
3005495,16.624688768182043
3005496,8.43491275606965
3005497,136.5299083990694
3005498,13.764057372969525
3005499,225.12340079513285
3005500,296.9492534686523
3005501,8.430091667931322
3005502,5.789849765238959
3005503,179.06335690979398
3005504,79.96679882934258
3005505,1874.8166228473062
3005506,2.325422187600424
3005507,16.63265620933601
3005508,7.210974200778914
3005509,0.39484068141267153
3005510,2.3410480881872755
3005511,2883.8449151230034
3005512,0.527512865079886
3005513,607.7116302960918
3005514,7.069112841550856
3005515,1158.0088739676285
3005516,607.5990900747804
3005517,188.9295681882545
3005518,193.57464114327087
3005519,62.27165254617196
3005520,4902.8741378682225
3005521,24.560213253116206
3005522,0.6316650509565231
3005523,17.67829572750884
3005524,17.86999153944176
3005525,0.2625567066853404
3005526,283.10486364737386
3005527,4.075160583147651
3005528,15.389435014000956
3005529,11.972338131171009
3005530,72.89032072967117
3005531,4.726860993840021
3005532,158.49233545768908
3005533,248.1084690295348
3005534,5.089773983206918
3005535,11.448533977651003
3005536,310.4229849818578
3005537,64.04503553257462
3005538,1442.138853946045
3005539,5.316364003806646
3005540,11.826252171278364
3005541,3.396225762492562
3005542,0.5867735181764948
3005543,4.116854453064612
3005544,2266.145792359759
3005545,0.6069138128284788
3005546,331.5247352641077
3005547,7.335252930867827
3005548,754.5664739740143
3005549,734.5037882797444
3005550,221.5907851095331
3005551,146.77307111722396
3005552,98.6296589862591
3005553,3098.8812058053672
3005554,22.092668958233197
3005555,1.2125758169821417
3005556,16.948514298864808
3005557,11.011928778721067
3005558,0.520375114245966
3005559,173.43597417781402
3005560,15.770320735093245
3005561,29.174838306437493
3005562,1.727883107345063
3005563,150.47219626062028
3005564,7.326509462959685
3005565,597.0068247962621
3005566,211.43638136500942
3005567,5.490564012672053
3005568,8.508548467137794
3005569,479.9941151654453
3005570,47.720641791949035
3005571,2001.5017519383355
3005572,8.989994602705233
3005573,28.767435850149923
3005574,3.890202628163965
3005575,0.5219974370843178
3005576,3.0710752140205315
3005577,4942.915649187906
3005578,0.5180420888870538
3005579,354.7996396619035
3005580,9.948590209717782
3005581,1394.8260564114626
3005582,483.61852728514367
3005583,322.3034721176143
3005584,132.97118856659336
3005585,62.661130884224704
3005586,5747.720528756585
3005587,10.123061684484888
3005588,1.054545635920551
3005589,20.49055930450498
3005590,22.582067623049973
3005591,0.2532651376477658
3005592,306.90028657689555
3005593,0.4537765051503101
3005594,32.438266677155035
3005595,6.256179678948317
3005596,43.561283931303265
3005597,2.6389925364362807
3005598,129.27664272705894
3005599,253.84630066771123
3005600,5.05044809138018
3005601,8.587023418685778
3005602,257.0059388069655
3005603,45.82828517819219
3005604,946.3918498627534
3005605,21.516037674584013
3005606,2.4721311339253216
3005607,5.461438187046657
3005608,0.3225185081700075
3005609,7.310365207552956
3005610,1927.9156375356129
3005611,0.5181531117863354
3005612,412.8036155134918
3005613,15.75778106651846
3005614,1042.2499862800776
3005615,678.4492436179145
3005616,230.585403768046
3005617,128.98458173503946
3005618,213.6623407005696
3005619,3340.3459036962277
3005620,28.109428813852038
3005621,0.6947772527706981
3005622,19.794701662746178
3005623,19.73897914234469
3005624,0.2963073626962177
3005625,213.58810148142402
3005626,12.32002310108465
3005627,24.24270032703676
3005628,7.468114301913674
3005629,141.69709886930454
3005630,6.881890831287373
3005631,378.92292541045174
3005632,258.7328752565825
3005633,9.732351915295371
3005634,6.47243616992773
3005635,224.10464418996628
3005636,51.096909068137734
3005637,1957.1283265270627
3005638,0.4561758254001079
3005639,8.157061761632338
3005640,2.74671681682357
3005641,0.32090463058737495
3005642,4.283019466912718
3005643,2177.294927491114
3005644,0.5157215066438935
3005645,412.58542278431423
3005646,9.327196552382771
3005647,633.8616935852176
3005648,835.3688427685021
3005649,184.97467723030505
3005650,138.8196142587901
3005651,123.86231184578698
3005652,2641.3281461428282
3005653,23.861236178541404
3005654,0.7177110144603467
3005655,19.01762618703775
3005656,17.55747022581592
3005657,0.26384920560796743
3005658,159.42316932934895
3005659,12.815883784026578
3005660,39.106335920819994
3005661,5.7075864051042196
3005662,95.93135001267704
3005663,9.07099668142568
3005664,309.7614264490169
3005665,219.39972529559307
3005666,7.177651174588201
3005667,8.783311360489524
3005668,284.95572635446285
3005669,48.818548847830655
3005670,2072.234128351834
3005671,0.3614094637829591
3005672,17.331205133576702
3005673,4.72072250643631
3005674,0.3020928670655189
3005675,3.157870768429523
3005676,4868.949211312718
3005677,0.4920787330206595
3005678,524.6613767160145
3005679,17.821311938064348
3005680,1200.0660118963242
3005681,615.2007348369243
3005682,318.61008285912294
3005683,192.19073428521358
3005684,64.45630691910891
3005685,4506.651396345111
3005686,9.266138997640706
3005687,0.36178432110445524
3005688,12.691767099874129
3005689,18.17397078673813
3005690,0.22868529995277959
3005691,215.31304717434722
3005692,0.41179854414826966
3005693,9.848112832333069
3005694,2.7208145186970176
3005695,98.00592704066901
3005696,1.5914996412421423
3005697,203.91610122178182
3005698,272.7444677223501
3005699,2.703089758041346
3005700,1.3429959975231056
3005701,334.9470822939886
3005702,138.0411902994434
3005703,1165.637180950749
3005704,1.787943517493912
3005705,0.6483780702697727
3005706,13.73785976715466
3005707,0.9303427269823016
3005708,14.03797042547013
3005709,9031.176564778285
3005710,1.6008354232745556
3005711,1627.6123878035482
3005712,31.05092602983925
3005713,2241.832687912843
3005714,2456.8062370591165
3005715,634.7311333457315
3005716,649.4434941404476
3005717,505.7384961695538
3005718,9181.564051381381
3005719,81.56217313756153
3005720,4.141605766551792
3005721,114.07270486268428
3005722,104.74909737460416
3005723,1.2067701331413294
3005724,584.7023820703132
3005725,35.875927033410505
3005726,28.19735677136398
3005727,35.04272726686337
3005728,519.9397117881543
3005729,28.49258060427902
3005730,1519.5383366695055
3005731,533.8407306691942
3005732,30.216122973863737
3005733,38.73132388658898
3005734,1586.5822330936808
3005735,279.61032186683235
3005736,8570.94094009944
3005737,475.41967674845677
3005738,121.8202704929988
3005739,13.164386511539336
3005740,0.6707405290007881
3005741,11.142258403149754
3005742,9029.279460644615
3005743,1.599028269598165
3005744,1300.6479670219767
3005745,37.57417709006503
3005746,2511.852867070132
3005747,2256.6871663066836
3005748,840.109089618911
3005749,392.11438205054594
3005750,415.74992917628515
3005751,10000.0
3005752,111.30814009900915
3005753,1.0438763955078538
3005754,78.0438138121939
3005755,80.95888143618777
3005756,0.8738428282221549
3005757,610.8572585345444
3005758,27.860770518479406
3005759,52.07421250955867
3005760,13.730563831527565
3005761,363.82947382402784
3005762,21.075681740797386
3005763,1922.3343733968059
3005764,669.9023741575569
3005765,22.75678439966287
3005766,29.722121912441025
3005767,1702.7114724852436
3005768,273.006851807442
3005769,6318.064681596319
3005770,603.0024953160248
3005771,116.9877214708636
3005772,10.31042760138228
3005773,0.6100649650947975
3005774,16.856425092125043
3005775,5508.093220529712
3005776,0.7637644890413258
3005777,864.98631647364
3005778,18.296999988431995
3005779,2082.4227963940248
3005780,1425.261985241186
3005781,917.61997175346
3005782,130.240492790875
3005783,250.3986277029504
3005784,8748.27411549
3005785,41.16463631844609
3005786,1.614097138178615
3005787,47.46163164943552
3005788,29.46177920651406
3005789,0.6557116704840518
3005790,566.74231207171
3005791,24.33171940661262
3005792,28.753051356494176
3005793,16.086351651095768
3005794,178.3961545982701
3005795,10.808483340270694
3005796,1800.221507629135
3005797,675.9085898597118
3005798,21.050350419132386
3005799,40.79393581694349
3005800,996.2918181622896
3005801,147.91796351029558
3005802,2574.9481895276667
3005803,412.71233054962454
3005804,52.4004945057665
3005805,15.335242722746274
3005806,0.6123958876046214
3005807,18.550374296536386
3005808,8789.019410195971
3005809,0.828813217561808
3005810,1214.5960060961293
3005811,33.833472968235824
3005812,2267.543717739227
3005813,2083.172912158793
3005814,811.8479067122995
3005815,368.06096179722374
3005816,278.38213878967275
3005817,9132.371565290625
3005818,69.39235561315647
3005819,1.4803856961468054
3005820,56.62020589857248
3005821,77.4713517844732
3005822,1.1302627680447068
3005823,592.8706270692
3005824,35.50649719610376
3005825,42.285899518031954
3005826,22.061591887583813
3005827,345.63187431746104
3005828,17.187926600976105
3005829,1539.6796252490244
3005830,672.3281539734662
3005831,18.438097362299374
3005832,26.373343420782412
3005833,1480.7181181989126
3005834,215.58508213845073
3005835,5204.684339769176
3005836,582.3090588851137
3005837,87.4142540095538
3005838,10.097984626261875
3005839,0.5844697909064431
3005840,14.094740892629218
3005841,4217.185567701206
3005842,0.7851622959115394
3005843,785.6451147060097
3005844,17.64956562248304
3005845,1816.6989326906435
3005846,1191.4762504942346
3005847,718.5379746093479
3005848,108.89539014918483
3005849,187.13045229622855
3005850,7483.209247223655
3005851,46.26765546492797
3005852,0.7350984893710739
3005853,40.757897106702686
3005854,32.87557751350549
3005855,0.8093067349378793
3005856,494.08735712963943
3005857,22.16080239853201
3005858,11.99861048377495
3005859,9.301650193211245
3005860,169.85411638399702
3005861,5.650588285537806
3005862,1473.740228336877
3005863,765.4096390482741
3005864,14.115594208530187
3005865,22.698711763953625
3005866,1115.7006458151093
3005867,78.662174272231
3005868,1738.1175932564595
3005869,525.6589503153789
3005870,28.915536942939514
3005871,12.526791944918397
3005872,0.6028033206267711
3005873,7.693609016752561
3005874,6641.921321900245
3005875,0.8092059207055755
3005876,1310.89692130726
3005877,37.71604070210872
3005878,1752.9800568722753
3005879,2218.09486404323
3005880,519.884535582026
3005881,513.1948394142447
3005882,404.6898397941378
3005883,7697.937999652811
3005884,63.11687354986556
3005885,1.0119772658236796
3005886,49.342537791202844
3005887,53.42456661409449
3005888,0.7992897372781895
3005889,433.85055308287383
3005890,12.697242083733828
3005891,43.02711294234836
3005892,10.08038296176717
3005893,400.77115671427634
3005894,16.8502597667169
3005895,1428.5979418352945
3005896,465.457249222601
3005897,17.947643350030415
3005898,27.682462343069748
3005899,1383.8488556720583
3005900,244.66584769838988
3005901,6883.816420902256
3005902,312.8726317720042
3005903,113.82497932669902
3005904,5.356751120710137
3005905,0.465598031642067
3005906,5.369918379124834
3005907,1723.3357474988645
3005908,0.605733204588218
3005909,320.30348592247805
3005910,30.138983848810646
3005911,811.6582543806924
3005912,500.2299227761729
3005913,261.01840684004776
3005914,89.3656925674853
3005915,107.26320967568579
3005916,2858.8536396825175
3005917,29.751995868175058
3005918,1.005393596030195
3005919,33.26716021405589
3005920,22.220219038577017
3005921,0.6679231761388615
3005922,189.7251251985967
3005923,9.876792292175105
3005924,10.07862623256725
3005925,7.591397872650378
3005926,86.50379517271652
3005927,8.777826377904063
3005928,332.9266793229082
3005929,204.79393027928177
3005930,3.8149104416214588
3005931,6.89313991822478
3005932,313.0691442565686
3005933,51.67266783306965
3005934,1539.7199885793132
3005935,0.575785387632834
3005936,13.070135381304944
3005937,9.993634351935714
3005938,0.5340217122616333
3005939,10.367223389107142
3005940,4105.853845346343
3005941,0.7284093781864059
3005942,601.036208724335
3005943,30.579287596583175
3005944,1512.3580870835021
3005945,1049.9036438417343
3005946,531.0742455480795
3005947,108.70021325455485
3005948,169.06238081286486
3005949,6544.06262035028
3005950,79.11692119563614
3005951,0.8457994167738166
3005952,60.65298920318627
3005953,36.828743377159434
3005954,0.6785152838634886
3005955,379.15993036615464
3005956,17.748259642113954
3005957,7.5479410308631545
3005958,4.601259893165636
3005959,181.53426503760278
3005960,7.150730110945545
3005961,865.7034407956291
3005962,484.03500369103534
3005963,10.466066747938509
3005964,18.61601489484145
3005965,539.8535870553777
3005966,88.14333583752301
3005967,2102.6418960349883
3005968,434.03278075397327
3005969,21.1872166658192
3005970,5.749394027056847
3005971,0.537554055832077
3005972,6.647016780257685
3005973,4569.477102763093
3005974,0.9702889052549215
3005975,857.4995448123057
3005976,15.56632358484637
3005977,1428.193886930006
3005978,1667.5816131909196
3005979,352.0997471712975
3005980,412.7387606795821
3005981,332.89047493215287
3005982,5054.327475180399
3005983,41.52611932524902
3005984,1.023232585675214
3005985,28.131811363068092
3005986,36.118867685534376
3005987,0.8982798213632118
3005988,306.8579612955425
3005989,1.6011530345966172
3005990,48.68919702750172
3005991,4.231414453898547
3005992,252.89105098313127
3005993,11.121658600963674
3005994,1174.3611421683183
3005995,287.2218024495552
3005996,22.34779114788849
3005997,10.123953641805096
3005998,1401.1812462343787
3005999,138.03684169640246
3006000,5357.331030486412
3006001,1.5586389098364073
3006002,70.25590104955872
3006003,8.996594645765056
3006004,0.0
3006005,8.608342465391356
3006006,4587.396109648126
3006007,0.0
3006008,959.8952962547978
3006009,11.70073702392012
3006010,1695.693532458563
3006011,1289.7114080599908
3006012,452.0772778954626
3006013,228.9996555576762
3006014,477.21710847787466
3006015,6474.560086564971
3006016,41.964812210283995
3006017,1.4952243853405622
3006018,68.01688737511249
3006019,52.59723577897891
3006020,0.5844572449566892
3006021,365.7667481963798
3006022,4.385494836563168
3006023,55.1599720204599
3006024,8.176763924069077
3006025,368.2104119315803
3006026,9.263656759603785
3006027,854.5929743144752
3006028,355.15534110511067
3006029,21.62652472470742
3006030,27.669841268671792
3006031,696.5771146949635
3006032,159.1289388709088
3006033,5132.643264104896
3006034,2.833097804923249
3006035,10.12669150689378
3006036,8.838037928268083
3006037,0.3518626392277566
3006038,2.0008005279205427
3006039,2163.5989612828203
3006040,0.5347707004241604
3006041,470.5069021973943
3006042,7.1533572652830175
3006043,914.9885830185892
3006044,520.8802856166457
3006045,250.4257735258536
3006046,91.79987509511454
3006047,169.9031337847741
3006048,3049.148252597445
3006049,12.765698684978785
3006050,1.1587003876188091
3006051,22.99434734882994
3006052,20.545624667597966
3006053,0.26367467083984153
3006054,176.5072414514429
3006055,4.551408453127689
3006056,10.568336497326785
3006057,5.595499090517103
3006058,143.68123763517616
3006059,2.983762764477948
3006060,499.2059787403241
3006061,202.6023782340198
3006062,3.913318997505163
3006063,3.2564708913601326
3006064,251.38458540257335
3006065,59.50760863312263
3006066,2006.8846835991915
3006067,2.0046209227104086
3006068,4.963432329586062
3006069,4.150972182671342
3006070,0.24936074319800622
3006071,0.9913565119200342
3006072,3164.736514066827
3006073,0.0
3006074,160.91100483656578
3006075,6.051490439044784
3006076,776.9420621182511
3006077,216.55600583452514
3006078,239.36486337514964
3006079,70.32393414524314
3006080,32.51622410064033
3006081,2805.8414532750917
3006082,6.117460616672787
3006083,0.7183948102569255
3006084,17.631218447841636
3006085,8.583913837239614
3006086,0.18166771021968198
3006087,172.37888771308965
3006088,0.361564899310972
3006089,28.294270067095674
3006090,2.5251494675620085
3006091,31.267862912089853
3006092,0.8615696605640168
3006093,44.493134944335125
3006094,149.9509274364628
3006095,0.3032659015684235
3006096,2.5959927768363844
3006097,68.12814592813531
3006098,65.14652307274177
3006099,548.4560112335101
3006100,7.469069768391511
3006101,0.4143603929484571
3006102,4.310109988848022
3006103,0.36993491633866243
3006104,5.34568012548944
3006105,3110.7602121408727
3006106,0.6119849470998269
3006107,517.2943260980318
3006108,13.5186720724878
3006109,1099.7481335692992
3006110,945.5946084612306
3006111,368.5269926586321
3006112,173.05971009991913
3006113,151.33928392506894
3006114,4289.631072644547
3006115,34.5090585739946
3006116,1.024956825425804
3006117,29.375853832965426
3006118,49.158197063659244
3006119,0.4160357193133666
3006120,249.85814822538802
3006121,17.018557569511657
3006122,15.100688611218873
3006123,18.274503081171456
3006124,130.19091726954775
3006125,8.096409886488104
3006126,680.0731161422475
3006127,279.33913305719784
3006128,7.028778947651226
3006129,14.335124334805869
3006130,674.6470370262405
3006131,107.95728120861833
3006132,2208.17842144917
3006133,10.193361769327293
3006134,48.49784114082455
3006135,3.823315750203885
3006136,0.4476144505374571
3006137,5.455952573155283
3006138,3734.133591902343
3006139,0.972910592566627
3006140,614.2857218419645
3006141,22.24442943686757
3006142,946.9097108049307
3006143,1272.61939426999
3006144,214.65488428386092
3006145,279.77229714054357
3006146,251.23473650798144
3006147,3693.556630838521
3006148,37.56199436818114
3006149,1.678849695034006
3006150,35.08594580473673
3006151,24.606801626569702
3006152,0.6249370231905456
3006153,204.83304801946775
3006154,10.765864004748106
3006155,40.63236304268984
3006156,9.389760850561029
3006157,266.61667977115496
3006158,14.74167556940442
3006159,647.0082169158727
3006160,205.39797208206596
3006161,6.376618032609694
3006162,15.186019858698252
3006163,784.1882474939573
3006164,126.6300754525571
3006165,4449.201577525152
3006166,0.23412601456482046
3006167,51.36397921339783
3006168,3.2076411211440017
3006169,0.6254667727340237
3006170,8.363630707437318
3006171,4222.395882900481
3006172,0.7594920553301034
3006173,767.2656177287136
3006174,29.496353892979833
3006175,1098.2220226783509
3006176,1401.9362521724288
3006177,326.76835758855225
3006178,322.3019626837096
3006179,177.28625983911047
3006180,4601.985121333586
3006181,40.74278625265853
3006182,1.843018613835368
3006183,39.38778076982027
3006184,33.926969955952586
3006185,0.7354321096458138
3006186,320.2533060976141
3006187,26.26923235563554
3006188,30.592432845874377
3006189,23.791253010724173
3006190,216.60830251160468
3006191,18.099146711804913
3006192,663.640567530973
3006193,331.4816147904496
3006194,16.257910318059324
3006195,17.857222565895118
3006196,815.3399643619297
3006197,132.44193171662826
3006198,3924.444597511704
3006199,0.5237443437627398
3006200,58.69903703877998
3006201,11.886768752084581
3006202,0.37701240514394185
3006203,5.020503236164225
3006204,2840.1408395663857
3006205,0.6400934516380856
3006206,420.37434433743374
3006207,11.353968074434395
3006208,1465.6445991887608
3006209,713.009362275588
3006210,633.0448031847833
3006211,136.98942744960684
3006212,87.33191360706127
3006213,5819.946998991647
3006214,11.534218701930774
3006215,0.988381088140326
3006216,52.933989155683825
3006217,30.915452213348612
3006218,0.31281776887029733
3006219,341.66787272815446
3006220,10.022642946307712
3006221,3.74585033220838
3006222,6.094443210111298
3006223,70.44551801017333
3006224,3.5437961732676717
3006225,335.29138478173473
3006226,358.88218500334415
3006227,5.889554988463495
3006228,6.45308988458906
3006229,483.5490038912535
3006230,103.99105686968106
3006231,1283.1571188293135
3006232,137.2786183322251
3006233,11.700874972079967
3006234,4.427382111055165
3006235,0.37867491155766697
3006236,3.83014534817673
3006237,1884.8773777498518
3006238,0.6096776070808829
3006239,282.9288907305898
3006240,12.448758909426402
3006241,488.9261581474193
3006242,615.0216984107203
3006243,121.99482083054143
3006244,136.929438067782
3006245,128.26076810695028
3006246,2020.325173336536
3006247,15.013620309851351
3006248,0.7651384778669813
3006249,19.782036443355622
3006250,18.9901565564071
3006251,0.5190000014812007
3006252,148.570814073609
3006253,12.169963530169735
3006254,13.07180110435541
3006255,4.430192471965556
3006256,122.70533371831509
3006257,7.911011056675924
3006258,350.9612099102538
3006259,163.83352612312615
3006260,5.501956939722492
3006261,8.129747953896294
3006262,244.58292193671892
3006263,57.68331820757568
3006264,1964.8885819625625
3006265,1.8082749517473067
3006266,23.06984596451308
3006267,2.254980274996227
3006268,0.3729106355128335
3006269,1.242572376529494
3006270,1474.93204898458
3006271,0.49994004910178785
3006272,108.70861740601745
3006273,5.71722164009392
3006274,754.8460436667912
3006275,300.70594119983815
3006276,265.40034810724114
3006277,28.135865601296594
3006278,42.80566443474558
3006279,2827.399996485322
3006280,6.875536620789001
3006281,0.47505348278539034
3006282,13.55310677147371
3006283,10.869131193266888
3006284,0.2712656170203985
3006285,177.6310439521285
3006286,4.897190876298479
3006287,21.75325456429284
3006288,1.7603067871937483
3006289,32.125704109384195
3006290,0.8105802643909896
3006291,163.0025112699285
3006292,185.4809585784773
3006293,0.6209211335810088
3006294,5.432709798687268
3006295,157.85610223173035
3006296,31.884962698277228
3006297,251.6549325066946
3006298,6.254368136699617
3006299,0.9479780122446946
3006300,8.88427543088194
3006301,0.5512696009315093
3006302,4.713043710863104
3006303,4748.362093465409
3006304,0.5056312470306518
3006305,591.6508515162121
3006306,17.288007640465935
3006307,1691.9062125694468
3006308,603.2245157420901
3006309,440.2109187995246
3006310,162.41845763880244
3006311,128.08352420180776
3006312,7264.591519528023
3006313,28.737485273102532
3006314,0.7723211644613275
3006315,42.2234519214975
3006316,19.91930664352438
3006317,0.2924014377939195
3006318,420.52842970798827
3006319,12.262672646787614
3006320,2.4857002025402144
3006321,7.974298154743492
3006322,81.34066682710629
3006323,3.401164815976717
3006324,510.03353158694784
3006325,350.11830136792855
3006326,3.3494364953261218
3006327,15.657784849973863
3006328,369.43892769966703
3006329,85.51984004220218
3006330,1300.6743339092263
3006331,20.38746227887692
3006332,12.099361440927119
3006333,6.164056038094924
3006334,0.34436457198660847
3006335,0.7826096201756481
3006336,1723.3460716786008
3006337,0.47313123545719804
3006338,162.65965488011227
3006339,9.518911112530713
3006340,788.7836999868625
3006341,369.3635719363556
3006342,206.6736377983653
3006343,53.29604521399895
3006344,58.14059996249151
3006345,2921.1060928522043
3006346,6.210144492379023
3006347,0.5608822026313469
3006348,19.257629886910756
3006349,19.389277633463866
3006350,0.2742549591682259
3006351,161.75183244999835
3006352,7.693017244030197
3006353,26.054919821627873
3006354,9.063620062868113
3006355,75.1759154321542
3006356,1.6921982213319962
3006357,125.19321151595854
3006358,175.38980402909365
3006359,0.7767485541011497
3006360,6.875108444172378
3006361,148.3707673102392
3006362,28.0702546474768
3006363,361.6746508250901
3006364,7.35997281868898
3006365,3.733498711985688
3006366,6.859799595292298
3006367,0.33665713799063945
3006368,4.1054450934984335
3006369,1892.5761943340526
3006370,0.4595143254927342
3006371,130.8558193602505
3006372,10.844619847352398
3006373,839.8952831811014
3006374,344.89886787125135
3006375,196.69847251691334
3006376,41.62815455601222
3006377,50.36516984933713
3006378,3324.0896286625293
3006379,12.235854301364991
3006380,0.35191957458043416
3006381,17.56013270938093
3006382,13.001655784672225
3006383,0.22906195975218355
3006384,184.96845721327148
3006385,3.551460572028384
3006386,19.364053870917818
3006387,3.1114537643650237
3006388,81.42868254174525
3006389,0.7218025582877985
3006390,172.95133870336738
3006391,231.5914238416577
3006392,0.7422393774348326
3006393,4.218271953467611
3006394,144.68997158179815
3006395,23.032800496308887
3006396,215.65553532687446
3006397,6.131026819009515
3006398,2.8505218496964138
3006399,4.948532437350659
3006400,0.33511666966311676
3006401,2.574703011714773
3006402,1632.8989962297749
3006403,0.45646373678404917
3006404,182.27724805378284
3006405,10.590864722601225
3006406,1282.8078879370057
3006407,453.53779338982906
3006408,294.38180111174836
3006409,38.17493529887095
3006410,82.69244960356204
3006411,3523.8497710910397
3006412,6.730919115108694
3006413,0.4539245423317296
3006414,12.303744927537043
3006415,26.302961261488466
3006416,0.228723557329713
3006417,276.8184098843856
3006418,1.1502600929513642
3006419,24.950421265892096
3006420,3.1486856850862153
3006421,31.786936864523398
3006422,2.1517350860297717
3006423,356.4341719832971
3006424,304.14888305603836
3006425,1.1456845007218366
3006426,5.387183488266835
3006427,176.29487752357187
3006428,95.68639217109688
3006429,453.188387254354
3006430,2.9688125425754412
3006431,9.194008553444185
3006432,4.230349059057633
3006433,2.148366511835693
3006434,2.3335413540474086
3006435,1679.4594027012463
3006436,0.4667291667532874
3006437,151.44238739513165
3006438,4.490517188205003
3006439,874.7693124841347
3006440,313.19228377080475
3006441,255.82968387603023
3006442,78.66347691093596
3006443,86.37840251283626
3006444,2670.3437919651155
3006445,5.887391827529238
3006446,1.069182099062896
3006447,15.806246801682514
3006448,20.21286489861796
3006449,0.23659542717348958
3006450,207.22868122399402
3006451,8.894160920170757
3006452,25.87949320959416
3006453,5.9906740771201274
3006454,43.81315033373725
3006455,2.909538140866995
3006456,104.99391763545574
3006457,169.191872619583
3006458,0.8558739702676319
3006459,5.405096813032539
3006460,96.88489838174843
3006461,41.58644957881758
3006462,522.2541879945892
3006463,6.590868473549543
3006464,3.0523095820526756
3006465,4.96763706650807
3006466,0.4863950880054785
3006467,1.002116594635139
3006468,1340.1390569332264
3006469,0.4620196002330966
3006470,142.58010774578355
3006471,7.010584599077739
3006472,731.6129310479513
3006473,250.53262464426868
3006474,140.5748951586884
3006475,106.69880377132517
3006476,72.76965153843081
3006477,2001.645319195676
3006478,2.993460843903565
3006479,0.4626772936876151
3006480,15.17012005067172
3006481,14.997160622867135
3006482,0.3191385529280738
3006483,157.79231915571538
3006484,0.6122101386860943
3006485,25.589763462023193
3006486,3.2482631898646503
3006487,73.62657789553712
3006488,1.673772180666123
3006489,44.22275793301559
3006490,139.4368154445519
3006491,1.3042898387084576
3006492,3.6630439569097284
3006493,63.921438516253254
3006494,28.313874005741557
3006495,485.6160780169581
3006496,2.7520555107767932
3006497,0.30278703692315445
3006498,9.42924481909159
3006499,0.3861414507232605
3006500,4.254818980825663
3006501,3365.7367758186633
3006502,0.5213479468636552
3006503,322.7566442517891
3006504,10.195327581444083
3006505,1141.902268198664
3006506,670.9640788683439
3006507,554.0103145853589
3006508,145.21702296291195
3006509,174.55978579832754
3006510,4588.855555839439
3006511,18.734152588658723
3006512,1.4861299938964878
3006513,28.281255714753048
3006514,22.824025124088784
3006515,0.44136554327160005
3006516,301.1217398617092
3006517,0.6684843355407384
3006518,27.764992083538512
3006519,12.211640476781149
3006520,97.96884875612535
3006521,4.920904851188082
3006522,202.52127179852414
3006523,290.06713842827054
3006524,3.0170817008316786
3006525,8.388884248839528
3006526,400.6900096937828
3006527,68.12812322899629
3006528,1216.577697611645
3006529,27.08285905162108
3006530,15.231986694697783
3006531,5.2349179509340775
3006532,0.4069708594782593
3006533,5.495301752646431
3006534,2436.294256080565
3006535,0.0
3006536,587.0389607254463
3006537,11.603256922355673
3006538,708.363480423828
3006539,634.9881375599314
3006540,224.04496930435158
3006541,166.95922134330738
3006542,90.5879325314535
3006543,3049.3964921954
3006544,10.909189369205217
3006545,0.6143192703891447
3006546,26.266472719884682
3006547,21.216113397102625
3006548,0.29490386570328464
3006549,217.46496967921286
3006550,9.312947124533416
3006551,3.588323324708708
3006552,7.598296723103173
3006553,84.09621431104688
3006554,1.8732911827878564
3006555,99.14767917352499
3006556,182.56558247989926
3006557,3.5110644135453435
3006558,6.756337491017853
3006559,199.5628326706078
3006560,56.54202358195906
3006561,1525.4759832407717
3006562,62.63473913099282
3006563,16.399530509408013
3006564,8.338037909717904
3006565,0.6094841245102103
3006566,4.201143508334398
3006567,3534.629650673668
3006568,0.5267561860807413
3006569,221.54996752784547
3006570,9.609325603972986
3006571,1306.684293500331
3006572,466.31757329082626
3006573,386.25710185615776
3006574,55.54571816366921
3006575,64.36470522264352
3006576,4377.248861992743
3006577,22.620061360335622
3006578,2.2276370171024764
3006579,19.073432505910745
3006580,16.1065061410601
3006581,0.3537758945213551
3006582,257.88770280635845
3006583,11.804332752608524
3006584,31.615282637556664
3006585,3.155942140066525
3006586,70.33779379644275
3006587,2.793811995988299
3006588,193.99290137837932
3006589,273.268559244852
3006590,1.531877428706597
3006591,8.087789802688798
3006592,302.4680678035183
3006593,31.047006485548106
3006594,571.0701674888517
3006595,14.988895816726613
3006596,5.176614392084426
3006597,7.330013723348021
3006598,0.4348191159023327
3006599,6.531533652668539
3006600,3159.1704603614917
3006601,0.603126505363073
3006602,680.6839175533484
3006603,15.638145392093028
3006604,832.3723781779008
3006605,878.1030427701481
3006606,261.4442488230067
3006607,194.3938309993577
3006608,139.66152524936817
3006609,4045.486204839444
3006610,36.25650382798189
3006611,1.7936672451923092
3006612,24.433242768509853
3006613,21.249621529996563
3006614,0.4826697482664446
3006615,260.8728905847355
3006616,29.01782931189742
3006617,17.831648516094912
3006618,6.925797431732075
3006619,160.84242337914458
3006620,12.713667753138346
3006621,431.29142401063507
3006622,270.2432978558963
3006623,9.605108190791224
3006624,8.904139867828691
3006625,468.66910844831006
3006626,117.55365058500611
3006627,2358.0337097752763
3006628,2.2233657709150023
3006629,34.783925817956955
3006630,8.906321518313138
3006631,0.4457230055040391
3006632,4.750340074254351
3006633,5062.218238499479
3006634,0.5537103833189173
3006635,488.9662861878411
3006636,12.180518087844916
3006637,1425.0927751871463
3006638,830.5861996933575
3006639,786.0140181059404
3006640,113.02504902083969
3006641,144.40486775016544
3006642,6472.358976659596
3006643,14.885277745792653
3006644,0.7746578358419194
3006645,26.919068341914798
3006646,14.142364167421832
3006647,0.327455432478843
3006648,384.8044519515931
3006649,3.414174454222209
3006650,7.4074672393569
3006651,2.919280571628513
3006652,111.8095904502597
3006653,1.1087280946883333
3006654,327.923860327979
3006655,406.0943527816221
3006656,5.836065429259593
3006657,5.574392696665963
3006658,360.4001453980178
3006659,90.28114849901694
3006660,1158.6328579167237
3006661,69.65435279829252
3006662,21.794848448800206
3006663,11.203273474153507
3006664,0.4641056315066424
3006665,4.667182357572403
3006666,3230.9153443659798
3006667,0.5647729083824096
3006668,416.2763315471067
3006669,9.82458633883192
3006670,1383.0929864412285
3006671,611.1821378593653
3006672,336.6823352186568
3006673,236.13621873915264
3006674,174.57151905007547
3006675,4686.826264573057
3006676,13.453039892530128
3006677,0.6591830032200057
3006678,46.625205478896405
3006679,35.76492511616643
3006680,0.5564934650562129
3006681,319.7741449189417
3006682,7.041961284826255
3006683,4.145630697205975
3006684,10.643706267119818
3006685,154.18690237254924
3006686,2.6355240909201143
3006687,109.61368844075838
3006688,290.39719237842763
3006689,3.7133949257216434
3006690,7.1960554907300205
3006691,213.9967455753445
3006692,157.20252196239204
3006693,1313.0509647043634
3006694,2.72639762724067
3006695,10.391547332315515
3006696,4.476006487391976
3006697,0.3817952193303057
3006698,1.1454550889315653
3006699,1761.6128533445776
3006700,0.5173757575068184
3006701,132.87354854978346
3006702,8.881151675915348
3006703,633.5774259696367
3006704,321.7790047309034
3006705,149.38525645981406
3006706,45.590399357124156
3006707,115.65705739565551
3006708,2611.3708806466293
3006709,10.56520900939918
3006710,0.7466487051282819
3006711,30.147364998478434
3006712,19.04245832972103
3006713,0.29641194011424554
3006714,170.97078767137086
3006715,1.157713546079908
3006716,31.79329383289894
3006717,4.291319593973286
3006718,180.8158450706398
3006719,3.4686430693695622
3006720,87.64669442125272
3006721,144.49575257286696
3006722,1.402132061001935
3006723,6.161198810235214
3006724,132.879963464419
3006725,27.08662539950442
3006726,423.31044426898006
3006727,20.571043094528584
3006728,4.8784996252330215
3006729,1.8878718880027772
3006730,0.38220460904702447
3006731,4.183144570343025
3006732,1453.9508415509422
3006733,0.5788292282411284
3006734,233.03566873795944
3006735,15.32843802728339
3006736,511.082187788854
3006737,498.4026251559585
3006738,142.7547150565677
3006739,51.99218402887273
3006740,91.94284761656306
3006741,2121.6987156034893
3006742,25.52088895553434
3006743,0.6219558655527951
3006744,13.634410788735003
3006745,13.924208107186512
3006746,0.5050630705923583
3006747,132.61518621232335
3006748,11.130909733493919
3006749,3.6018092654519296
3006750,5.230466102528403
3006751,90.36807699679183
3006752,6.726498347706233
3006753,308.3594417299546
3006754,151.33345560674564
3006755,3.368922083445336
3006756,3.59508005184944
3006757,227.3880028677062
3006758,34.98593445851791
3006759,1060.15278471711
3006760,3.19204578207152
3006761,7.040565763457153
3006762,3.2220257693214904
3006763,0.3968632164424438
3006764,5.801470452166912
3006765,3990.8470900590955
3006766,0.5896687185074716
3006767,848.6588189725356
3006768,20.06425668331697
3006769,1141.0742675438294
3006770,1379.0675254356183
3006771,312.58640018867567
3006772,236.3574208822828
3006773,219.3561982156045
3006774,4385.415681848885
3006775,35.552785736067854
3006776,0.7345359644933099
3006777,25.544506986254376
3006778,36.22007050186175
3006779,0.3173489942244093
3006780,248.7981952382962
3006781,14.652934545380546
3006782,39.02133495523946
3006783,11.867271114009055
3006784,139.45733980903157
3006785,14.627038161704201
3006786,442.82866965301935
3006787,280.0531903092524
3006788,18.075892329808234
3006789,11.227310621592764
3006790,551.805680138251
3006791,129.90437384294376
3006792,3540.882799613742
3006793,3.514085771085773
3006794,25.709761326622203
3006795,2.6101164223447517
3006796,0.3588767910503765
3006797,3.8921243553381375
3006798,2975.0523400622433
3006799,0.4984520018692545
3006800,505.8971861825936
3006801,12.183734376654694
3006802,609.6789794842165
3006803,875.4064103614253
3006804,186.99623068923245
3006805,159.87514235229534
3006806,223.21065595363035
3006807,2525.287249518654
3006808,22.165836704924487
3006809,0.8536142500221308
3006810,22.85773226062205
3006811,19.710296599413724
3006812,0.28024390616552064
3006813,145.45134653547206
3006814,0.6594520525777856
3006815,38.75312201556879
3006816,6.9089845944004376
3006817,464.4292336250386
3006818,10.773995894241498
3006819,261.07362015253113
3006820,141.4416058395919
3006821,5.191225805482041
3006822,8.03974098877414
3006823,211.91191613007976
3006824,50.34461807290331
3006825,1971.0259195439617
3006826,0.7664937590963956
3006827,5.786793082750121
3006828,4.889435922848844
3006829,0.3700690577737543
3006830,2.2769636547841974
3006831,885.8174149575908
3006832,0.4822199312215601
3006833,230.76549513781055
3006834,7.172331072589772
3006835,333.0947479969842
3006836,252.68449064295166
3006837,99.13216915800663
3006838,38.51148523671387
3006839,38.59862603782183
3006840,1465.856940831678
3006841,6.179956506738856
3006842,0.4915937647155809
3006843,11.77909727999744
3006844,8.224065919829386
3006845,0.33598292781010075
3006846,84.51017195736773
3006847,0.8238156803948514
3006848,5.209402625032832
3006849,2.200389951123188
3006850,53.83911970471301
3006851,0.5629840222235946
3006852,299.7217965589675
3006853,129.55001728884173
3006854,3.538625044035373
3006855,3.8021321130032577
3006856,184.10424172976116
3006857,23.802950509033224
3006858,489.06136763783246
3006859,0.7414891139148776
3006860,2.3344218659264797
3006861,8.143403466491707
3006862,0.5570075948020096
3006863,4.818337383147613
3006864,3415.735145616835
3006865,0.6328393903740172
3006866,604.0487746469792
3006867,26.725063690964134
3006868,854.7883835032206
3006869,1042.124411782535
3006870,332.80939076061446
3006871,251.9276118999574
3006872,259.44982450576595
3006873,4073.046414348236
3006874,24.78253411677091
3006875,1.696613263149656
3006876,24.173333530445483
3006877,31.20814216741426
3006878,0.44453692084190555
3006879,221.22993971804345
3006880,8.609048313947387
3006881,50.16101386010978
3006882,11.264338432593021
3006883,404.4728091934772
3006884,4.315575103057194
3006885,310.65768810830735
3006886,261.4259873269972
3006887,11.29204140161929
3006888,12.50244755371757
3006889,407.0456749031572
3006890,99.48791094936396
3006891,2683.7108909008425
3006892,1.546609324268037
3006893,14.915686008568484
3006894,6.142966322526435
3006895,0.4850467719358956
3006896,3.9235621590573575
3006897,3900.495386610968
3006898,0.6284330534612627
3006899,647.6003052434485
3006900,22.97411757164704
3006901,1508.8222197525163
3006902,864.3517362035489
3006903,398.3153514121316
3006904,208.48492860751887
3006905,132.67846217224997
3006906,5687.73514943219
3006907,13.693061465193718
3006908,0.7065886814183528
3006909,36.59793437241731
3006910,24.871380193027733
3006911,0.490677962669254
3006912,300.3448813445688
3006913,0.6609773109659491
3006914,6.042223003358208
3006915,5.889093281225644
3006916,120.41933959379101
3006917,1.3972975061515984
3006918,196.03365869434202
3006919,304.7728281116807
3006920,5.490771963247363
3006921,5.105314837826123
3006922,245.61792150302904
3006923,80.56255207525604
3006924,1516.3445319163761
3006925,2.719054465305067
3006926,7.677068020049074
3006927,7.817350607820743
3006928,0.6184566061263714
3006929,3.1299139194631267
3006930,3231.384167993846
3006931,0.578461170546313
3006932,651.7090005286201
3006933,19.28307797109066
3006934,1064.7718810563679
3006935,731.3423769480684
3006936,268.0628595876498
3006937,200.12131490269036
3006938,170.26797227184676
3006939,4211.640961736408
3006940,13.59529650811182
3006941,1.5517878124965367
3006942,28.330471394984052
3006943,27.687717477764323
3006944,0.3695186364177354
3006945,252.68478282927515
3006946,0.6100067392672495
3006947,6.1055232975743206
3006948,7.2144621691051105
3006949,195.19896887956236
3006950,2.1109704352483503
3006951,111.50581464109052
3006952,239.5232923709952
3006953,4.84416223604533
3006954,7.504340528868184
3006955,196.210874864554
3006956,73.61695929608129
3006957,1202.0000114132126
3006958,1.4371003258320805
3006959,7.81669747514008
3006960,12.883460799387873
3006961,1.421002237505421
3006962,14.010924443697842
3006963,9555.03841042097
3006964,2.126417398062253
3006965,1333.550400115354
3006966,52.18783144836389
3006967,2003.7634256086462
3006968,2274.0881012445448
3006969,411.0618504173211
3006970,539.2986915721376
3006971,431.4546850026268
3006972,9053.649699737694
3006973,80.19654899045861
3006974,2.215694722730431
3006975,75.06298396893948
3006976,66.97827853501887
3006977,1.6587894285391518
3006978,574.4768082876392
3006979,53.65911488114002
3006980,71.41853198387135
3006981,28.63424006956686
3006982,375.0978738776572
3006983,37.12552702567029
3006984,832.8509592190114
3006985,627.6982826583785
3006986,25.306560761564796
3006987,32.56224782931603
3006988,1212.9679563429363
3006989,260.6179731267476
3006990,8127.151356317699
3006991,1.1461223533828093
3006992,82.38256944638317
3006993,2.8179135355251113
3006994,0.3756242625495577
3006995,0.9956083037352856
3006996,1535.2217658705488
3006997,0.5071675604931785
3006998,180.90420269295362
3006999,4.722935068875765
3007000,498.52415747278854
3007001,271.67888559581513
3007002,130.0394328295618
3007003,140.75735903308757
3007004,89.30339958013815
3007005,2251.776495648935
3007006,5.060518834510764
3007007,0.6780554480489427
3007008,12.61463715792505
3007009,7.855416568837914
3007010,0.3396905875212063
3007011,189.05853025293695
3007012,0.9481038360495824
3007013,28.08184020757475
3007014,3.791270823649718
3007015,79.03219729803635
3007016,1.338430396809906
3007017,64.83811618149664
3007018,93.7975267712132
3007019,2.142879590016814
3007020,5.71260374608454
3007021,114.86821519270754
3007022,18.675280039182805
3007023,472.41571397340755
3007024,1.8475710265718548
3007025,4.248391104907687
3007026,9.88833642845384
3007027,0.38464421429860385
3007028,3.20265117518454
3007029,3270.6087699507707
3007030,0.5138102113855002
3007031,554.1440585781233
3007032,11.637497830449153
3007033,1422.130238599036
3007034,768.6400789156744
3007035,293.63080015577697
3007036,241.0455789565613
3007037,173.40025901833212
3007038,5244.009983628903
3007039,13.375709661633575
3007040,0.6082682297631314
3007041,27.318233957515478
3007042,19.97362352323299
3007043,0.2967780144027511
3007044,291.02440175838103
3007045,1.133642916957176
3007046,3.433426317096999
3007047,7.91263665517757
3007048,40.29068491334458
3007049,1.62582566380985
3007050,334.87140481894164
3007051,271.2086614899861
3007052,5.32045142611874
3007053,7.666056976610532
3007054,147.74607732945066
3007055,74.66740799237674
3007056,1319.520439289664
3007057,1.0106664423889145
3007058,8.389064346109246
3007059,1.89597200820494
3007060,0.27443013279886164
3007061,0.9240849059054912
3007062,1097.810530680366
3007063,0.45509023309166735
3007064,107.80384690246669
3007065,4.220761291440063
3007066,636.2605731446979
3007067,158.47071140266553
3007068,104.03621405539957
3007069,117.84755545422108
3007070,30.038463483193226
3007071,1809.2939387298495
3007072,2.2199526615359155
3007073,0.41709250200804127
3007074,8.9981947435627
3007075,4.105146084874377
3007076,0.23691217845463108
3007077,100.29153178547143
3007078,0.4576796008943515
3007079,22.355080210209096
3007080,0.6053487558853005
3007081,67.70221439375159
3007082,0.5834747655978996
3007083,58.44670690068822
3007084,89.22849085423783
3007085,0.8177281313370143
3007086,0.7950421520844578
3007087,71.88854141554422
3007088,13.319309861217953
3007089,253.64622442280512
3007090,2.9019370041717822
3007091,0.9447880149953757
3007092,7.634212912714223
3007093,0.3662069131824315
3007094,2.914423510960744
3007095,2477.0464521486015
3007096,0.49640895400843077
3007097,216.32870802897185
3007098,11.063436428649345
3007099,953.8264683183796
3007100,466.71297189483084
3007101,177.7056508909304
3007102,142.5406526222734
3007103,163.03026136738595
3007104,3136.4487893361757
3007105,3.1800970674095925
3007106,0.779194103959266
3007107,28.98985637463256
3007108,21.13629759493176
3007109,0.49400767485193176
3007110,309.4818888477446
3007111,0.5224693516688301
3007112,26.925536962038258
3007113,12.685222360846167
3007114,63.92021490448571
3007115,1.9201284460966965
3007116,292.83937575411534
3007117,207.52384484017068
3007118,1.54368740407159
3007119,4.972258288546746
3007120,214.7110380253576
3007121,33.8318948862242
3007122,1222.6276852335898
3007123,5.234230530393801
3007124,2.8497867049345054
3007125,3.5712620851742667
3007126,0.45344559069461976
3007127,2.2914557736917627
3007128,2751.841300091275
3007129,0.5301415735262791
3007130,697.6921185328582
3007131,10.924093251006788
3007132,928.0314890308663
3007133,628.8655537574041
3007134,214.65568579513746
3007135,116.84499844538408
3007136,92.28923323311106
3007137,4445.059237313568
3007138,9.484393243239545
3007139,1.5942778843182515
3007140,34.39134700329993
3007141,46.637435950470234
3007142,0.5166532774722778
3007143,209.07313610010857
3007144,2.821329680101528
3007145,9.200942016150643
3007146,4.9344927426750615
3007147,72.85474337885086
3007148,2.6441874360109674
3007149,151.72088270239232
3007150,310.7874759097111
3007151,4.65845217512768
3007152,6.333656034812773
3007153,152.71901705653391
3007154,41.04921854408873
3007155,639.4463726205881
3007156,2.443132267353264
3007157,4.829138672517464
3007158,4.830439224987261
3007159,0.24301272987506942
3007160,0.38952787825936414
3007161,1841.4234707300998
3007162,0.3516198957446827
3007163,96.52730747610654
3007164,3.428373329776567
3007165,524.8561408284763
3007166,209.94946636321913
3007167,118.94469286335269
3007168,187.76093432336654
3007169,100.00340764281498
3007170,2214.1520257055226
3007171,4.916140376790329
3007172,0.4790346114189354
3007173,11.693373959098258
3007174,7.665759480346604
3007175,0.2653258246614754
3007176,114.39730625818909
3007177,0.4145363304157166
3007178,21.41119167626844
3007179,0.5541855267795855
3007180,83.37384457508205
3007181,0.8061728124847203
3007182,140.1058855267085
3007183,89.50679179604144
3007184,0.970808600348188
3007185,1.2478315023675326
3007186,60.62572107350859
3007187,21.826210486519564
3007188,402.632099476637
3007189,1.5222724015065263
3007190,1.367026659153731
3007191,4.469366705065339
3007192,0.36087095195873026
3007193,1.6396852364388792
3007194,3739.672492776369
3007195,0.49055502458562616
3007196,461.8827584879177
3007197,13.607105272392518
3007198,890.3210580607298
3007199,585.6052823112441
3007200,210.3469147809939
3007201,146.04105297389472
3007202,222.43301048271508
3007203,3777.3662952279888
3007204,4.889246890443211
3007205,0.6104385007750446
3007206,27.074716831895984
3007207,9.228347965198118
3007208,0.35197061648907746
3007209,216.36842823732272
3007210,0.500134733799755
3007211,41.119910294031776
3007212,3.9782536454875794
3007213,139.45745083978753
3007214,1.1204726335538608
3007215,208.6050743855657
3007216,209.59196869824788
3007217,2.9717911244675475
3007218,4.166088185769586
3007219,128.9924781450116
3007220,45.984533279821875
3007221,1297.9646150964688
3007222,0.6182191879030907
3007223,1.7719445431557905
3007224,3.3813656828085112
3007225,0.3984033342462432
3007226,8.233214095129123
3007227,2681.727939434253
3007228,0.5396821582762011
3007229,431.27309360543404
3007230,10.601128702320985
3007231,796.0412819058497
3007232,786.0032524716545
3007233,142.26596868070317
3007234,125.60281699878699
3007235,112.67201426723108
3007236,3286.404604590641
3007237,47.30543823805871
3007238,1.1336854491830093
3007239,38.174508333207065
3007240,25.95405436621421
3007241,0.33385612432678957
3007242,219.01202463190612
3007243,26.895638004091573
3007244,21.90885263174533
3007245,3.155073346681659
3007246,145.24092963790048
3007247,12.435982645241612
3007248,205.18572859967475
3007249,253.60485258232688
3007250,11.888657246928455
3007251,12.461980914571837
3007252,252.16285609478825
3007253,63.48121564827067
3007254,2333.1872346261903
3007255,3.3500664331916017
3007256,10.108259816501059
3007257,7.840071870089843
3007258,0.39912175044762754
3007259,9.657662953999996
3007260,2720.3663082355774
3007261,0.5468849504317234
3007262,484.43870382497505
3007263,16.431859230995567
3007264,1099.5287167196436
3007265,880.5825908477337
3007266,169.60660471749782
3007267,102.10589343023673
3007268,123.18399537487848
3007269,3958.2835481340353
3007270,30.750658582325908
3007271,1.6340505330811417
3007272,41.003619533750914
3007273,38.96035520989687
3007274,0.33051058012020273
3007275,372.24953508931674
3007276,31.19004059160497
3007277,23.832227519782403
3007278,11.178531258048274
3007279,179.48426774669446
3007280,16.746161005948455
3007281,171.94819343455066
3007282,423.03176021063655
3007283,10.396602674380425
3007284,11.632779722094526
3007285,155.9671663000068
3007286,98.4837460590195
3007287,2052.193937620014
3007288,3.2756607115786136
3007289,17.434038596653686
3007290,9.055604202628112
3007291,0.5671815635733225
3007292,5.059905882891634
3007293,3506.8163920139177
3007294,0.5470818626611654
3007295,659.2568144159418
3007296,10.608195460359529
3007297,1353.7981980050313
3007298,652.6012667696917
3007299,207.65115046844323
3007300,238.15366588599574
3007301,125.1624151280182
3007302,5305.579893942938
3007303,33.558403372386536
3007304,1.8780333216537406
3007305,24.232693548879332
3007306,20.043322482378407
3007307,0.4568387843714618
3007308,338.9057815529716
3007309,11.704225843282561
3007310,14.920866981608826
3007311,13.169287584160285
3007312,111.11123294904803
3007313,6.245028205422646
3007314,171.49555546279092
3007315,285.9390562329512
3007316,8.295734509651014
3007317,12.274718438760448
3007318,277.3702188940345
3007319,61.28713532594346
3007320,1533.9243437552168
3007321,12.068498398768638
3007322,21.683555440342815
3007323,5.390313797203812
3007324,0.4675628927796119
3007325,6.38951058685077
3007326,2665.350330541257
3007327,0.6317631024716885
3007328,366.50439541528374
3007329,12.722617490256406
3007330,764.4733656554146
3007331,793.9934877554732
3007332,219.86003263432934
3007333,153.374142660963
3007334,130.18170073351263
3007335,3612.999376799118
3007336,27.952720652031967
3007337,2.0329308351721207
3007338,16.897130045982195
3007339,16.145551632785445
3007340,0.454108854842181
3007341,223.6762015393809
3007342,19.946994367294405
3007343,22.85923042532679
3007344,2.886311092473958
3007345,170.99823674271758
3007346,8.995047182165207
3007347,371.87118362680485
3007348,248.77044924206422
3007349,7.935076844315412
3007350,10.125495462346342
3007351,426.1777146152727
3007352,66.57565096598516
3007353,2295.372356819029
3007354,2.064675212698972
3007355,25.025940230371173
3007356,3.891192486692231
3007357,0.3875836712838762
3007358,4.9075503924090595
3007359,5161.181990431811
3007360,0.5255226574154814
3007361,425.8157338206775
3007362,17.020214700925294
3007363,1941.3461664744846
3007364,616.3336953102743
3007365,281.24101156536375
3007366,166.98341392928387
3007367,104.47524783037734
3007368,7258.65517919363
3007369,14.790070272482092
3007370,1.502578742481889
3007371,29.199236154561905
3007372,27.442563713071113
3007373,0.3523972412906668
3007374,373.833946442318
3007375,0.5924006675045399
3007376,10.566221225179696
3007377,8.39686848726931
3007378,84.08011018787658
3007379,2.319328846484337
3007380,141.74699839556624
3007381,308.6611759520429
3007382,5.0754116654282955
3007383,11.137948680150856
3007384,180.1340461171532
3007385,56.107677421595184
3007386,1081.3314271987472
3007387,9.966011964684217
3007388,8.847931262631288
3007389,7.902351226633724
3007390,0.45954588220238163
3007391,8.159064286112876
3007392,2483.4246751661162
3007393,0.5448092593978477
3007394,555.2447626241576
3007395,17.313846969913072
3007396,1117.9098529433259
3007397,806.6818236815337
3007398,239.49179195235862
3007399,154.0335702697421
3007400,228.40497811911845
3007401,4157.203221326624
3007402,40.66461255110038
3007403,0.8216043643540636
3007404,28.79753619374226
3007405,30.37162900869409
3007406,0.3560317060345609
3007407,266.99195289869795
3007408,25.551461472888757
3007409,23.002633276618155
3007410,9.882471261924065
3007411,182.20102330750228
3007412,13.818896296415978
3007413,274.9929035959478
3007414,367.94479038587997
3007415,10.267790688292283
3007416,10.226598719797655
3007417,213.870034613164
3007418,66.04320448506452
3007419,2135.579914925154
3007420,0.514378351257839
3007421,6.579313720341403
3007422,4.122725981042137
3007423,0.4038525591783789
3007424,6.920445131570919
3007425,2510.5187934118458
3007426,0.5428194825285557
3007427,490.32279840749186
3007428,12.138995791967037
3007429,709.8589765499372
3007430,855.6774797694962
3007431,181.19015132912057
3007432,149.21016467859857
3007433,132.15623804047095
3007434,3068.308325415317
3007435,32.884920875062754
3007436,0.6458441009060515
3007437,23.759335153332827
3007438,24.764776232847517
3007439,0.40462529591540153
3007440,211.52402529879274
3007441,20.68133806833824
3007442,46.2956168884025
3007443,6.083373677515907
3007444,122.13740977194331
3007445,12.435233931529416
3007446,254.2014243822241
3007447,231.6411203417203
3007448,7.924370592948795
3007449,9.450224324911105
3007450,247.4241156588281
3007451,51.54530643042733
3007452,2391.7975100658896
3007453,0.4394910762118166
3007454,12.712511988952855
3007455,5.144751299537479
3007456,0.4338483791815657
3007457,5.111086785126075
3007458,5220.984253056912
3007459,0.510505947469102
3007460,563.0895291776362
3007461,17.71307028635527
3007462,1289.885864227969
3007463,688.6517014855027
3007464,295.1088787136065
3007465,169.42721203715988
3007466,105.02923119408169
3007467,4765.8073366850695
3007468,10.186472471970312
3007469,0.4213144217608421
3007470,21.735069385711782
3007471,24.11729628018828
3007472,0.290753406346625
3007473,240.49134507850755
3007474,0.5886856765297438
3007475,10.58561318742997
3007476,3.159875171970902
3007477,169.5622522798236
3007478,2.4919311789372447
3007479,185.11568025062593
3007480,268.8435927202357
3007481,2.9210632197009985
3007482,2.6221834263494137
3007483,217.65024844481087
3007484,99.3333088173339
3007485,1072.7650883926622
3007486,2.2146311314406844
3007487,0.30649839851186406
3007488,17.61972412319137
3007489,1.13658295221482
3007490,22.440166365842437
3007491,10000.0
3007492,1.915399528164656
3007493,1865.1929534901737
3007494,32.48780623628159
3007495,2654.456625294981
3007496,3005.233386443993
3007497,657.1933194239632
3007498,704.4318206896767
3007499,540.9514775036494
3007500,10000.0
3007501,81.27237449751895
3007502,3.479336020010386
3007503,132.5475588943145
3007504,140.59851093464474
3007505,1.1964567712950855
3007506,773.7948338070012
3007507,48.752412528574155
3007508,38.29876829879209
3007509,50.370430352345906
3007510,549.8324320517838
3007511,40.076695980378496
3007512,1071.9932396124982
3007513,709.7713025380758
3007514,50.36453808995176
3007515,43.465122243505164
3007516,1396.2537040252246
3007517,299.78403334364737
3007518,10000.0
3007519,882.3441990114886
3007520,104.46898463296364
3007521,20.440489259470162
3007522,0.8686368646248726
3007523,18.649468214153245
3007524,10000.0
3007525,1.8930875028521281
3007526,1427.9441517203595
3007527,45.52132807867547
3007528,2921.5840482586063
3007529,2648.202582216706
3007530,870.7497077159293
3007531,450.09764802554446
3007532,446.17129769906035
3007533,10000.0
3007534,135.38102268797138
3007535,1.277638297899352
3007536,88.68540200885099
3007537,106.01219940130818
3007538,1.288509392965437
3007539,744.5618771029815
3007540,41.196379670413904
3007541,55.2445014470065
3007542,16.728941867214928
3007543,389.12172463528145
3007544,28.198231181635173
3007545,1411.179865493451
3007546,853.8741332584525
3007547,34.46751500977568
3007548,37.48664507989255
3007549,1528.0744552893675
3007550,301.07368253612407
3007551,7354.8976747129445
3007552,696.8920218200045
3007553,90.45060775918509
3007554,16.67289413701419
3007555,0.813691821176241
3007556,24.082639901193197
3007557,7059.173053933435
3007558,0.9020520286345866
3007559,1096.9269862380227
3007560,24.000432983817607
3007561,2712.0680632870626
3007562,1882.3613269085752
3007563,1053.894990195499
3007564,201.83676240726987
3007565,306.9373260726577
3007566,10000.0
3007567,62.85644835600771
3007568,2.594284193152066
3007569,54.99004224442706
3007570,38.69957275968761
3007571,0.9486803392749565
3007572,784.3144984441841
3007573,49.993343900136246
3007574,38.922256027494676
3007575,14.152401445444516
3007576,229.92718237015907
3007577,15.631678374891548
3007578,1177.3420473419624
3007579,913.1563385037327
3007580,34.46019736236132
3007581,61.407397138148504
3007582,984.8568157888195
3007583,176.62346440515864
3007584,3396.4103077568097
3007585,691.3415490768111
3007586,56.7969282346305
3007587,19.92844226713277
3007588,0.8149970720955597
3007589,23.404138814892676
3007590,10000.0
3007591,1.0682669242786922
3007592,1346.4281147546926
3007593,32.36627376778223
3007594,2611.5078874835335
3007595,2406.720038418663
3007596,780.9132344800919
3007597,408.5043612978299
3007598,332.8339737537891
3007599,10000.0
3007600,62.285463550304314
3007601,1.6983845166829754
3007602,80.17155215713768
3007603,90.4165781745431
3007604,2.0862775391378903
3007605,707.082762476132
3007606,50.13762399525585
3007607,38.05973770519215
3007608,27.40886378147627
3007609,356.61871518299154
3007610,21.311952559370326
3007611,1034.0056780963878
3007612,848.8684125320136
3007613,33.99106328584742
3007614,36.981609006311466
3007615,1282.7693730438245
3007616,267.3679565951414
3007617,6078.390662907408
3007618,905.6605544650151
3007619,76.89989350706428
3007620,14.47305967757273
3007621,0.8087020568386505
3007622,24.340053368299092
3007623,5738.725542460073
3007624,0.9060495762634128
3007625,989.951521630074
3007626,24.656116398979297
3007627,2348.902653316218
3007628,1511.901615923789
3007629,763.4894551500354
3007630,150.2342592853108
3007631,257.41939206791454
3007632,9922.180939363992
3007633,58.81841213112244
3007634,0.8244061136053202
3007635,41.26769956401902
3007636,44.70299094318375
3007637,1.0924765138776904
3007638,680.4389158220107
3007639,47.1719472571299
3007640,16.16857435949896
3007641,14.377163822569987
3007642,225.3029433949875
3007643,9.610608258113015
3007644,1033.944258864112
3007645,921.092388184525
3007646,25.026301740512405
3007647,37.495082689036785
3007648,1040.2470734247822
3007649,121.50551012711493
3007650,2327.2462593731643
3007651,792.7002671971744
3007652,27.701584702226203
3007653,12.103633660710988
3007654,0.7999170833036933
3007655,13.167706539201543
3007656,8139.750043893145
3007657,0.8906014781551563
3007658,1268.6000836214828
3007659,35.98709259179535
3007660,1882.8391040545748
3007661,2257.7193767480258
3007662,488.70189611968357
3007663,474.1980296576773
3007664,370.9829804458233
3007665,8585.106995742482
3007666,69.02839153690131
3007667,1.3823590287307894
3007668,52.121597262365185
3007669,51.91377855399186
3007670,0.9911218230947315
3007671,517.7077178500409
3007672,20.195145086302905
3007673,38.12231325017837
3007674,10.686822873949387
3007675,424.6324367773201
3007676,19.978537871551122
3007677,881.0759244969299
3007678,584.8128357062735
3007679,22.62145617991918
3007680,36.16514883216409
3007681,1066.4316239027528
3007682,231.500475310825
3007683,7778.075521402021
3007684,435.6553529577139
3007685,75.46009213746251
3007686,5.996742978473943
3007687,0.46131533440557976
3007688,8.123238366265673
3007689,1799.3932166533166
3007690,0.5845105514260212
3007691,304.88640526079615
3007692,31.964970846794984
3007693,862.4168756729237
3007694,514.650490984114
3007695,216.33246802203428
3007696,84.38454251697797
3007697,163.35670460103228
3007698,3062.7397513177557
3007699,35.91198279780382
3007700,1.322478016877308
3007701,30.797895027106186
3007702,22.066648574725754
3007703,0.46862542962913106
3007704,187.57026821286257
3007705,14.998630171576414
3007706,10.837855227347482
3007707,9.291079821101563
3007708,118.73122573995485
3007709,9.503317159708914
3007710,256.5885136881596
3007711,213.31613096756607
3007712,3.8517462569426466
3007713,7.212772585809898
3007714,237.06720732237903
3007715,58.30639566712806
3007716,1582.4079708483953
3007717,0.6451457445324755
3007718,7.180426110203705
3007719,12.210179094085998
3007720,0.7325064373570498
3007721,16.555275587386717
3007722,5194.139983005291
3007723,0.8728291033535207
3007724,638.392654699291
3007725,36.993110798362196
3007726,1882.4717477987763
3007727,1270.947274272358
3007728,557.4531990288066
3007729,136.95093947746773
3007730,200.64156867979986
3007731,7839.792395107909
3007732,87.3333887149963
3007733,1.6044486612848041
3007734,71.06937306605141
3007735,47.353190741988655
3007736,0.8035401142531201
3007737,486.3041499694226
3007738,30.92913683475295
3007739,11.971181789222811
3007740,6.953147398525222
3007741,194.77149854376668
3007742,12.862338793151048
3007743,650.8244200293744
3007744,641.5958122652414
3007745,21.583487478881402
3007746,29.810467969084605
3007747,449.42722428925697
3007748,97.95696558677096
3007749,2338.6128470458907
3007750,566.7809111763257
3007751,18.17422902755709
3007752,7.309129972989402
3007753,0.7292095765133
3007754,8.04111128207545
3007755,5188.995638412272
3007756,0.8692652164872183
3007757,903.7352726379953
3007758,13.417162392279321
3007759,1522.215696155963
3007760,1742.3940646505378
3007761,268.3130742736336
3007762,361.8411167110256
3007763,364.5802023984724
3007764,5602.310217643097
3007765,43.0518019156457
3007766,1.4440188888464016
3007767,40.3975240917283
3007768,42.63445284123288
3007769,1.0187808578936726
3007770,348.80461048103723
3007771,3.6424453939929835
3007772,55.73503592527151
3007773,5.098476249578515
3007774,288.97495144354576
3007775,12.363984100235877
3007776,709.0973818992672
3007777,366.17049688012946
3007778,19.95321189362603
3007779,10.893198060769562
3007780,787.1981056878124
3007781,138.2900092426973
3007782,5527.397367946912
3007783,2.3107997658085018
3007784,45.976460148536454
3007785,11.250573855926412
3007786,0.0
3007787,12.05407869768263
3007788,4869.143804893693
3007789,0.0
3007790,940.607429926256
3007791,14.163880820292487
3007792,1725.868992937902
3007793,1301.4889212788835
3007794,433.0448500134727
3007795,219.16762767847842
3007796,473.5693430674822
3007797,7266.021162273065
3007798,40.62736236705576
3007799,2.6012339170734915
3007800,60.44734486032775
3007801,45.17842592598341
3007802,0.6553998032478688
3007803,433.17560662714084
3007804,9.796262882369367
3007805,69.64578931931251
3007806,7.834966175421426
3007807,381.6656751399963
3007808,13.4541478761156
3007809,535.0172625650762
3007810,418.1125289124586
3007811,18.00248269957456
3007812,28.643916260643422
3007813,548.3938985944741
3007814,114.92224774977215
3007815,5111.762008728745
3007816,2.824735854758901
3007817,7.807871132287829
3007818,9.70571542370933
3007819,0.4554430495582378
3007820,6.525746084780919
3007821,2461.924501423087
3007822,0.5839702748433991
3007823,523.2992022468073
3007824,10.339347907353254
3007825,1038.8387221259977
3007826,605.9872487620319
3007827,251.68992239231244
3007828,103.02707879131128
3007829,217.77618562854263
3007830,3774.15658984374
3007831,19.49218372189293
3007832,1.2165525153118464
3007833,26.41160291007155
3007834,24.574940455051426
3007835,0.3626478452954716
3007836,223.20709969859587
3007837,6.9920862081047765
3007838,15.315452761451953
3007839,7.285671357286206
3007840,209.46143067320511
3007841,3.867994700745454
3007842,384.32329276642895
3007843,279.71129696488447
3007844,5.755977137378587
3007845,8.41406233914273
3007846,227.4633578755653
3007847,66.85019415050284
3007848,2341.3605166078687
3007849,0.35541960786977433
3007850,3.396807170521414
3007851,7.692892952089152
3007852,0.33691286783264635
3007853,0.830429720449663
3007854,2839.7219509319602
3007855,0.0
3007856,205.0486306649769
3007857,6.327656939996385
3007858,980.4111924700799
3007859,251.243664217024
3007860,223.0618636978091
3007861,62.1771137104207
3007862,52.15260514778679
3007863,3639.4791008605134
3007864,7.370279172229754
3007865,0.5147661042741694
3007866,21.810487802191137
3007867,12.136939410600544
3007868,0.2984853362696574
3007869,234.68140477922898
3007870,0.6139227104635735
3007871,21.263728577712993
3007872,4.1259022965412395
3007873,43.48232137742933
3007874,1.4494714730953597
3007875,53.51481597919191
3007876,170.31849760471988
3007877,0.31507126624757903
3007878,2.9195964596682704
3007879,70.38912181191205
3007880,70.19951529073165
3007881,641.1618849399332
3007882,1.745452375729693
3007883,2.3598190436357287
3007884,6.682092481295703
3007885,0.44058835395741913
3007886,6.301280140442932
3007887,3706.872477851186
3007888,0.5981128747035367
3007889,605.8127446439511
3007890,16.670400287280824
3007891,1189.9473159345105
3007892,1040.906568996223
3007893,378.9266837756991
3007894,194.0363483101052
3007895,198.7277690765656
3007896,4988.262086613135
3007897,42.969592583802466
3007898,0.9747812334488652
3007899,33.58523478817492
3007900,50.46358254155571
3007901,0.42281749804059165
3007902,326.9736586552059
3007903,26.46662206243761
3007904,20.78933041619176
3007905,16.80645657136349
3007906,192.4507841945382
3007907,9.280215441348815
3007908,536.9813902694606
3007909,359.28940316002087
3007910,12.559537562441644
3007911,15.562019348539971
3007912,603.9623001520898
3007913,126.47198252931591
3007914,2713.9617212527564
3007915,2.7153689670662744
3007916,38.358091524517725
3007917,3.8085921265764973
3007918,0.39252945905743897
3007919,4.327600261953302
3007920,3659.4030106910845
3007921,0.5763534103921308
3007922,585.110385769396
3007923,22.172046359505195
3007924,817.6084519876226
3007925,1180.3009140024024
3007926,179.83423669281757
3007927,242.8480734235788
3007928,246.00642507492898
3007929,3381.1923349030303
3007930,36.95550668515044
3007931,2.1741932921405596
3007932,35.46366779917892
3007933,23.98002024947278
3007934,0.48925972591253275
3007935,200.9032211267466
3007936,19.58012547695637
3007937,51.44161969586067
3007938,8.284112867122044
3007939,268.1012605096119
3007940,15.009027985933528
3007941,429.7862536741429
3007942,195.57987351560496
3007943,8.22942069107795
3007944,15.817729836099575
3007945,546.6172435657496
3007946,135.60137660466842
3007947,4371.372490696064
3007948,0.2984833421208484
3007949,33.58001492893047
3007950,5.553067046424767
3007951,0.6213708501947762
3007952,15.683890683437484
3007953,5250.928482803909
3007954,0.7222769842803053
3007955,852.6122500896822
3007956,28.79214858638783
3007957,1248.2551658190725
3007958,1582.5653116456917
3007959,323.9100994674692
3007960,403.7394136413541
3007961,192.9248846616567
3007962,5446.55533698368
3007963,44.13491268686557
3007964,2.357689479491135
3007965,45.31786355378263
3007966,51.470309983675946
3007967,0.8001222531306992
3007968,369.5265514453292
3007969,39.9152114670131
3007970,42.617365963302206
3007971,20.00971093116566
3007972,226.0865846791306
3007973,27.250470333466218
3007974,480.49187760791705
3007975,393.9354434100202
3007976,22.13739831929537
3007977,25.43150230194643
3007978,673.5404714773887
3007979,175.8028596720065
3007980,4904.871770071378
3007981,0.2983730916061354
3007982,38.69171523860222
3007983,12.949099232274015
3007984,0.589938805812968
3007985,9.59632862533423
3007986,3649.9669450107863
3007987,0.639922353072764
3007988,536.118352113533
3007989,21.662268546814357
3007990,1649.557361780637
3007991,876.8130895910234
3007992,586.1478463376847
3007993,170.4947909396127
3007994,147.08776050444067
3007995,7382.604557648922
3007996,14.724006862831141
3007997,1.646602435395823
3007998,59.65738739693542
3007999,48.237532217888464
3008000,0.4895998248730484
3008001,468.40212119537966
3008002,15.837747578973525
3008003,4.729866355157196
3008004,7.46609154417984
3008005,114.07047874186784
3008006,3.6720391567802
3008007,318.5274335944601
3008008,469.9182458776235
3008009,6.692960439039189
3008010,9.689078545155898
3008011,467.3242135102831
3008012,130.5670060500393
3008013,1570.0405542015806
3008014,159.0831393721058
3008015,20.05829151884453
3008016,1.81246578674738
3008017,0.17775938680386408
3008018,2.6505709730478837
3008019,936.509531818201
3008020,0.38027464255060117
3008021,144.15414684229577
3008022,3.1409630752819395
3008023,238.1212728228074
3008024,321.59272723384925
3008025,58.2878992063764
3008026,59.746225035132774
3008027,50.23634057639746
3008028,1041.8368466259928
3008029,6.1806848634255145
3008030,0.6736891976052561
3008031,6.405459517701013
3008032,7.896754250018057
3008033,0.21661564735504688
3008034,77.72889728533227
3008035,4.853456952871994
3008036,6.889439293915068
3008037,2.350213644967595
3008038,49.39388505337567
3008039,2.8280546634414634
3008040,113.75556599612348
3008041,74.54646210088406
3008042,1.8769551988218798
3008043,3.398048411609355
3008044,127.48227000242623
3008045,31.594437480552255
3008046,1053.721695083578
3008047,0.18911590842335174
3008048,10.373079225583043
3008049,2.244701704796767
3008050,0.3470000900674222
3008051,1.3397127023752655
3008052,1546.0384417683056
3008053,0.4579978312208701
3008054,128.51818868891866
3008055,3.344109514123228
3008056,751.1601973697625
3008057,315.18913288663003
3008058,273.3526726257036
3008059,38.89731552166771
3008060,34.29517114597668
3008061,2999.9097391461887
3008062,4.4271188756640125
3008063,0.5712608805566374
3008064,9.588586706482591
3008065,8.42749726089015
3008066,0.2495734494153251
3008067,190.80390682465918
3008068,4.571053556254951
3008069,6.570495482579154
3008070,1.2992403422422925
3008071,8.156127843101627
3008072,0.5376415754882544
3008073,167.6874820203953
3008074,184.911803927917
3008075,0.5623891225622436
3008076,3.278178585656697
3008077,191.17325549871822
3008078,26.63443902472018
3008079,275.03391453353095
3008080,4.922147845841893
3008081,0.6956002726969475
3008082,9.043410752339852
3008083,0.5489891408104114
3008084,3.593319588925772
3008085,5036.533671562982
3008086,0.4914113376024588
3008087,672.8294027487875
3008088,9.38904763369995
3008089,1847.3538957358548
3008090,681.9720105938429
3008091,530.3860965972609
3008092,259.7825552386745
3008093,109.18083486097333
3008094,7637.641711837926
3008095,22.788153876381877
3008096,1.0180718796451347
3008097,38.17665755548667
3008098,21.59848031197142
3008099,0.38171239694722847
3008100,514.3084101073346
3008101,13.779437089272518
3008102,2.43647918863023
3008103,7.428556669458126
3008104,32.84562487196402
3008105,4.123653637935805
3008106,577.9338551880821
3008107,453.5519263475091
3008108,3.473957780229491
3008109,14.758644212439485
3008110,463.5584032034585
3008111,77.99741964461849
3008112,1427.604870833656
3008113,29.597144145417708
3008114,11.721583228659053
3008115,6.622944714983305
3008116,0.3311312424070722
3008117,1.328068564225564
3008118,1757.2047173564397
3008119,0.4451165584150113
3008120,207.99397804823386
3008121,7.834404794934461
3008122,792.8035994688387
3008123,429.4345393761362
3008124,226.04956306264745
3008125,56.98152423632432
3008126,37.32716434733371
3008127,2902.006664998501
3008128,5.952167064921407
3008129,0.8790973996061167
3008130,14.114924355536676
3008131,21.224295301132656
3008132,0.2680382861937146
3008133,184.77500471749107
3008134,8.652597376627096
3008135,8.98913457315967
3008136,10.20821464493342
3008137,36.903796042589086
3008138,1.3127436335538007
3008139,142.93433400751175
3008140,194.73105072312018
3008141,2.0989558153786847
3008142,8.256837442487615
3008143,158.30180139451707
3008144,22.971393002885396
3008145,375.8571023643126
3008146,2.765011271134189
3008147,1.979213701802945
3008148,4.060037286323376
3008149,0.29568752405922866
3008150,3.5369823851640065
3008151,1382.163274068225
3008152,0.4001631081621936
3008153,135.96338948202532
3008154,6.0402543033958995
3008155,614.7871367130647
3008156,257.2886141459481
3008157,158.354380905376
3008158,48.44114036850884
3008159,27.963867594150635
3008160,2485.4091059597395
3008161,10.103555302299311
3008162,0.3087784094187021
3008163,9.746170701696602
3008164,10.45716867270641
3008165,0.2054420914995685
3008166,146.66495544243227
3008167,3.0356273217868033
3008168,5.720808728527714
3008169,3.8521927002008307
3008170,21.96646682050281
3008171,0.9786498391776176
3008172,105.21093329914817
3008173,180.29640488375463
3008174,0.5346387893760332
3008175,4.701498662261538
3008176,99.00701986510893
3008177,23.33125226976358
3008178,165.7110236579283
3008179,6.423499557508401
3008180,1.6384065488978483
3008181,3.158751196673305
3008182,0.29309161996112115
3008183,1.5452515944845828
3008184,1607.061759355435
3008185,0.3960461274760853
3008186,154.1207677933225
3008187,6.2993035700173525
3008188,773.8650207810776
3008189,309.37509209220883
3008190,182.4054760587378
3008191,40.071199551342026
3008192,35.1565861054928
3008193,2484.379556342324
3008194,2.8207826635122877
3008195,0.573146667451044
3008196,8.455851684977128
3008197,18.557857951380395
3008198,0.24701891755565333
3008199,151.54048518935656
3008200,1.1170228435215375
3008201,7.815971932503161
3008202,1.7612464973582824
3008203,22.571995479997895
3008204,2.084105212442415
3008205,198.8074731161127
3008206,164.64739448976903
3008207,1.2832294730264278
3008208,3.361497233146546
3008209,69.25205035621424
3008210,60.84349276669638
3008211,373.4996507992629
3008212,4.764292102416848
3008213,2.810499210412671
3008214,4.690613295767009
3008215,1.0544255785578958
3008216,1.9964401941209726
3008217,1530.8402848310072
3008218,0.43495141829820716
3008219,144.45296398712372
3008220,3.2932263212894357
3008221,747.2830349345475
3008222,249.5859245601451
3008223,197.85462646085563
3008224,83.3215702246261
3008225,47.86028327063313
3008226,2382.3563476635068
3008227,4.480627509816017
3008228,0.7459881142235107
3008229,10.986884975615569
3008230,16.33795668028298
3008231,0.27077381308288884
3008232,180.8755092024283
3008233,7.357754981345159
3008234,8.78076889831614
3008235,3.2228573411240404
3008236,14.790524317068002
3008237,1.8758475490154096
3008238,95.69526822135705
3008239,157.96351973171247
3008240,0.667542672317593
3008241,4.2500227981530925
3008242,88.70024052492421
3008243,32.26454524710127
3008244,507.59329283777623
3008245,14.441265131869875
3008246,2.555793159207114
3008247,6.01176629211215
3008248,0.43471482966926006
3008249,2.637987828267744
3008250,1666.0146797196765
3008251,0.44622190102417925
3008252,212.77486999745588
3008253,4.802412347716864
3008254,897.6247128971175
3008255,355.8585266912237
3008256,202.49815709723794
3008257,147.55635702776908
3008258,39.37907640492481
3008259,2638.9997714438564
3008260,5.383298456258849
3008261,0.6997214956625977
3008262,12.094862822631153
3008263,17.875304760435306
3008264,0.2743936154033466
3008265,223.45999384922908
3008266,0.60151151037394
3008267,9.196770252438995
3008268,3.1044457084745987
3008269,34.08287793854493
3008270,1.3913412392374986
3008271,68.13769503891169
3008272,182.97798329643632
3008273,0.675878519072936
3008274,3.628531523945175
3008275,80.54303384902411
3008276,40.697910412569726
3008277,616.3555901099504
3008278,1.0305844839441614
3008279,1.5397400285012741
3008280,9.127169181605606
3008281,0.5075028522307504
3008282,5.092096980635567
3008283,4120.851420893644
3008284,0.49920875891159366
3008285,502.5914734899997
3008286,7.679715046056832
3008287,1358.0964451757675
3008288,893.9605464143033
3008289,633.100229337809
3008290,231.5691021990343
3008291,132.67676707150684
3008292,5312.533962906909
3008293,17.995620141609997
3008294,1.6514135385396345
3008295,32.9673072175251
3008296,27.760395905273107
3008297,0.3000867569189334
3008298,377.780441687561
3008299,0.6573259242231871
3008300,9.866609605000843
3008301,8.115282612560636
3008302,53.88910647741838
3008303,4.0507796398920775
3008304,290.13438029552725
3008305,362.0577373714391
3008306,2.594842512763125
3008307,12.371473793446293
3008308,461.9709519392406
3008309,70.21322013490084
3008310,1655.2840380336581
3008311,27.99673441899359
3008312,18.61817056531021
3008313,5.013954489636991
3008314,0.3699713626713442
3008315,6.696440826106791
3008316,2760.4199410406936
3008317,0.0
3008318,770.1667046580327
3008319,6.521670496011216
3008320,763.3408612739522
3008321,768.8951502963063
3008322,255.77538673373553
3008323,254.8210487595818
3008324,69.59426368017263
3008325,3480.5667528585154
3008326,17.353479535884745
3008327,0.9880996174623208
3008328,24.697199318582594
3008329,22.38864582341965
3008330,0.4433816107810079
3008331,276.976783542552
3008332,13.449279086447717
3008333,2.9347657395896807
3008334,4.752317299978802
3008335,47.95545223115708
3008336,1.637186550587944
3008337,109.83791237296069
3008338,210.6205007959388
3008339,5.571781245420833
3008340,9.539348462533068
3008341,241.08023554815856
3008342,56.2807335145202
3008343,2064.7117307602434
3008344,62.678659676287225
3008345,16.217609395185598
3008346,6.544240628262836
3008347,0.5401192229869092
3008348,2.2762112550329254
3008349,2667.9633299510165
3008350,0.48420258314767833
3008351,198.54378061494083
3008352,5.4746976951213195
3008353,900.0863288382113
3008354,365.9862570285436
3008355,317.1431862695772
3008356,74.20291512338466
3008357,39.52602164254051
3008358,3356.4061186916592
3008359,11.347442951146405
3008360,1.247595707545989
3008361,11.757668896415286
3008362,14.549226004487792
3008363,0.3420714429844013
3008364,175.18411843789585
3008365,11.46501700461978
3008366,14.123204208484182
3008367,3.537163977014079
3008368,37.64381184200618
3008369,2.7421560593877805
3008370,132.5532048925615
3008371,210.12482530907465
3008372,1.6728846122942347
3008373,5.857492615817224
3008374,81.91716770801474
3008375,28.364899360510154
3008376,471.51265580503616
3008377,5.317244556712174
3008378,2.8551934062389286
3008379,8.466573289160017
3008380,0.420348588390432
3008381,8.555337770483312
3008382,3590.221627409038
3008383,0.5710225055491853
3008384,741.1081634870541
3008385,11.284639397693448
3008386,922.5605796242104
3008387,1032.7106938373106
3008388,240.65074382548886
3008389,229.46020157554992
3008390,124.68247850536261
3008391,4446.300614012482
3008392,42.334426728657405
3008393,1.9043848009651714
3008394,21.724390873867872
3008395,29.89848445841102
3008396,0.4692983679122068
3008397,295.3553541263206
3008398,33.62147872218725
3008399,19.179431839640102
3008400,5.296087774840041
3008401,94.17513818793216
3008402,11.111709037632194
3008403,382.1202827481043
3008404,312.410137859572
3008405,9.396668375650684
3008406,11.994370299443458
3008407,545.5681452003927
3008408,116.47873843034088
3008409,2761.8683593279425
3008410,0.43346721382831277
3008411,42.14371086958752
3008412,10.978517112870236
3008413,0.5931031481804867
3008414,6.546414723996346
3008415,5860.752460434727
3008416,0.5640011139730335
3008417,953.5145785039521
3008418,8.794756084021985
3008419,1824.4620070360654
3008420,1215.087138711109
3008421,918.8166598716068
3008422,177.99250032291928
3008423,113.80819134089941
3008424,8052.375721338434
3008425,17.151300321159994
3008426,0.933822402854272
3008427,23.4832734258205
3008428,28.97153199224591
3008429,0.35627351694434933
3008430,527.9568496117566
3008431,5.84006289820157
3008432,8.335662030829086
3008433,4.678200515144121
3008434,65.50674061016622
3008435,2.751651643208494
3008436,420.8011842293858
3008437,603.8574893898705
3008438,6.007730123412411
3008439,7.309458443978987
3008440,511.6847194620511
3008441,110.62218766000063
3008442,1523.5195233652125
3008443,113.14287269524742
3008444,21.737805570315352
3008445,14.456556488716824
3008446,1.0976724509972073
3008447,8.220493450103593
3008448,4243.791810076042
3008449,0.5776542168339809
3008450,800.8276875634572
3008451,5.294907441618011
3008452,1798.8442142959484
3008453,957.9680862776831
3008454,524.5985530079744
3008455,387.8366539603614
3008456,91.94422785211803
3008457,6255.237410065007
3008458,25.91560769307978
3008459,0.7607725415769273
3008460,42.63808168587458
3008461,48.527986436750425
3008462,0.38375089340294755
3008463,492.74970188696494
3008464,10.486331928618583
3008465,2.784876004647213
3008466,15.529588039936698
3008467,65.40555217840486
3008468,2.4085961107556244
3008469,170.50175361401404
3008470,470.7228459747973
3008471,3.358999058819778
3008472,8.405836860585817
3008473,238.21534328785833
3008474,215.86177516605304
3008475,1774.1641756635845
3008476,1.2639402161238193
3008477,6.8970132831282
3008478,5.543683804282888
3008479,0.3706942946086516
3008480,2.2863033695416224
3008481,1892.0983625607732
3008482,0.4912404723479533
3008483,154.8055169510102
3008484,7.030235570895547
3008485,708.4321896880597
3008486,402.52103143923955
3008487,168.98918221315384
3008488,46.930521815473796
3008489,51.98980992321331
3008490,2667.998458135701
3008491,4.815788712752828
3008492,0.7569794762584016
3008493,25.250880202989137
3008494,19.687532141042848
3008495,0.42697763716980236
3008496,187.513593592961
3008497,2.619955994095619
3008498,14.51531874561813
3008499,3.5407700349327444
3008500,41.87641289020518
3008501,4.3024218933466365
3008502,123.99467920844069
3008503,169.26114817897565
3008504,1.4906635369832804
3008505,7.581531215851266
3008506,162.12320660168604
3008507,35.81028557486124
3008508,423.0062723017145
3008509,14.300716289089433
3008510,2.2694724936532693
3008511,3.6470475574570558
3008512,0.3710809547306555
3008513,2.8109599367702893
3008514,1545.3646188949194
3008515,0.4916611374264053
3008516,243.57761145680405
3008517,8.9932805750497
3008518,545.5825455838984
3008519,544.3364939177256
3008520,139.62770005742962
3008521,53.504235423528684
3008522,57.95300735554879
3008523,2192.4612531401544
3008524,18.46749589991389
3008525,0.5885317237937885
3008526,12.70029331047949
3008527,14.673384108565417
3008528,0.4671865252315006
3008529,141.05644198508833
3008530,15.959397827598094
3008531,2.096757003635502
3008532,5.329188997256247
3008533,50.287537713429124
3008534,5.67949737441174
3008535,699.2421944230174
3008536,174.62262613090923
3008537,3.7093889254752757
3008538,5.687938864042877
3008539,310.3488722799863
3008540,32.7984768700211
3008541,1240.0858960843748
3008542,0.499097436846616
3008543,7.105992285048283
3008544,3.0699143472036328
3008545,0.40308638927276963
3008546,3.534871973738182
3008547,3770.8527804629734
3008548,0.49741133708757973
3008549,794.8366597133083
3008550,10.880641348075564
3008551,1019.3574019080131
3008552,1351.5741216103538
3008553,263.9074981927848
3008554,214.91889584909356
3008555,122.27148020395825
3008556,3887.3684101513136
3008557,27.599117956001646
3008558,0.714896250695974
3008559,28.437977059055914
3008560,35.80749887122302
3008561,0.3197476270074955
3008562,253.11628563134673
3008563,15.161714062293814
3008564,30.192542089128036
3008565,6.216500241463253
3008566,76.07256440679774
3008567,10.867975076517412
3008568,337.80284312373294
3008569,290.3473054543133
3008570,15.490875243259207
3008571,9.68001478849266
3008572,451.8036791551278
3008573,103.25215145715339
3008574,3416.9848285460307
3008575,0.664149179258242
3008576,17.407105945607423
3008577,3.282390568789015
3008578,0.33741968820543905
3008579,3.755249552042387
3008580,2489.4161258749305
3008581,0.45503951932356934
3008582,449.5340025283137
3008583,5.200339965087995
3008584,478.7437906599093
3008585,697.3220496523269
3008586,162.9951180117074
3008587,122.30006885492979
3008588,104.74848578609114
3008589,2179.8308916354745
3008590,17.27347246472212
3008591,1.3630631801205448
3008592,16.058075031300334
3008593,13.062093621479695
3008594,0.2710232085892562
3008595,117.89390827616928
3008596,0.5863980822694721
3008597,19.42525869088862
3008598,3.9046421126836672
3008599,212.84303941546997
3008600,7.296727266296526
3008601,184.5202935710016
3008602,127.37463354565436
3008603,3.800922987655694
3008604,6.591996053885041
3008605,171.60071383732566
3008606,42.55720572165301
3008607,1652.1311616681132
3008608,0.3602588692786794
3008609,3.7975633619360156
3008610,3.845058880534146
3008611,0.36865123160581026
3008612,0.7333049958455862
3008613,1222.770096183442
3008614,0.46813079487775155
3008615,272.8017119564744
3008616,5.248851645001807
3008617,480.60991075509526
3008618,358.6719260795643
3008619,121.69288288092922
3008620,51.986922130194976
3008621,39.95741847630704
3008622,1903.130786826051
3008623,4.872110078605709
3008624,1.185914117234098
3008625,12.807157252015134
3008626,10.227234014684408
3008627,0.4834857245679146
3008628,114.43554743194464
3008629,0.6855216784522967
3008630,7.093934187318266
3008631,1.532077048758637
3008632,30.02492456562295
3008633,0.513666752148503
3008634,328.49481295763076
3008635,155.44775232983767
3008636,2.212101649763125
3008637,2.3876719675959412
3008638,177.94238102092055
3008639,31.015886428627088
3008640,565.9753304824276
3008641,0.6977813814309198
3008642,2.562931957620537
3008643,9.554372944275364
3008644,0.4757012268364224
3008645,6.259536302204758
3008646,4624.898294974394
3008647,0.7956521607311456
3008648,921.5282455864548
3008649,13.400916001637635
3008650,1094.444800511897
3008651,1492.5959832157248
3008652,424.82258318027664
3008653,339.30694254548337
3008654,201.96246527758586
3008655,5318.470942212871
3008656,36.9939858585756
3008657,2.697988993071963
3008658,24.86300752457499
3008659,39.45874372168582
3008660,0.4421186019363265
3008661,319.6943448721067
3008662,13.347112571550035
3008663,46.90306549245289
3008664,10.945073711022427
3008665,215.24460040951192
3008666,5.811726374246914
3008667,351.4749587872914
3008668,358.4111517338038
3008669,13.169609358604157
3008670,12.155314339455737
3008671,524.8912032880862
3008672,121.26214885329902
3008673,3418.867626093182
3008674,1.4959404744308635
3008675,17.217840790414677
3008676,7.596791244317708
3008677,0.4767834485501596
3008678,3.5350876663077515
3008679,5169.208096300217
3008680,0.6056406630503653
3008681,1118.2400865080258
3008682,14.19505310059823
3008683,1669.3628218361991
3008684,1463.063723012226
3008685,519.7657629038646
3008686,330.9466668981223
3008687,98.02429152349163
3008688,8049.754489977248
3008689,24.22944445436955
3008690,1.361545818784113
3008691,44.17345389027817
3008692,25.208546689580814
3008693,0.6947680447165454
3008694,430.6590898413905
3008695,0.6445766015904472
3008696,6.251501154854385
3008697,5.875089287134232
3008698,71.60893937813158
3008699,1.729242724068576
3008700,221.44200422624655
3008701,393.6811506946827
3008702,7.920344919708506
3008703,8.16573792932404
3008704,322.90745152393265
3008705,111.40148101988046
3008706,2002.5737753501178
3008707,2.94559861967021
3008708,4.660471641561447
3008709,6.316490354418725
3008710,0.497595693871144
3008711,3.4128455814280105
3008712,4520.204617101454
3008713,0.5591557136962636
3008714,1027.710401290776
3008715,12.43867618716769
3008716,1321.7103063474121
3008717,1140.794850944245
3008718,396.5785198210318
3008719,300.9754411835928
3008720,99.15027655723911
3008721,5419.3193944089635
3008722,21.29114598721072
3008723,1.5751192348291263
3008724,34.165176104735934
3008725,27.616181508955588
3008726,0.5297274897111234
3008727,349.85875446814066
3008728,0.5969644167516313
3008729,6.5501472711013955
3008730,6.647842630031552
3008731,115.95940161802608
3008732,2.2191480493232474
3008733,140.37085579725937
3008734,314.5799140405629
3008735,6.62319724252113
3008736,7.404492873816951
3008737,228.6241998077873
3008738,86.03628795159142
3008739,1547.6717084613445
3008740,1.9992435389631746
3008741,6.88094373670122
3008742,15.577083077494141
3008743,1.8377563973963729
3008744,23.212195084775416
3008745,10000.0
3008746,2.5696025267695632
3008747,1410.7539736480562
3008748,33.10485854505275
3008749,2190.9548086454306
3008750,2575.325995349018
3008751,436.56630207339913
3008752,605.3745092778213
3008753,410.31298836228126
3008754,10000.0
3008755,94.97583784918803
3008756,3.0977623205004208
3008757,79.68122727576768
3008758,73.17225483715218
3008759,1.620652419320183
3008760,669.6135463709643
3008761,74.31621477343693
3008762,62.98990740414131
3008763,28.732892649057163
3008764,222.06812181109186
3008765,37.06908118089774
3008766,822.9945508440707
3008767,760.038202074983
3008768,26.19411937088628
3008769,35.25475061569526
3008770,1269.255376289352
3008771,275.93857204738543
3008772,9282.549246564246
3008773,1.6365644006958204
3008774,91.79018811820507
3008775,2.160794371315539
3008776,0.6399620312241374
3008777,0.48325556769409544
3008778,1661.291765647347
3008779,0.4812016560247365
3008780,225.30830271274294
3008781,5.737084900743332
3008782,593.5796874638495
3008783,315.1162426108794
3008784,136.96346125507773
3008785,172.67294532916677
3008786,46.510302096518046
3008787,2174.3240176499394
3008788,8.757073057389038
3008789,0.7787241805414351
3008790,17.134337446830372
3008791,7.9535886409213425
3008792,0.4688878948406615
3008793,138.94823984099085
3008794,1.9186829393680553
3008795,10.186631001215293
3008796,2.480973893440721
3008797,36.72738210416305
3008798,1.2404760734480305
3008799,55.75526384448593
3008800,97.73207087722255
3008801,1.9497550020594456
3008802,4.9849515681810885
3008803,114.48879093249292
3008804,24.054561957603358
3008805,516.9793203158603
3008806,0.9474946813866133
3008807,3.228503393611298
3008808,8.896718822756808
3008809,0.3724264557657573
3008810,3.9433224378614478
3008811,4447.797193067495
3008812,0.487729865468736
3008813,779.9674330108224
3008814,7.167303670932084
3008815,1610.5559506132233
3008816,967.8984338974037
3008817,322.47031705869574
3008818,391.21657658665373
3008819,78.54414303972209
3008820,6030.9767938931
3008821,16.901616274299666
3008822,0.6276034241998216
3008823,34.34351636414528
3008824,23.246363950296054
3008825,0.3446788056076318
3008826,395.44364601458216
3008827,2.5878743549975067
3008828,4.492098399170378
3008829,9.194116330248333
3008830,18.860005386965206
3008831,2.452430256441696
3008832,413.8725370714195
3008833,382.02150347812125
3008834,3.5809816027077983
3008835,10.04068046297964
3008836,151.35157921660885
3008837,95.58634636995396
3008838,1507.9150273117598
3008839,1.5828427968625143
3008840,4.838260537318073
3008841,1.7128255633106775
3008842,0.26382298385294356
3008843,0.3106913569055663
3008844,1175.4257009922228
3008845,0.4307439179931708
3008846,166.50062644781923
3008847,3.528325991891067
3008848,513.6811090920114
3008849,215.62685301840708
3008850,109.72335143667041
3008851,155.943181411126
3008852,21.509226603684706
3008853,1838.5466420045113
3008854,4.290449379229479
3008855,0.38531413646073875
3008856,8.333462386233954
3008857,2.8623714372957356
3008858,0.22758851879465233
3008859,99.45365617745861
3008860,0.4366318004287692
3008861,7.388559211168615
3008862,0.3938620964344278
3008863,34.61125764612283
3008864,0.38043785592222334
3008865,73.61665054299891
3008866,93.99008197671242
3008867,0.4335944229412208
3008868,1.5433442310047614
3008869,68.42300177315467
3008870,11.893698405453572
3008871,259.25799399867986
3008872,0.8761935862474282
3008873,1.286041517867114
3008874,9.075028375303237
3008875,0.3522063985929821
3008876,2.9553661107436957
3008877,2567.988826024871
3008878,0.46851562352364046
3008879,339.76242497389967
3008880,7.8645911788219
3008881,1227.3739885843297
3008882,564.3671664682769
3008883,217.79743505850328
3008884,163.10110306854884
3008885,48.42103911943516
3008886,3667.039268798533
3008887,3.619081531358562
3008888,0.6329222767991252
3008889,28.397850265373652
3008890,22.848301370786
3008891,0.2818105600553214
3008892,315.38787425736876
3008893,0.5000871908683323
3008894,9.849962597977937
3008895,13.50546219442436
3008896,29.0436238843103
3008897,1.6590555062063643
3008898,326.1793221747879
3008899,285.80101308397786
3008900,1.6079377540954827
3008901,4.436950008678117
3008902,255.0549923546493
3008903,30.289029497243313
3008904,1396.3089773750655
3008905,1.8070566606251122
3008906,1.3324475504873967
3008907,3.629973802859124
3008908,0.3874452701590677
3008909,1.2025299669909344
3008910,2890.3073687080987
3008911,0.5016601752382359
3008912,753.4309445251045
3008913,5.784755944135573
3008914,898.3823860903306
3008915,714.8310374342844
3008916,230.50489143822352
3008917,116.82101250766802
3008918,71.69199852591392
3008919,4542.490025059215
3008920,7.789939754009982
3008921,1.1734526285261402
3008922,30.265875090699208
3008923,35.432653590106675
3008924,0.49630866724725836
3008925,206.8167285458111
3008926,3.4620863801050508
3008927,4.652037291626504
3008928,3.0256838068055787
3008929,31.6148470571522
3008930,1.512020921848555
3008931,163.24579885597558
3008932,263.3064851690528
3008933,2.2646465743492765
3008934,7.284442670161322
3008935,146.47799473186492
3008936,24.753335797101556
3008937,629.0525236839281
3008938,4.43625513325786
3008939,2.0055757444047035
3008940,3.531801326014482
3008941,0.23030803269666322
3008942,0.37992349679980253
3008943,1842.96819031925
3008944,0.3264614233191334
3008945,152.33508336207
3008946,2.677535903346493
3008947,562.6018863198938
3008948,218.864744022348
3008949,118.52089661921735
3008950,154.4194394681348
3008951,75.46276708916359
3008952,2181.2384937052993
3008953,9.063358560938267
3008954,0.4019361988509811
3008955,13.342848842639695
3008956,6.668286558076271
3008957,0.25763176720006387
3008958,115.23016415356537
3008959,0.39377870626831923
3008960,6.4629443167038225
3008961,0.42062072582691606
3008962,70.65623043841468
3008963,0.609860802637662
3008964,192.6060946718957
3008965,97.95106256824516
3008966,0.3595656574982831
3008967,1.0613711043088865
3008968,65.00671337941145
3008969,24.380953441063003
3008970,417.4124849770176
3008971,0.6017409119315973
3008972,0.7046669409366415
3008973,6.4106712886942425
3008974,0.3445898795864978
3008975,1.2242029395163925
3008976,4056.355454881855
3008977,0.46023472499431195
3008978,645.5988735512874
3008979,8.55277308624913
3008980,945.1278258565359
3008981,810.5444016432989
3008982,257.5564273458294
3008983,144.6228958561848
3008984,122.96256415325736
3008985,4486.48600869801
3008986,6.534502615512931
3008987,0.4403886324210098
3008988,21.173786462039526
3008989,16.098089626242885
3008990,0.2757688820687165
3008991,259.31026145508065
3008992,0.4752436250898688
3008993,23.845721562985318
3008994,1.9443400837053597
3008995,86.59116253517658
3008996,1.674003063948426
3008997,205.79483214307874
3008998,242.29550884561596
3008999,2.7802134723583376
3009000,3.9390584433215556
3009001,133.70862175228189
3009002,42.74701902218326
3009003,1290.3872862589683
3009004,1.4170451177798942
3009005,1.0487868371431688
3009006,3.323465702414826
3009007,0.3827391688830154
3009008,7.250514440877182
3009009,2223.458419911255
3009010,0.5095262053827132
3009011,396.08095290136157
3009012,5.2872320957145895
3009013,643.4766384776495
3009014,665.7558097819656
3009015,132.2364915081336
3009016,111.16972705374775
3009017,77.66933849522
3009018,2776.9202454345927
3009019,37.83098470881837
3009020,1.022686674139784
3009021,24.58275896093049
3009022,21.446543269523332
3009023,0.3091268592044755
3009024,182.3483606704806
3009025,25.188201261429782
3009026,11.673531332634571
3009027,2.1952231064991308
3009028,81.93012764943339
3009029,7.8108544460730425
3009030,154.5749407202423
3009031,215.72866148855314
3009032,12.203157748273977
3009033,11.722906572053814
3009034,211.05558360431314
3009035,51.25717106407477
3009036,1789.1528900714131
3009037,0.7084962021633994
3009038,9.2762212469164
3009039,7.044326441487367
3009040,0.3833381386967272
3009041,9.105477394483895
3009042,2699.514864550731
3009043,0.5164658051413434
3009044,524.1926191656771
3009045,11.246633480198954
3009046,1055.2312757531513
3009047,878.60590867625
3009048,162.06576962405038
3009049,118.8275534555316
3009050,102.05921911436081
3009051,4030.2310328378553
3009052,23.225564358255028
3009053,1.7562507461338823
3009054,36.16816249993882
3009055,42.15006050984094
3009056,0.32787895909947673
3009057,396.9291899650536
3009058,33.966808098015
3009059,17.011064142321377
3009060,9.44347427118675
3009061,136.52735075331853
3009062,14.311054495155096
3009063,134.44968184923016
3009064,466.20392429340853
3009065,8.980479646591867
3009066,12.646294122232762
3009067,130.40193786658506
3009068,91.49789975391141
3009069,2127.78811643318
3009070,0.4553949506650573
3009071,16.79132807306636
3009072,8.86991343888956
3009073,0.40648594925497555
3009074,5.708254945029645
3009075,4263.01705968407
3009076,0.5166588451359984
3009077,793.9777551709238
3009078,6.772973365812092
3009079,1592.5702526717873
3009080,705.3399916338391
3009081,222.59594582599627
3009082,230.71594559889053
3009083,74.48070712883485
3009084,5436.439938356621
3009085,36.632625017434506
3009086,2.0926136245346183
3009087,27.75577317502551
3009088,22.366439895677615
3009089,0.32441004706678633
3009090,392.96320912561237
3009091,11.057210379332663
3009092,12.50943276066392
3009093,7.643359327162529
3009094,53.46985694212027
3009095,6.164829633676226
3009096,134.06779103346028
3009097,349.29043794333336
3009098,8.227495700959132
3009099,10.895248606033306
3009100,234.00232826275086
3009101,47.546568594651085
3009102,1524.7563594078283
3009103,17.437279826464717
3009104,15.519891632163057
3009105,5.868833587708727
3009106,0.46418128513827683
3009107,8.625906163167079
3009108,3239.4091291544464
3009109,0.5679769261650103
3009110,463.416210504942
3009111,7.806190250492746
3009112,876.4850211752046
3009113,974.8677838592773
3009114,243.2427647348501
3009115,199.5650196916224
3009116,119.9047562950155
3009117,4225.965998682499
3009118,26.98095683760665
3009119,1.0886611896772014
3009120,16.01326270850482
3009121,14.996809469177053
3009122,0.5902992888099579
3009123,266.98719405122944
3009124,33.628075019400725
3009125,26.409792312976894
3009126,3.4814269200069945
3009127,98.10997659354648
3009128,8.200519890242019
3009129,385.74086132595687
3009130,335.3847313923553
3009131,10.629548739311119
3009132,14.675540610185374
3009133,509.34071634133255
3009134,54.15416417882864
3009135,2882.8705750104928
3009136,0.2982663104135901
3009137,31.46088381735244
3009138,4.5412738108281205
3009139,0.3719163754656448
3009140,3.961047602777089
3009141,4732.022116466246
3009142,0.49550850334097657
3009143,526.2721174077764
3009144,6.9855714454256885
3009145,1607.212293055955
3009146,690.3220937049452
3009147,287.51275753662526
3009148,178.45206271542227
3009149,60.48089667848719
3009150,6662.6596283391555
3009151,11.265954363774124
3009152,1.3002321684611906
3009153,22.12380897457311
3009154,23.423545209697906
3009155,0.3295971848227831
3009156,393.28039880174975
3009157,0.5706234417641093
3009158,4.326668498953813
3009159,6.369579032180253
3009160,22.81624985091352
3009161,2.9675015595332463
3009162,149.39260156942169
3009163,320.7013502710081
3009164,3.3617909439846088
3009165,10.418356551106054
3009166,157.39890941041662
3009167,56.251985141146974
3009168,1085.6447583526722
3009169,2.9105420099756185
3009170,4.480487435895803
3009171,8.814753249146992
3009172,0.3974374541211993
3009173,9.995378511518798
3009174,3217.8390545947987
3009175,0.5233287049409913
3009176,701.2345256764888
3009177,12.110937574056193
3009178,1313.715342488767
3009179,1001.2604554728235
3009180,321.9641966491139
3009181,192.22406689972945
3009182,171.56461647741546
3009183,5021.878958777821
3009184,43.34530456601432
3009185,1.6177727551364942
3009186,32.751200747519285
3009187,39.464886402061325
3009188,0.31577196191470036
3009189,348.50215887867387
3009190,32.213765708262486
3009191,23.58291735699212
3009192,10.545674825133947
3009193,84.13333493234047
3009194,17.23859273300812
3009195,278.92484788167405
3009196,473.15022918032076
3009197,13.926206462340515
3009198,13.291445092583029
3009199,241.44633733353197
3009200,71.89202275049621
3009201,2662.5174399138778
3009202,0.8286018693807444
3009203,6.480434618510846
3009204,5.536157217638461
3009205,0.391919284141125
3009206,8.780509248318104
3009207,2750.1822698403885
3009208,0.5167340381739132
3009209,490.52280436808564
3009210,9.545636056741525
3009211,748.9343473202965
3009212,895.6193377022278
3009213,181.32613588951352
3009214,161.36939639496939
3009215,112.76379541883468
3009216,3272.292449845045
3009217,35.95798805768532
3009218,1.498597945920133
3009219,24.759581474641507
3009220,24.07661419424415
3009221,0.32387745535885337
3009222,226.8771045325793
3009223,29.05958900824457
3009224,32.342838242951466
3009225,5.050472259482491
3009226,67.97297580165582
3009227,10.425074706075419
3009228,235.61504411111395
3009229,284.1321805291373
3009230,8.088222555279142
3009231,11.146402979931663
3009232,237.2441140791975
3009233,51.36466773311438
3009234,2532.329506028118
3009235,0.4642600004151284
3009236,17.1878756139398
3009237,5.724127438974915
3009238,0.36464455489747866
3009239,5.388998804527467
3009240,5719.97675792769
3009241,0.48496684889907055
3009242,791.6739884874517
3009243,19.489756770918053
3009244,1470.717621079984
3009245,958.3391539221251
3009246,349.73967753453366
3009247,235.90990021630577
3009248,64.10786981716902
3009249,5896.858393621866
3009250,9.876807090403872
3009251,0.4241861219151192
3009252,18.642986333581913
3009253,23.768076383693767
3009254,0.3956434993504411
3009255,305.98717308418156
3009256,0.5778578367534863
3009257,9.548289400870905
3009258,2.658136953614663
3009259,116.87404319935507
3009260,1.687748382060911
3009261,220.9846353373546
3009262,341.680711454536
3009263,3.4499822216597558
3009264,3.8312452755198367
3009265,294.8130828338278
3009266,169.48872541216184
3009267,1227.0312653266692
3009268,3.013342467914728
3009269,0.8181208227066106
3009270,20.11251045848789
3009271,1.2329986557801453
3009272,22.882508963697973
3009273,10000.0
3009274,1.9167636798484449
3009275,2090.389882399185
3009276,22.295643406807525
3009277,2977.339377683059
3009278,3424.5726892490206
3009279,702.4832965600045
3009280,859.6020949437452
3009281,489.95264777108855
3009282,10000.0
3009283,84.42811261468054
3009284,4.566049404247847
3009285,138.23113802282785
3009286,139.970818528027
3009287,1.6522995205074957
3009288,904.3866075720974
3009289,59.9128936587032
3009290,30.476494767995675
3009291,61.84958065853805
3009292,341.88417209647935
3009293,36.64116530842741
3009294,1024.715390994822
3009295,787.1901301274783
3009296,61.84671084312214
3009297,51.683024458950385
3009298,1491.2205396397999
3009299,319.9160076148724
3009300,10000.0
3009301,885.1596588036341
3009302,110.57043672788394
3009303,22.662869650543154
3009304,0.9535029701544093
3009305,25.06057221412318
3009306,10000.0
3009307,1.7676412580625276
3009308,1605.411565298652
3009309,23.850184196098546
3009310,3384.6022637008946
3009311,3040.2755797013497
3009312,987.2945797393179
3009313,565.4926474703233
3009314,419.6333298784389
3009315,10000.0
3009316,133.21245567847464
3009317,2.141205641888861
3009318,104.22249068287609
3009319,97.59843835921637
3009320,1.336586200305193
3009321,952.8562330050131
3009322,51.65286103297525
3009323,50.94999742545466
3009324,22.297820693463354
3009325,217.26553692650492
3009326,28.97835933939697
3009327,1432.2181272593393
3009328,1078.3321522659985
3009329,35.36809571786948
3009330,39.13781592785684
3009331,1667.8901853768202
3009332,317.30332240024904
3009333,8582.946712778763
3009334,889.7252276156842
3009335,119.62212144037237
3009336,18.13152718099904
3009337,0.9116246125174292
3009338,29.54789659194003
3009339,8599.658778443192
3009340,0.9047276768121861
3009341,1249.9755291003373
3009342,16.200020583292577
3009343,3018.936287510832
3009344,2198.93000586807
3009345,1188.4213229924212
3009346,230.93248497176597
3009347,337.6590038862139
3009348,10000.0
3009349,66.94523697796143
3009350,3.2596157052426538
3009351,64.17102356610461
3009352,43.43265319453911
3009353,1.2582934188639068
3009354,906.2037414679753
3009355,63.8254041495161
3009356,40.773855483185095
3009357,15.19694221922839
3009358,132.9566652619409
3009359,15.245789148538812
3009360,1111.7944142793867
3009361,1164.4928345934093
3009362,36.733599702259625
3009363,71.02081878308479
3009364,1108.4340718527787
3009365,170.81632045932608
3009366,4103.836109529297
3009367,758.4921585358799
3009368,70.79229649543166
3009369,21.772225616897433
3009370,0.9130003422603481
3009371,28.728597124069093
3009372,10000.0
3009373,1.3100846446646401
3009374,1503.2778696152072
3009375,19.52870198982325
3009376,2889.6048115115573
3009377,2816.3899463002545
3009378,860.244966742436
3009379,487.1693874083953
3009380,306.4941093382455
3009381,10000.0
3009382,60.14506155916484
3009383,1.5829091173292693
3009384,76.54842963693594
3009385,88.49531325250305
3009386,2.1325386174663277
3009387,815.9534269278646
3009388,61.98922443928006
3009389,35.437061997471574
3009390,18.906355183605893
3009391,210.8934370120764
3009392,21.434068315751798
3009393,1011.4176759431991
3009394,1016.5741947290446
3009395,37.80673114641528
3009396,43.97375362695486
3009397,1371.4241522879925
3009398,279.67259669744595
3009399,7436.003418898465
3009400,1094.048545029118
3009401,87.42446558812138
3009402,20.79440598175279
3009403,0.9043748160464132
3009404,32.741951927704754
3009405,6990.626876849459
3009406,1.047046817810068
3009407,1247.1819599734965
3009408,19.50582158197434
3009409,2868.583653089832
3009410,1920.7366945840915
3009411,962.1386427505583
3009412,206.6950076192069
3009413,304.40778832421285
3009414,10000.0
3009415,64.53925279308382
3009416,1.2806506385641936
3009417,51.7952634133543
3009418,47.29775085370643
3009419,1.2437458591862192
3009420,855.114031635925
3009421,47.464803361925526
3009422,19.766499556443524
3009423,10.409954459158717
3009424,121.60888186955636
3009425,12.375045635620882
3009426,1125.815556230534
3009427,1161.821681408375
3009428,31.609958317421082
3009429,42.768336025885546
3009430,1200.8687760508792
3009431,133.53616503664978
3009432,3073.1336233858365
3009433,890.6934590305898
3009434,33.58347045895792
3009435,13.811457743227221
3009436,0.8982772199526368
3009437,18.57458842983755
3009438,8991.28046141048
3009439,1.1302485165824065
3009440,1399.4395337330084
3009441,19.39316528202677
3009442,2130.2519920101813
3009443,2623.7217998171395
3009444,565.8477431767081
3009445,571.7159915698682
3009446,364.732512404183
3009447,10000.0
3009448,81.15662431061511
3009449,1.1729697582871192
3009450,59.872146335208605
3009451,55.726305222084754
3009452,0.931332830146051
3009453,630.3870596603969
3009454,29.47951812572534
3009455,29.29107145715764
3009456,15.82032732157882
3009457,245.35509482364682
3009458,21.540013058560376
3009459,859.4663102204146
3009460,681.307396807862
3009461,28.940493338047343
3009462,41.977982137619826
3009463,1161.8194503363427
3009464,243.2079618350174
3009465,9201.90980838656
3009466,387.27400130167285
3009467,78.54139885954481
3009468,8.48578155916197
3009469,0.924818411507328
3009470,8.564601939156574
3009471,2060.2612615683156
3009472,0.5567713457419059
3009473,398.0380169050982
3009474,19.683465560785546
3009475,968.5751109308859
3009476,652.5270529111899
3009477,258.9247450919511
3009478,104.488508825886
3009479,83.28791531754392
3009480,3429.445742003311
3009481,29.241958256221654
3009482,1.415924568376389
3009483,25.761429406280715
3009484,25.240551209719538
3009485,0.4761074471415706
3009486,254.56499167043148
3009487,18.461236234427837
3009488,8.882428210138167
3009489,10.170622690357666
3009490,63.44386814048296
3009491,9.29532091090867
3009492,259.56414501457
3009493,303.948118536638
3009494,4.577324067133975
3009495,7.895888693360991
3009496,247.8984339323322
3009497,65.4691730965039
3009498,1706.70956049826
3009499,0.7028232454978443
3009500,9.365469342430092
3009501,13.211795048415807
3009502,0.8140012850761184
3009503,21.085439177460596
3009504,5691.098249718358
3009505,1.1780828573839748
3009506,665.6828574839915
3009507,29.742451997110457
3009508,2062.7544148622615
3009509,1446.7504575480284
3009510,568.5219654480372
3009511,145.03776806682438
3009512,151.3358042481727
3009513,8588.463810791123
3009514,77.2223316639734
3009515,2.393396576862954
3009516,64.25333835286672
3009517,46.60865695485586
3009518,0.7793034540474293
3009519,546.7903071744558
3009520,38.93188911613742
3009521,10.409057135936912
3009522,4.97688766939523
3009523,127.3412213302235
3009524,14.295313152601224
3009525,581.518498920009
3009526,702.4188170795603
3009527,20.645357851842377
3009528,34.62044242440578
3009529,514.1735174568412
3009530,93.52573978917624
3009531,2496.073567921603
3009532,776.9596027582577
3009533,23.662639440991043
3009534,9.650209003142528
3009535,0.8084672532511754
3009536,7.960072723736851
3009537,5883.882622481851
3009538,0.938314064543406
3009539,1087.0942819123325
3009540,6.959745188307824
3009541,1660.3283033247383
3009542,1979.9838486404512
3009543,311.9585105475742
3009544,419.03498650634936
3009545,268.8543762721328
3009546,6268.924623516408
3009547,48.23093650584849
3009548,1.9437418053519346
3009549,37.90343414106471
3009550,51.8781344159661
3009551,1.1054704988770951
3009552,405.01319445971336
3009553,8.986103885016323
3009554,40.237177232333956
3009555,4.836831274208292
3009556,185.16966145847994
3009557,12.864638607199048
3009558,629.2973570075145
3009559,389.1414732612828
3009560,23.43108004991977
3009561,12.296972223537917
3009562,777.5919601330273
3009563,135.2034255146011
3009564,6279.283818667524
3009565,3.2085032762657284
3009566,49.18849648046701
3009567,19.774933200749246
3009568,0.0
3009569,11.718216844357396
3009570,5396.268882220438
3009571,0.0
3009572,1091.8158415998823
3009573,12.002495654324692
3009574,1834.1328810443179
3009575,1493.490556274626
3009576,469.32144584162944
3009577,270.6444390699571
3009578,298.8131031518878
3009579,8019.182584596032
3009580,49.16855151360982
3009581,2.2406134725931253
3009582,52.947388889010924
3009583,62.54171081469204
3009584,0.8456540475362334
3009585,491.8121649727671
3009586,11.107491351558675
3009587,55.75080026631207
3009588,8.057449999551665
3009589,189.48082838885594
3009590,11.941688238765387
3009591,509.20074928914204
3009592,481.0823620288401
3009593,15.448371768356392
3009594,36.88543751849496
3009595,612.8217632614317
3009596,130.8122992033699
3009597,5109.707346605837
3009598,5.352707547432362
3009599,7.22123160962823
3009600,13.542058843045353
3009601,0.4508391439457159
3009602,7.111427047566843
3009603,2941.510296994137
3009604,0.5655712603649931
3009605,632.2370970309507
3009606,7.774803776549818
3009607,1224.1378964461067
3009608,737.4469940101894
3009609,297.50445762215264
3009610,129.09005992973206
3009611,123.06743469064001
3009612,4189.607222632577
3009613,20.571963108988722
3009614,1.493476150625607
3009615,33.39971847432319
3009616,30.708025132876084
3009617,0.38677260094088356
3009618,273.05014529030933
3009619,8.256268102908772
3009620,13.304647821977218
3009621,9.362044236306833
3009622,106.39134925455474
3009623,5.92260344914049
3009624,334.2458844748096
3009625,324.22740244590744
3009626,5.31392319487021
3009627,8.18056664933054
3009628,265.45605775521005
3009629,76.6361807648995
3009630,2493.26448607902
3009631,0.6807958607251539
3009632,3.218563714294528
3009633,10.21175289204244
3009634,0.3501069673169969
3009635,2.1157865984396844
3009636,5186.738257128707
3009637,0.0
3009638,423.2651828279231
3009639,5.097240163279535
3009640,1534.079082888865
3009641,357.68753169083084
3009642,314.2339997634324
3009643,83.79093754211972
3009644,39.402604080241886
3009645,4617.491001726726
3009646,8.030471417693839
3009647,0.7252405524880393
3009648,25.23106647471167
3009649,12.426360557228069
3009650,0.3423397176314966
3009651,338.61055507649854
3009652,0.5700803808257872
3009653,6.801965569936568
3009654,3.6057121700879193
3009655,21.685487427900718
3009656,1.455615822847153
3009657,66.58660911279914
3009658,269.70585216558277
3009659,0.33827591958303527
3009660,1.9073177505854872
3009661,76.11716661982928
3009662,104.7763574741542
3009663,839.8317236522223
3009664,0.726351783248665
3009665,1.763651954597338
3009666,9.226766864758837
3009667,0.42890916624497316
3009668,9.498970630944143
3009669,4669.54128640678
3009670,0.5684120896508051
3009671,646.561973241781
3009672,12.58741882672608
3009673,1511.5265596408976
3009674,1354.4418539888254
3009675,455.8667644218273
3009676,263.46489405192443
3009677,192.6635797155335
3009678,5817.648501959797
3009679,47.638662301781125
3009680,1.565208225144941
3009681,34.39158745866094
3009682,47.01593381750406
3009683,0.43158977335284743
3009684,402.2767455640889
3009685,43.86191648572159
3009686,21.392212131926883
3009687,13.71200065262113
3009688,104.38194655096422
3009689,9.068092231421337
3009690,535.5705608961598
3009691,467.2467446729403
3009692,12.01520408759814
3009693,20.511103957828738
3009694,689.7900967743226
3009695,131.3251924600332
3009696,3399.108169629677
3009697,0.32431516353785417
3009698,50.60955954616614
3009699,4.809331532935538
3009700,0.46808249095992494
3009701,6.423879032640166
3009702,3812.4405869892976
3009703,0.631705981200152
3009704,612.6267734801879
3009705,12.129428826719217
3009706,829.2783663004127
3009707,1177.7561109202481
3009708,166.7822654652774
3009709,245.02197174293954
3009710,202.78943040458034
3009711,3436.571135151482
3009712,30.36334785183894
3009713,2.986306885160789
3009714,30.040261655466445
3009715,21.324111238213785
3009716,0.8443378317282122
3009717,239.92108616998533
3009718,16.522568179785317
3009719,37.38377085960948
3009720,13.235819056025662
3009721,188.0953737743567
3009722,13.415057647132208
3009723,415.2437356236118
3009724,225.9936852237704
3009725,9.971041740598409
3009726,13.891054690202694
3009727,548.1711647447687
3009728,120.91930006100361
3009729,4454.193876368448
3009730,0.1279714593132484
3009731,32.516795323130616
3009732,5.599127229656645
3009733,0.8212239857993743
3009734,16.52481156551011
3009735,5810.187939890258
3009736,0.7032596266910109
3009737,905.1719705545464
3009738,15.912933173175237
3009739,1359.7496448150953
3009740,1734.4041175211325
3009741,345.92264366971284
3009742,441.84909905421955
3009743,165.00391415049285
3009744,5801.658662801518
3009745,49.712241266111796
3009746,3.5032726589428007
3009747,42.98052683275026
3009748,52.45023235823204
3009749,0.7511438788623275
3009750,418.85864793552724
3009751,36.872755418659
3009752,37.9840199816424
3009753,21.097339866497368
3009754,122.08374692582949
3009755,22.222536224907046
3009756,467.8600979375435
3009757,459.87118896216606
3009758,28.65606733433076
3009759,22.28942598283794
3009760,668.52803884202
3009761,182.43332658738188
3009762,5606.2243683297565
3009763,0.5549430429964095
3009764,41.620132407786755
3009765,14.199711690826835
3009766,0.47083991056810665
3009767,12.702011551148704
3009768,4521.189434035901
3009769,0.6167127945654156
3009770,630.062553067798
3009771,13.741884623806737
3009772,1883.623909094218
3009773,980.0336578337096
3009774,623.2276071032777
3009775,228.37967555630945
3009776,115.66751683831174
3009777,8071.59618500208
3009778,11.478287346395897
3009779,1.5654684585121696
3009780,57.123864738233266
3009781,59.430887808278314
3009782,0.4874381061645656
3009783,526.7436567436106
3009784,20.633028767989227
3009785,4.741937104167853
3009786,12.814291565294251
3009787,66.58546425746643
3009788,3.9768321157282904
3009789,382.86207773513047
3009790,552.9192730470578
3009791,7.210720541570617
3009792,11.742658047920877
3009793,509.9536980744111
3009794,119.19979541016711
3009795,1847.6364336489319
3009796,204.02356010422258
3009797,20.1091506250934
3009798,3.3671713710695363
3009799,0.4318263124324846
3009800,4.773453697047065
3009801,2051.5420242816945
3009802,0.6436175655716811
3009803,358.3585722426942
3009804,10.026077548856126
3009805,607.8626635807385
3009806,720.0670588951705
3009807,141.18438836430462
3009808,152.7996000108939
3009809,109.46148218406232
3009810,2364.3167168856417
3009811,18.043560699188596
3009812,1.3907273083167642
3009813,16.2322145097187
3009814,22.56927862228376
3009815,0.5920762800413123
3009816,174.69343004145315
3009817,11.877571657899605
3009818,14.09020916886182
3009819,6.8192182119496
3009820,68.3428813236011
3009821,6.89697140476104
3009822,230.10105745625972
3009823,162.930576337732
3009824,3.3329904564369444
3009825,7.5616317033725275
3009826,312.63083175041197
3009827,61.68081484908159
3009828,2343.3694253171107
3009829,0.11990673281087601
3009830,20.445518611534276
3009831,2.243150734025087
3009832,0.2965385370801974
3009833,1.222458639331526
3009834,1188.079900342359
3009835,0.4271863119819526
3009836,104.42525248135351
3009837,2.0369287621392833
3009838,639.4937189396846
3009839,278.69365861016047
3009840,256.0108848573703
3009841,73.62508475454712
3009842,31.420620874714633
3009843,2517.69959261053
3009844,2.1716492918296355
3009845,0.46832263778150585
3009846,9.432927251737013
3009847,6.886467598175701
3009848,0.21579031351001976
3009849,165.4652923615833
3009850,2.3260006055043454
3009851,2.6329866001883238
3009852,1.4547072762308175
3009853,6.561251876975447
3009854,0.3493527979465397
3009855,166.27876098488179
3009856,160.83222837744142
3009857,0.4064441119163227
3009858,3.0350944559492645
3009859,130.61515132423818
3009860,21.631413569469977
3009861,218.3105651282374
3009862,1.5302461794301263
3009863,0.9937768445003755
3009864,5.065348097256855
3009865,0.3874731182131629
3009866,2.9652311576057317
3009867,4065.5337140039605
3009868,0.45302211501363704
3009869,567.8431978345262
3009870,7.439006015740098
3009871,1657.0616246275606
3009872,610.285179476348
3009873,495.17767158976653
3009874,259.87064555917186
3009875,61.66129619687779
3009876,6505.016522490209
3009877,14.058227805584698
3009878,0.5175836238190102
3009879,20.44184339924447
3009880,21.185199834278606
3009881,0.2936763032090816
3009882,481.7698572226194
3009883,7.453633847031436
3009884,0.9119658634628229
3009885,6.369303465554429
3009886,25.980093236322563
3009887,2.3456568637255115
3009888,512.334205631446
3009889,373.72485192637754
3009890,2.4952413410094976
3009891,12.768101921809134
3009892,272.03744422609697
3009893,85.71559974103022
3009894,1190.232974514875
3009895,18.95119201480129
3009896,6.542839642506715
3009897,3.7935076616423724
3009898,0.2955934188054917
3009899,1.6393290586525393
3009900,1576.1501930670547
3009901,0.4321920860215837
3009902,222.66977586066628
3009903,9.074401159723093
3009904,750.320504162032
3009905,405.2821267531851
3009906,207.2237872207706
3009907,80.94049153280027
3009908,33.677944551456385
3009909,2853.039432186415
3009910,5.144651147023403
3009911,0.4532183750918152
3009912,16.229137790670308
3009913,18.24790583042551
3009914,0.27879998950818097
3009915,182.55975102302827
3009916,6.745257462303725
3009917,3.605685798372085
3009918,12.51300547154757
3009919,23.630252289987794
3009920,1.8394319018262186
3009921,138.20447107950628
3009922,169.3365661934968
3009923,1.0137046154544656
3009924,6.865115732696271
3009925,141.43594337164467
3009926,28.39174028472581
3009927,314.29767222236876
3009928,5.903215960231934
3009929,1.9784600658615872
3009930,3.5629176414278096
3009931,0.28537309528726895
3009932,2.717500584884738
3009933,1594.018418573564
3009934,0.4208942002443664
3009935,139.89657842289475
3009936,5.331836054531553
3009937,715.1225301353553
3009938,257.0088219151641
3009939,174.77942650659105
3009940,61.75283307264651
3009941,28.735651156689098
3009942,2610.3482791352467
3009943,7.61960758928632
3009944,0.3131099322623364
3009945,12.253478554563284
3009946,12.908732282322676
3009947,0.2611299277081332
3009948,149.14177799359015
3009949,1.5802597043913038
3009950,2.339890750427043
3009951,2.2047903884916282
3009952,23.5946280882548
3009953,1.2249841893153477
3009954,162.3880206070286
3009955,213.81177089453942
3009956,0.5590971234666449
3009957,4.762081542898823
3009958,76.77285720722585
3009959,21.91643395049316
3009960,174.1605994111701
3009961,5.463832417337795
3009962,1.4464886788219808
3009963,2.892242789742878
3009964,0.2900342549401188
3009965,0.6886590053848071
3009966,1357.6220988231212
3009967,0.4260468012607018
3009968,165.96302487010556
3009969,6.885819383135041
3009970,985.1121123562932
3009971,379.9961260056957
3009972,245.33502368316397
3009973,45.405609033391045
3009974,31.647200270622285
3009975,2751.7804018833463
3009976,3.263727539630029
3009977,0.37428194040589324
3009978,10.170698631911375
3009979,22.052379346617734
3009980,0.2738136829184048
3009981,213.78900151489896
3009982,0.9728296991201364
3009983,3.5426870634572736
3009984,2.100736533761146
3009985,9.742941194183832
3009986,2.7028997117654314
3009987,230.68233088567237
3009988,254.91653181045007
3009989,0.6780632979285179
3009990,3.9299322052666517
3009991,58.089809941462065
3009992,86.52958486744994
3009993,395.8160312176461
3009994,4.676453077168815
3009995,2.778930671389559
3009996,3.2413171396013922
3009997,0.5887618849990909
3009998,3.1669052662139783
3009999,1719.5360597150172
3010000,0.4462945391271527
3010001,148.86163925140704
3010002,4.550091554865936
3010003,865.1713845038958
3010004,376.5125803251407
3010005,285.8663817945913
3010006,155.51862865773404
3010007,57.01865495950101
3010008,2823.053854292907
3010009,6.299328012574713
3010010,0.9134428176503616
3010011,14.460243059372136
3010012,15.472570106698374
3010013,0.27827526331240277
3010014,236.75370109783566
3010015,7.20083245969762
3010016,4.062837650084138
3010017,3.6424283109998052
3010018,16.233063503647678
3010019,1.750760502152656
3010020,137.84777590914786
3010021,196.35895607240604
3010022,0.4203361094758774
3010023,5.108007368163664
3010024,117.27791249979887
3010025,32.60460011812989
3010026,607.7687206227041
3010027,12.930484355309405
3010028,3.3266746909765668
3010029,4.036093254017853
3010030,0.2915392208638851
3010031,1.0807680577484056
3010032,1369.0196129959422
3010033,0.40192196255810614
3010034,162.65221170046232
3010035,5.727774358728396
3010036,754.6323428805321
3010037,243.31271766769453
3010038,156.70183877318468
3010039,275.68257587893817
3010040,23.332585722093764
3010041,2101.9096963469897
3010042,6.280279964186724
3010043,0.3795751147033436
3010044,13.954371741968139
3010045,13.359528119192628
3010046,0.2813982936930701
3010047,174.66221461099283
3010048,0.3231481957905718
3010049,3.607837536445984
3010050,1.1072872315623306
3010051,18.236130846072566
3010052,1.143914350985864
3010053,52.0533432583848
3010054,137.86214446785934
3010055,0.8933448381832543
3010056,2.6973387246696676
3010057,64.13347096180166
3010058,36.5872096201305
3010059,414.90217374774727
3010060,0.6111072633160582
3010061,0.8675159092251391
3010062,6.8314539905085
3010063,0.6251424980913018
3010064,4.757112466637003
3010065,3021.115912495925
3010066,0.4189489665798552
3010067,322.58348954367506
3010068,2.704183662998303
3010069,1110.544860685825
3010070,710.0264618693839
3010071,473.3566948000739
3010072,283.9824737382156
3010073,91.4237710022957
3010074,4268.822794040827
3010075,13.106822811231833
3010076,0.6560256888368916
3010077,22.658356564336636
3010078,19.429604187892934
3010079,0.26483527887481717
3010080,292.1031002906383
3010081,0.4969035099369635
3010082,3.702061869553886
3010083,7.428524889092851
3010084,24.148967119708967
3010085,4.453426149304541
3010086,252.62832904301357
3010087,284.78775620184757
3010088,1.4609088188865988
3010089,7.965200565286974
3010090,365.9637621919711
3010091,48.91226798021239
3010092,985.5886064671728
3010093,22.580517508295134
3010094,6.464113558047701
3010095,1.8385842319928456
3010096,0.30754354080073887
3010097,5.125539232988549
3010098,1770.436034843399
3010099,0.0
3010100,451.0971538022727
3010101,4.695978254987116
3010102,499.87240988880916
3010103,483.5566186435916
3010104,175.59712952123652
3010105,199.02220876857183
3010106,41.231463318501646
3010107,2366.1792700827236
3010108,7.531878229399423
3010109,1.1169469426273284
3010110,15.77359110555592
3010111,13.36288772203401
3010112,0.228317800225437
3010113,168.76699401377778
3010114,11.382548837514099
3010115,1.8152462235584625
3010116,6.046782417591468
3010117,30.67717169300335
3010118,1.2448729664287632
3010119,65.22397685105783
3010120,148.456982346134
3010121,2.934711741240322
3010122,5.71511297145776
3010123,131.4742020506195
3010124,36.20508650012538
3010125,1158.822220243906
3010126,48.60159846252504
3010127,8.264847642766043
3010128,5.095019016871527
3010129,0.32497452681227906
3010130,1.7167889478932916
3010131,2553.355809154937
3010132,0.4382148516757516
3010133,172.02946316408028
3010134,2.738136084836643
3010135,873.0877787407552
3010136,311.1049794284713
3010137,288.514523414759
3010138,97.05163850902056
3010139,44.997079544497105
3010140,3184.714471686665
3010141,8.915940002540056
3010142,0.6683624691686816
3010143,10.579517030352356
3010144,14.824053048486046
3010145,0.41786493602988967
3010146,177.6095840817958
3010147,8.575310114937272
3010148,5.38079020420409
3010149,3.7527843816456214
3010150,19.831650295877886
3010151,1.3124508982453347
3010152,126.06752207257811
3010153,182.41324352752736
3010154,1.1752207153833782
3010155,4.660164266818757
3010156,77.6554119899652
3010157,26.127219542599878
3010158,426.36856318171215
3010159,4.938014999403634
3010160,3.0634444697027723
3010161,4.701556573387993
3010162,0.35248402233681364
3010163,6.397070779260494
3010164,2690.970372188449
3010165,0.5418865404630006
3010166,616.3141912447312
3010167,9.269592999591667
3010168,809.2481116356295
3010169,809.6132553436308
3010170,211.98751818363775
3010171,171.67532103444097
3010172,93.84256543570433
3010173,3422.8434878065873
3010174,31.061349352504386
3010175,0.8470241649030836
3010176,14.141121749707878
3010177,24.22639489031736
3010178,0.5125528699043227
3010179,232.02955191940038
3010180,17.85535274270344
3010181,10.20210856445589
3010182,6.604950517897851
3010183,52.88188862194788
3010184,10.079947181581007
3010185,336.17829612428585
3010186,240.04574148892593
3010187,7.767157831686011
3010188,8.460996233077552
3010189,419.39500642564747
3010190,114.42933774200097
3010191,2135.052195613767
3010192,0.16542173960727174
3010193,32.01821416781767
3010194,5.590764409233568
3010195,0.3790559686003382
3010196,5.488525276576642
3010197,3575.1829149812047
3010198,0.41437701494176904
3010199,480.5107804241591
3010200,5.405243613590202
3010201,1163.868262240594
3010202,697.087563342544
3010203,556.5953068338632
3010204,154.7833246242095
3010205,54.494527132138145
3010206,5651.34094389342
3010207,10.777816600538912
3010208,0.38175272292742735
3010209,17.728673933812228
3010210,15.466976137598072
3010211,0.21603128051405043
3010212,332.6011796206271
3010213,2.6956335807204095
3010214,5.926722696050311
3010215,3.8070402652304693
3010216,26.09500239199408
3010217,1.7228415480947163
3010218,259.3962372399461
3010219,344.9109348088122
3010220,4.412517713309188
3010221,4.816167636408583
3010222,284.7296792895311
3010223,55.90797050803794
3010224,908.780026533359
3010225,66.18246452240105
3010226,10.015924880383151
3010227,7.163269028789362
3010228,0.44060580418474743
3010229,5.4037194124370656
3010230,3284.799408850326
3010231,0.4094227189807928
3010232,458.13885603267613
3010233,4.396514528653418
3010234,1202.2202985527538
3010235,569.0576000725254
3010236,306.03539173574484
3010237,432.90381261498953
3010238,65.65512724048686
3010239,4234.740859656418
3010240,12.868276386539597
3010241,0.8145924617382094
3010242,25.852752759449714
3010243,36.341508822528745
3010244,0.3091626313322437
3010245,316.48185565645787
3010246,4.377752362671492
3010247,1.7078533120987849
3010248,8.003197163488384
3010249,48.258853196156245
3010250,1.4975009211684414
3010251,107.59123542005536
3010252,302.50782055927556
3010253,1.4907155439446176
3010254,6.035769877150197
3010255,146.94155781046294
3010256,153.8933411438295
3010257,1096.0037838157027
3010258,0.604414626241023
3010259,4.412269429840267
3010260,5.080693423809515
3010261,0.40413728060403764
3010262,1.7528659764828738
3010263,1722.4581610496639
3010264,0.4256657355629042
3010265,138.86981827133937
3010266,6.846732379551018
3010267,627.3458830352712
3010268,325.37279407771905
3010269,151.96802300472757
3010270,59.454903584872184
3010271,37.457575476889694
3010272,2519.83230505496
3010273,2.6493395635958636
3010274,0.39713723441310006
3010275,18.475477866461837
3010276,15.472953737932984
3010277,0.23127264977544865
3010278,169.47941407131302
3010279,1.2151172827573555
3010280,5.541271689704672
3010281,3.8875010052667225
3010282,31.153239368309148
3010283,2.561670635767767
3010284,105.19054805263856
3010285,192.45607003429643
3010286,1.179481973327615
3010287,5.214279762301234
3010288,130.45796994002905
3010289,27.653031042922557
3010290,418.67931850315296
3010291,14.101847226028395
3010292,2.405555082973202
3010293,1.6632413741037577
3010294,0.2825578145671692
3010295,4.130927822467527
3010296,1293.9989604040438
3010297,0.6009550136766231
3010298,259.7498391447467
3010299,5.963294734121091
3010300,512.9724552640904
3010301,460.5528252166146
3010302,131.2909076343269
3010303,42.34716687793615
3010304,56.06187901391367
3010305,2032.5769785761395
3010306,20.252895005633846
3010307,0.5896559462579501
3010308,11.799862716792031
3010309,16.129137122589782
3010310,0.25627105747546486
3010311,130.58676290143376
3010312,12.781411716486964
3010313,1.9870476206911407
3010314,3.827591760909715
3010315,30.55512724683332
3010316,3.7475020466970728
3010317,397.5534160974313
3010318,146.60474428330937
3010319,2.9981878102504598
3010320,5.370248931460567
3010321,280.9816031028988
3010322,24.823975796738626
3010323,1146.4611530080203
3010324,0.09337479798516436
3010325,4.664343529243224
3010326,2.792515684212277
3010327,0.31591577907061863
3010328,7.003317019261871
3010329,3253.28613132216
3010330,0.6991906838753731
3010331,686.3261927417166
3010332,13.760486222092812
3010333,930.5125385774808
3010334,1262.2445383086826
3010335,258.3424845532795
3010336,219.28999399182726
3010337,128.4056296598844
3010338,3684.4275076545846
3010339,27.29388026150755
3010340,0.8630970005098588
3010341,20.805433805628763
3010342,25.562178052133678
3010343,0.308095861539674
3010344,241.44004956447642
3010345,9.651530961620656
3010346,26.195799330139433
3010347,9.933277699053289
3010348,61.10470217606624
3010349,12.832436459853549
3010350,343.5571202632126
3010351,262.0894115089283
3010352,13.878859655718227
3010353,8.953875330641687
3010354,471.369917217104
3010355,107.83424687387136
3010356,3182.9660448961913
3010357,0.404559466579238
3010358,18.394319518973937
3010359,1.5394509236163851
3010360,0.22244403413002592
3010361,3.4024495016682446
3010362,1547.2144110130318
3010363,0.40392348909098225
3010364,285.04369994047886
3010365,3.1831746198661315
3010366,297.82646997781796
3010367,441.4245562278491
3010368,104.01493120106947
3010369,65.86097740948702
3010370,50.1345510688735
3010371,1374.4875708017998
3010372,12.266893573472636
3010373,0.7378011557636414
3010374,10.053510832089506
3010375,12.008517066027899
3010376,0.370841302751467
3010377,79.65710878166416
3010378,0.3505126188179719
3010379,6.188332319301071
3010380,1.9388065007660602
3010381,100.74734617495673
3010382,4.56851150418384
3010383,95.48227901789436
3010384,80.93161840103959
3010385,2.280284327438639
3010386,3.4011918194325075
3010387,84.38803508354106
3010388,22.225959663638704
3010389,990.6502165002571
3010390,0.28541197372234794
3010391,2.310223203133422
3010392,2.4185328312523175
3010393,0.2481002305050683
3010394,0.3296117358352329
3010395,643.0236246517154
3010396,0.3610223714350731
3010397,191.69998909577487
3010398,3.606581216389456
3010399,289.59854890534723
3010400,211.3416338948572
3010401,88.62228185755356
3010402,34.29019879718792
3010403,30.506988850358788
3010404,1144.6203912012136
3010405,5.4222154049185
3010406,0.628030687787352
3010407,9.911979601005147
3010408,5.412682821150773
3010409,0.4019065177106109
3010410,73.56283635556247
3010411,0.28995059329381145
3010412,3.3316842867486685
3010413,0.8376695178325261
3010414,10.959690548522026
3010415,0.30030864171030935
3010416,205.63580964596653
3010417,89.72148785555538
3010418,1.9089669041124964
3010419,1.4367183474218221
3010420,107.56498431938891
3010421,18.6660515011865
3010422,371.0410102853964
3010423,0.31369534451733433
3010424,1.5407093420448628
3010425,5.159128666953032
3010426,0.35009175206913656
3010427,5.8358102232537705
3010428,3185.8794755236345
3010429,0.48253387139341075
3010430,717.1859351502001
3010431,12.488302151732919
3010432,876.6676339251744
3010433,1096.783944822996
3010434,286.985834919559
3010435,249.4475725272346
3010436,103.00186483172834
3010437,4077.581938992707
3010438,28.198277646684755
3010439,1.4470590129521863
3010440,19.996131685493683
3010441,30.192016488618396
3010442,0.22829680067918898
3010443,243.15225476078166
3010444,6.36771556541221
3010445,29.21096585815294
3010446,6.537110082728721
3010447,82.4629098003978
3010448,3.8965317016773273
3010449,299.4361036907396
3010450,261.9987356106157
3010451,10.219874322687769
3010452,9.538035248923073
3010453,416.183811805948
3010454,80.24759826353748
3010455,2681.7711890845076
3010456,0.6377719891381511
3010457,14.253142135368684
3010458,6.865693802452947
3010459,0.28782638435923313
3010460,2.453175486507856
3010461,3327.1275549618545
3010462,0.4145944824727217
3010463,631.2193255926156
3010464,9.08627615398433
3010465,963.3820693432245
3010466,827.7859653199258
3010467,320.3766535629722
3010468,303.7034920811909
3010469,47.31304706135682
3010470,5239.5595816971
3010471,12.341879466839934
3010472,0.6640025847455732
3010473,35.00346876926817
3010474,18.51003499053665
3010475,0.6134932181105331
3010476,265.9894812563659
3010477,0.3112991809866405
3010478,5.319786334123603
3010479,4.859586718716488
3010480,33.44725337171773
3010481,1.108711276710149
3010482,168.42713980731767
3010483,260.8606650862871
3010484,3.928658779309635
3010485,4.104020399486529
3010486,182.15266195557243
3010487,86.68367388002102
3010488,1271.7975115274396
3010489,1.538342188219537
3010490,2.548636140578679
3010491,4.537324648857004
3010492,0.34637789538222036
3010493,2.260630711221579
3010494,2865.383953731717
3010495,0.41539234244026707
3010496,685.377581303968
3010497,6.960175421450444
3010498,827.6939549006788
3010499,737.2484040170477
3010500,266.02603351341907
3010501,401.2503359734671
3010502,56.51852425245935
3010503,3632.9490042230086
3010504,10.442384848159676
3010505,1.0651970397197534
3010506,27.491747369717046
3010507,18.27568229983342
3010508,0.22512094274010008
3010509,244.62481641941503
3010510,0.312038780309943
3010511,3.4581555369092225
3010512,4.046634142513927
3010513,40.99598238720773
3010514,0.9364999916398903
3010515,108.73107516946011
3010516,225.7213426567275
3010517,2.9055745858712103
3010518,4.762442752388559
3010519,175.9391650589937
3010520,62.92375827797266
3010521,949.5902388156161
3010522,0.8348923283382599
3010523,3.972008940174068
3010524,7.821923640570402
3010525,1.5639962920932202
3010526,16.51142255868554
3010527,7738.241460181097
3010528,2.234964745524831
3010529,1139.2832634411031
3010530,24.956264341224976
3010531,1770.231472247292
3010532,2090.6595644834233
3010533,340.96225438478916
3010534,454.07503286405307
3010535,297.27551729221517
3010536,7476.287792679362
3010537,86.14772856839217
3010538,3.021699860095112
3010539,46.04156120975893
3010540,60.65519136835743
3010541,1.3642280737789507
3010542,473.1961503788097
3010543,39.9279368905639
3010544,36.9681669761412
3010545,21.095560757561273
3010546,146.61215891315413
3010547,25.520607706432237
3010548,647.4815080628223
3010549,517.0590714227054
3010550,15.455042362482812
3010551,22.94423392926258
3010552,1083.4009156501643
3010553,225.93143165045734
3010554,7222.662189189155
3010555,1.043772107149792
3010556,76.05711784401956
3010557,1.8413069239352422
3010558,0.34432437754562384
3010559,0.4993138654371292
3010560,1297.653052292098
3010561,0.4135621282105533
3010562,164.35162831505346
3010563,3.2831246792574413
3010564,451.10089905141257
3010565,254.62748878182904
3010566,110.39764068515106
3010567,207.7105008682145
3010568,37.139223038178194
3010569,1943.4831764418839
3010570,6.887996715018354
3010571,0.33616168304385013
3010572,13.086617466105043
3010573,5.050563072779463
3010574,0.27112947881869875
3010575,114.01687491917271
3010576,0.5661212244972882
3010577,3.8670435909612593
3010578,2.007146385269508
3010579,19.639383077906952
3010580,0.6968285832742925
3010581,42.95227081073537
3010582,82.51149463625151
3010583,1.8811468117371632
3010584,3.318140792426154
3010585,100.11974548175998
3010586,18.628746018848698
3010587,452.00120585254393
3010588,0.36600789198282485
3010589,3.281879025018562
3010590,5.869740582812302
3010591,0.39768207220811674
3010592,1.701917388834658
3010593,3466.042913180648
3010594,0.416426012058789
3010595,579.2025461801223
3010596,6.5004915413239015
3010597,1052.4554230800902
3010598,632.3389605364936
3010599,218.51628338104092
3010600,415.6825056790045
3010601,52.19106311189498
3010602,4244.35526799261
3010603,13.857433400242385
3010604,0.36229037888237103
3010605,21.890309855466178
3010606,18.654153800049418
3010607,0.22071500760812843
3010608,265.98715778537377
3010609,1.2550501946230241
3010610,3.6215536375442983
3010611,6.288267828466913
3010612,13.041104141887786
3010613,1.121740334724329
3010614,307.9747487510366
3010615,250.99939318382766
3010616,2.8665817678482606
3010617,4.516366655755764
3010618,109.89684079483219
3010619,61.417663141853694
3010620,966.9111721605145
3010621,0.8995201151494621
3010622,4.5763951576217865
3010623,1.100854835177818
3010624,0.1758147058381616
3010625,0.40211338399991514
3010626,1013.9347813810447
3010627,0.3463364491077933
3010628,127.7549833132114
3010629,1.9975581383532592
3010630,438.7536107031581
3010631,180.17453620559237
3010632,83.30196357814039
3010633,452.40882394437
3010634,16.448574671235455
3010635,1570.7928331248079
3010636,1.8452228629414955
3010637,0.3747440989590954
3010638,6.362733770664923
3010639,3.14905518489034
3010640,0.1471035048039895
3010641,92.18545986367417
3010642,0.22864483227381746
3010643,2.612045369654007
3010644,0.6900549591811406
3010645,14.219062885921725
3010646,0.3400940824418572
3010647,59.56997604580165
3010648,74.90066301656088
3010649,0.3641200877693237
3010650,1.354184196815824
3010651,49.34712613093873
3010652,8.459947460049488
3010653,177.86828994995966
3010654,0.43788614898494743
3010655,1.999029279109666
3010656,5.875958563301398
3010657,0.2719028656528119
3010658,1.7573460090031752
3010659,2303.692079263297
3010660,0.3971035209757141
3010661,243.9349301083674
3010662,4.1816852441243215
3010663,981.3728842574661
3010664,405.0920785462963
3010665,158.3726538922744
3010666,503.5204546880738
3010667,35.52178818647628
3010668,3068.6496925852043
3010669,1.3041025152556158
3010670,0.5519911190065535
3010671,24.17846222354434
3010672,15.301143583650338
3010673,0.24950813540607225
3010674,211.4240514751353
3010675,0.2971893513222327
3010676,3.7039302140439694
3010677,10.507238515755262
3010678,11.955116106789477
3010679,0.8629175762461933
3010680,221.679698467355
3010681,219.1850406952976
3010682,0.8827684476369724
3010683,4.352524635137199
3010684,179.78365954983443
3010685,25.390715002488086
3010686,1098.1684587585758
3010687,0.56701841482419
3010688,0.9622852266213647
3010689,3.774623047166954
3010690,0.43294544078685937
3010691,1.123486229113157
3010692,2565.441482654266
3010693,0.48218552276845295
3010694,656.5670232001423
3010695,5.367074145894062
3010696,892.2987403374348
3010697,639.9968736593121
3010698,212.3606320087615
3010699,188.52874729051643
3010700,58.7030150461085
3010701,3730.9574922579855
3010702,4.807758411394314
3010703,1.9241836813561628
3010704,17.559443235394152
3010705,33.100010593056545
3010706,0.32436901837028315
3010707,192.9679097695281
3010708,1.7704422003520368
3010709,4.463463917363707
3010710,5.3125761914236564
3010711,17.20821002748281
3010712,1.8492004414691237
3010713,172.2035204803845
3010714,268.5689324520491
3010715,3.0717054221603224
3010716,6.6674126650214545
3010717,139.77919622472228
3010718,30.315887102772272
3010719,549.8182440739872
3010720,2.468029340137605
3010721,2.350926950508442
3010722,4.423801002235498
3010723,0.13611166810869013
3010724,0.10079940461484105
3010725,1405.6767706220007
3010726,0.23758292186030028
3010727,109.37453582756977
3010728,1.957192487752533
3010729,454.4669068537867
3010730,175.1810731767402
3010731,94.19560930807873
3010732,229.6977313099985
3010733,27.59834036456154
3010734,1834.9102321118937
3010735,5.431089140810409
3010736,0.2466814588012487
3010737,10.60555086513586
3010738,3.8555239403951895
3010739,0.2770437791003152
3010740,102.10482410734879
3010741,0.20956433370121047
3010742,1.963622766911258
3010743,0.5310522853184458
3010744,20.991058259090064
3010745,0.5029065890066629
3010746,161.81932504018613
3010747,84.5456192647294
3010748,0.6361611100836149
3010749,0.7365122996772865
3010750,44.41278363651598
3010751,15.760249589001026
3010752,303.63790572435266
3010753,0.14554662253687128
3010754,0.693944613694424
3010755,4.463919667037192
3010756,0.28526164317102837
3010757,0.687612773712748
3010758,3174.5032822050734
3010759,0.4119484935022907
3010760,499.35054122083716
3010761,10.759330090793188
3010762,758.0438022380449
3010763,543.2933762173153
3010764,184.7790532942886
3010765,153.90858918643434
3010766,80.75159864749551
3010767,3498.2234827630264
3010768,3.8486277419073356
3010769,0.6270364467172258
3010770,13.689653526387438
3010771,11.84055448133006
3010772,0.22572592442938888
3010773,209.64974953257058
3010774,0.3196531517133942
3010775,11.019883510857486
3010776,1.7896400169915505
3010777,31.963924028869656
3010778,0.9859187936568339
3010779,189.0264366796736
3010780,198.2147351697339
3010781,1.8527710850354224
3010782,2.5030122655212974
3010783,112.0743764194106
3010784,38.18034174716558
3010785,977.0341223742025
3010786,0.639606646519977
3010787,0.6787668071055977
3010788,3.687061146794295
3010789,0.3368948782698793
3010790,7.098465886719508
3010791,2340.2743548315516
3010792,0.47521142853291776
3010793,518.9982067934299
3010794,4.627575629294144
3010795,796.7307757437236
3010796,875.2599294081745
3010797,152.2665527836111
3010798,122.50832340923934
3010799,90.90306197235171
3010800,3184.916963109981
3010801,37.90990408737778
3010802,1.2816418139510375
3010803,24.300019484760206
3010804,25.595042179966935
3010805,0.288388142987351
3010806,214.81819925751105
3010807,24.06532642416629
3010808,15.235132676486062
3010809,1.8610473012066626
3010810,75.1036213097058
3010811,8.821402312656982
3010812,183.46505377346386
3010813,266.66961670056344
3010814,13.31651732596383
3010815,13.824966434885715
3010816,229.51655082266677
3010817,59.671382169531576
3010818,2097.951692707618
3010819,0.2495053589718056
3010820,11.556027409266154
3010821,4.045655794360513
3010822,0.3067940733587764
3010823,6.188831911325903
3010824,2006.5914920863172
3010825,0.43893724755173524
3010826,442.59685020227374
3010827,11.397297228128785
3010828,855.146708787672
3010829,754.4547431077592
3010830,151.7285399152991
3010831,92.18997921735473
3010832,93.54994877031382
3010833,3328.243708895418
3010834,21.150090315300464
3010835,0.7464610165127574
3010836,41.2731252358171
3010837,33.814628161680766
3010838,0.2476477429237501
3010839,290.54722020105305
3010840,19.513026165939763
3010841,8.85695456380335
3010842,5.910322447382772
3010843,61.520220880056755
3010844,8.654776722165966
3010845,163.1459683593183
3010846,353.8949162681758
3010847,7.1154673560973745
3010848,6.618826533549346
3010849,128.85316001239642
3010850,68.97598978082083
3010851,1768.1603537491533
3010852,0.18673764532746562
3010853,14.065094160864302
3010854,7.752443338697978
3010855,0.30786748092602123
3010856,3.4884151145878723
3010857,3641.928620601988
3010858,0.44011919822154705
3010859,701.4863965496445
3010860,4.559026722732851
3010861,1393.7888328123458
3010862,644.6995069937019
3010863,195.90409939009515
3010864,868.6763968775987
3010865,55.84669748263961
3010866,4815.476804059128
3010867,46.952989137489126
3010868,1.4919399484620206
3010869,19.696842429590205
3010870,17.886021153855715
3010871,0.2789379264771807
3010872,354.27776249678976
3010873,4.687257722843538
3010874,11.299639549435637
3010875,5.971779375470028
3010876,42.59719282433872
3010877,4.922498220690578
3010878,148.66347968501748
3010879,303.38998366954985
3010880,6.28958728332111
3010881,6.10108534718141
3010882,205.8294164262778
3010883,49.280619487573354
3010884,1372.3020121590598
3010885,12.40278943118819
3010886,11.070041275578133
3010887,2.541329333252994
3010888,0.34058792155941836
3010889,6.302560116005951
3010890,2274.757755424041
3010891,0.5216853428864348
3010892,348.7674005902791
3010893,6.11477538747683
3010894,723.5427275030004
3010895,743.5973212918476
3010896,171.49431744416114
3010897,144.6233678899696
3010898,70.89355258362991
3010899,2907.3297755522194
3010900,22.521627917420467
3010901,0.8964954326490226
3010902,11.591183859332396
3010903,9.08620664008467
3010904,0.3737440603137843
3010905,190.26441596941186
3010906,16.698880655662954
3010907,15.364053300488786
3010908,2.3950279181141974
3010909,50.363243445231866
3010910,6.156458250529019
3010911,334.42794593256764
3010912,219.49906582204522
3010913,8.745966017124108
3010914,8.326955995190204
3010915,344.6182628993852
3010916,47.582044755193195
3010917,1990.5483430254462
3010918,0.1034008370324231
3010919,21.377140152401594
3010920,2.9662482960572767
3010921,0.35004387189160946
3010922,2.287704190540214
3010923,4351.443489477871
3010924,0.4310277851946236
3010925,443.1399812068532
3010926,5.123937578340703
3010927,1496.6961055362842
3010928,659.4643848892651
3010929,262.9071740449014
3010930,244.74683743642706
3010931,47.478256561071966
3010932,5743.858312167964
3010933,7.238055689158654
3010934,1.1894149938316518
3010935,25.948022374079883
3010936,20.145280629314158
3010937,0.27046177220779904
3010938,406.7006293158517
3010939,0.3545768874636544
3010940,1.9461700720896653
3010941,6.337145430859183
3010942,19.36370814576216
3010943,1.9166934247455685
3010944,130.10730191431531
3010945,310.14489999899814
3010946,1.947977222967049
3010947,8.314844649820682
3010948,164.08588157416477
3010949,63.777473905395404
3010950,1027.7010724144973
3010951,0.6831409525235062
3010952,4.017271534855372
3010953,5.284379407476518
3010954,0.30373245731220655
3010955,7.683129858365458
3010956,2280.433066141562
3010957,0.4312413758192414
3010958,484.5722587225151
3010959,7.488900188661057
3010960,942.6662354681828
3010961,776.4075450788321
3010962,203.6644758371461
3010963,142.98360349181428
3010964,95.02756522231152
3010965,3339.380876345412
3010966,26.66245435765737
3010967,1.520430826778059
3010968,21.48754611849442
3010969,26.54117910905805
3010970,0.36138501435589526
3010971,237.81183426295902
3010972,14.132720012088985
3010973,8.55218887051141
3010974,6.492023541542669
3010975,44.517822153598956
3010976,9.660903973911317
3010977,198.60150000056646
3010978,305.03261097161163
3010979,10.831675811069038
3010980,8.640021991175892
3010981,204.32818648214715
3010982,53.684687554003986
3010983,1992.050475144239
3010984,0.5544069886502483
3010985,6.128999899944273
3010986,3.200382214129415
3010987,0.3606178302316282
3010988,7.590552351471879
3010989,2378.467890597116
3010990,0.4931199478682817
3010991,474.73550622926837
3010992,7.184957625088638
3010993,689.7132099314317
3010994,810.568222897105
3010995,155.48117909481033
3010996,133.7067114787217
3010997,100.18725395454268
3010998,2946.0713903974006
3010999,29.779460999991105
3011000,1.0968388218086784
3011001,21.867711789827787
3011002,20.869126195052722
3011003,0.35303600125125423
3011004,208.2330264900007
3011005,13.95825828195618
3011006,29.358624023997283
3011007,4.809272413907154
3011008,53.012119552342384
3011009,10.443002716453808
3011010,203.81945346576197
3011011,228.40794872895023
3011012,7.675980459756588
3011013,9.371326814012365
3011014,202.00400066674212
3011015,49.05681499600314
3011016,2260.5228620884873
3011017,0.18915785884669808
3011018,14.749575092316183
3011019,4.276971805721082
3011020,0.34503809902967486
3011021,4.007567803699123
3011022,5236.168751178117
3011023,0.41727805631257553
3011024,636.0154303427898
3011025,10.80892367043071
3011026,1243.6379187010382
3011027,829.5490870096221
3011028,273.65195152013854
3011029,440.8464972620956
3011030,56.86898309837234
3011031,4826.794494553151
3011032,7.59796673692829
3011033,0.34542529915043035
3011034,18.74982230339183
3011035,23.110035911583978
3011036,0.22594781888014914
3011037,263.1052011030008
3011038,0.3340639601051224
3011039,3.9036579079993454
3011040,1.8026300730681208
3011041,57.91415646085357
3011042,2.45441952768563
3011043,202.54262322621238
3011044,286.28307961689995
3011045,3.205039358704964
3011046,3.5670578736105227
3011047,197.55403138443978
3011048,118.59373891743041
3011049,873.2066050203044
3011050,1.615600755173666
3011051,0.4906997227325381
3011052,14.411288196612464
3011053,0.7982444194765045
3011054,14.189309473599693
3011055,7482.733747611355
3011056,1.3068139186495291
3011057,1487.291973431767
3011058,20.269400471962427
3011059,2137.1165566465047
3011060,2229.6567551968037
3011061,499.83784268744097
3011062,555.8349845108659
3011063,320.4510178027145
3011064,8090.962030455197
3011065,65.08281867002722
3011066,3.6058553315111146
3011067,98.21600549917923
3011068,97.87375048445466
3011069,0.9208557323260402
3011070,589.1239763764002
3011071,38.46495065261411
3011072,20.846207500181663
3011073,47.55494612930724
3011074,215.3464659643652
3011075,27.731889883441553
3011076,744.063936899101
3011077,516.5833685230612
3011078,30.567619021283264
3011079,34.26300475975024
3011080,985.0135532680736
3011081,282.6541377690455
3011082,7969.260102551079
3011083,510.3468238946058
3011084,88.3095707747466
3011085,12.785161883900095
3011086,0.46514828285778714
3011087,14.387519314203109
3011088,7961.6411716256
3011089,0.9414669441130589
3011090,1091.8566849124172
3011091,19.837091889477488
3011092,2308.764747995193
3011093,2088.1693519899454
3011094,646.203491771118
3011095,372.41342034866807
3011096,273.094696074586
3011097,8748.96372237879
3011098,95.28290549585142
3011099,0.806391352585019
3011100,56.17196484720602
3011101,75.92079627485086
3011102,1.439378632509773
3011103,604.6664288718512
3011104,30.018095215199047
3011105,23.51780841340282
3011106,16.652743969323044
3011107,137.17467741239443
3011108,19.238607089279157
3011109,900.8165710972154
3011110,712.1968270997353
3011111,20.778952691934872
3011112,28.03207808538925
3011113,1157.2162385572876
3011114,226.645516357641
3011115,6020.506202410606
3011116,598.921582532419
3011117,86.25047815662869
3011118,10.40094337144737
3011119,0.42227522818219626
3011120,17.63642645885062
3011121,5747.784203400442
3011122,0.5770308903397032
3011123,833.3241681266798
3011124,11.893763702066149
3011125,2035.1849059665738
3011126,1546.4714036381029
3011127,736.9091857260623
3011128,147.3549000787939
3011129,212.28513681473004
3011130,7890.66880189066
3011131,42.408864217006744
3011132,2.0875753252897438
3011133,32.37128797974521
3011134,30.164269815123212
3011135,0.9987778019820648
3011136,571.8792377498869
3011137,26.715166622477202
3011138,19.428018316396034
3011139,9.732832169700096
3011140,97.83716173972735
3011141,11.235563601572311
3011142,888.9243851741805
3011143,663.7600520134911
3011144,18.521661991259997
3011145,40.80981872505936
3011146,717.7254486810739
3011147,134.45664904251518
3011148,2529.9846343590843
3011149,349.8602932218863
3011150,39.424780640406155
3011151,13.869885071968183
3011152,0.4772147842582646
3011153,16.6148148557746
3011154,7248.648058464415
3011155,1.0804422954034902
3011156,1085.2004117973436
3011157,17.614861061516397
3011158,2182.3138510783956
3011159,1988.917760856163
3011160,605.9042418657849
3011161,335.9488000919103
3011162,198.08522585034373
3011163,8546.886447240782
3011164,41.23116494698347
3011165,0.8401813624513486
3011166,59.115310776644165
3011167,75.52556103490562
3011168,0.9700224595237051
3011169,573.8968002623272
3011170,31.724230356710677
3011171,20.724440464489476
3011172,14.625576559656054
3011173,143.8017450267251
3011174,14.443063338941089
3011175,756.0630517175946
3011176,677.9302146352945
3011177,19.165334185200088
3011178,21.518399511656167
3011179,1144.9170800074805
3011180,233.3754800778072
3011181,4845.863975705302
3011182,456.00726584648123
3011183,65.63286108659365
3011184,9.239608812392866
3011185,0.38954924302063654
3011186,15.619194984768235
3011187,4043.9954461942602
3011188,0.8459816915470881
3011189,797.2559075698847
3011190,16.612842731736244
3011191,1847.8055020387449
3011192,1136.7303954845918
3011193,552.8937084042869
3011194,103.79456514396165
3011195,154.44683492985303
3011196,6950.949304070109
3011197,34.376959657943225
3011198,0.7781907975133251
3011199,29.88179996411477
3011200,31.55869221198898
3011201,0.7479560870471993
3011202,491.6366800615742
3011203,23.546689943708273
3011204,8.46396651672949
3011205,8.053057557852236
3011206,78.82507015690933
3011207,5.532335074457104
3011208,774.322814640547
3011209,681.326608152065
3011210,16.156915281574207
3011211,22.322363286582604
3011212,757.5955266045862
3011213,83.61107180081014
3011214,1660.2018770746722
3011215,471.0161980063109
3011216,18.503599743571808
3011217,11.128627263166589
3011218,0.4935170540492705
3011219,10.870615398287576
3011220,7079.8030990872985
3011221,1.1680420354678427
3011222,1145.6656957136595
3011223,20.234830198968204
3011224,1739.2973074277652
3011225,2165.986396107569
3011226,427.010408335625
3011227,447.88296085945063
3011228,288.1349352756284
3011229,7462.293505142871
3011230,66.8733201265082
3011231,1.1080666931396526
3011232,50.34415668139876
3011233,56.60285611160076
3011234,0.6823527191062646
3011235,460.4269057325444
3011236,21.266669547501646
3011237,18.675977366461566
3011238,7.28153830851074
3011239,162.2505944908657
3011240,21.157713233029
3011241,759.2045354594845
3011242,543.6939920078298
3011243,20.831477135125738
3011244,28.82788464413246
3011245,1011.5524869317055
3011246,211.19779493452683
3011247,7202.166382788162
3011248,318.9602242718698
3011249,77.51124274321997
3011250,4.986273049153681
3011251,0.4757132090061307
3011252,7.293246304065456
3011253,1799.3700686428801
3011254,0.5215235491943172
3011255,372.4485989542999
3011256,19.398539405472647
3011257,790.057887964877
3011258,579.8257350208194
3011259,214.45259973186964
3011260,84.50114851573451
3011261,79.13196734572263
3011262,2908.578337713362
3011263,22.24154077992779
3011264,1.0999842692541402
3011265,24.173969178899387
3011266,23.49172017843742
3011267,0.5906703369338969
3011268,204.17174488580616
3011269,12.991009855452294
3011270,6.828875074656941
3011271,10.142565502273603
3011272,36.170807217028646
3011273,7.029613432560601
3011274,239.22979570625785
3011275,235.8575480177918
3011276,3.3441356511162357
3011277,5.136891198449813
3011278,197.18105401656692
3011279,66.18247886924735
3011280,1384.0914281398454
3011281,0.44699308462447473
3011282,8.346019544653329
3011283,5.682749273641795
3011284,0.42635490582334856
3011285,12.447522779069306
3011286,4046.972995499721
3011287,0.9564382444823644
3011288,556.6646582106188
3011289,25.8824384461707
3011290,1533.2370046418353
3011291,1074.3931881876945
3011292,421.1832771588691
3011293,111.70883187013192
3011294,122.01102515213951
3011295,6847.1572850408675
3011296,68.98625263130408
3011297,0.7837081731609108
3011298,48.490432922320046
3011299,35.41131121714144
3011300,0.6402232953849475
3011301,402.0227668677171
3011302,26.18001946915977
3011303,8.45179107795007
3011304,2.3179764776044207
3011305,99.98507755281682
3011306,12.625834339770238
3011307,516.7571242368986
3011308,546.8292902912017
3011309,11.52896209513938
3011310,22.55456729593609
3011311,397.46486885540446
3011312,78.99872254309084
3011313,2001.0617730040835
3011314,402.29802307973375
3011315,12.595322766945745
3011316,5.650295541993668
3011317,0.4347595168404963
3011318,5.916064136631604
3011319,4071.323080612939
3011320,0.5922921555402741
3011321,898.5617990209784
3011322,7.467044213269928
3011323,1308.9846803253604
3011324,1510.3228989297518
3011325,233.7607317528981
3011326,338.3841986929652
3011327,196.88596986870778
3011328,4828.582719310201
3011329,44.61005644361987
3011330,1.2795009239664665
3011331,22.84708241647433
3011332,43.19868557868996
3011333,0.8703364283875457
3011334,292.4794269716832
3011335,2.6726132204531554
3011336,24.62845164203719
3011337,3.517306018065821
3011338,87.14124207249415
3011339,10.515513715032451
3011340,519.6676839192058
3011341,282.20244786150926
3011342,18.559967526013768
3011343,7.7495950854017925
3011344,651.6738100583397
3011345,123.54288966319645
3011346,4390.131276331409
3011347,1.207197345251271
3011348,40.51908662633667
3011349,8.106473128171523
3011350,0.0
3011351,9.132682012493028
3011352,4022.0362683816124
3011353,0.0
3011354,837.9823908676325
3011355,8.003595742567764
3011356,1360.189829897753
3011357,1101.694826418093
3011358,309.64680473955144
3011359,212.22430864377895
3011360,250.08865989731123
3011361,5687.624918419091
3011362,39.18924210315371
3011363,1.9362872524904535
3011364,44.14849462643903
3011365,38.787099934308955
3011366,0.5548114625075443
3011367,312.2665658938261
3011368,9.376183852439475
3011369,30.52171919875168
3011370,6.345226139600259
3011371,160.75768605093052
3011372,9.36361415466595
3011373,382.05900283932044
3011374,325.78940333297294
3011375,11.256914388173294
3011376,22.657651309730454
3011377,421.6078805124354
3011378,124.0991310371671
3011379,3773.9620729947655
3011380,2.207738330423517
3011381,6.825544903108731
3011382,7.194865980734317
3011383,0.2963327219264096
3011384,5.348810551473754
3011385,2007.9646716169364
3011386,0.4165705500992861
3011387,446.9399933306914
3011388,5.404184245292592
3011389,841.4071868621115
3011390,497.1724342496285
3011391,207.04012840200897
3011392,91.11112800499144
3011393,96.49384969540606
3011394,2868.8167749554295
3011395,14.365453201375498
3011396,1.1315099394979324
3011397,20.49970536546381
3011398,20.183529717838997
3011399,0.22988193706170837
3011400,198.330693960757
3011401,3.379075803303203
3011402,5.992339032570619
3011403,4.94558310984126
3011404,48.50608862725157
3011405,4.109955959790397
3011406,232.37406508331713
3011407,210.8799259261389
3011408,3.73301269863896
3011409,6.178850559979476
3011410,174.28101280492677
3011411,55.1374720389009
3011412,1701.2663403456818
3011413,0.3463155182385687
3011414,3.2865022518982743
3011415,4.065162452883031
3011416,0.24480528991809447
3011417,1.8197984327792174
3011418,3838.1868626219143
3011419,0.0
3011420,261.2849280728627
3011421,2.178040977573801
3011422,1007.3021309942582
3011423,264.5245248728101
3011424,212.4255048529797
3011425,85.49833075466043
3011426,25.71879283153461
3011427,3199.9214002437584
3011428,7.0617571417922385
3011429,0.6013938879172587
3011430,24.570267841585324
3011431,13.741790530903387
3011432,0.21634908944234277
3011433,205.87046054915126
3011434,0.3357255158125006
3011435,2.3088011042005894
3011436,1.9573825836217593
3011437,12.203557650927465
3011438,0.9555749231672589
3011439,51.34723247733933
3011440,186.19065731520482
3011441,0.2643501120934304
3011442,1.417219219185975
3011443,54.414105950445325
3011444,92.73516195600786
3011445,502.5950180483755
3011446,0.2119020386514114
3011447,0.5448130593165631
3011448,4.835427851143601
3011449,0.3976187268666895
3011450,6.980130532258945
3011451,3150.40417005312
3011452,0.5171601516702483
3011453,539.331486353662
3011454,13.141703508921454
3011455,1105.5020327699801
3011456,979.8493211095787
3011457,326.5763355963692
3011458,186.7228570377564
3011459,137.25895519448682
3011460,4318.159502755688
3011461,32.62123541422458
3011462,0.7998892323786926
3011463,27.12883259250449
3011464,44.6263583094638
3011465,0.3281877774680539
3011466,305.1393225378387
3011467,18.136461626612494
3011468,11.747952243448559
3011469,15.57456750181455
3011470,54.41697405058956
3011471,6.372361078666735
3011472,407.3472965332742
3011473,358.54952031413524
3011474,7.7908055592667464
3011475,13.65503917348655
3011476,508.64043642319285
3011477,88.07774349575092
3011478,2408.504595571969
3011479,0.1026931021900856
3011480,33.77233911945991
3011481,4.569753553737692
3011482,0.41714497345257084
3011483,7.485240952878872
3011484,3870.26892582365
3011485,0.703633167945782
3011486,734.0978877491469
3011487,16.80098605317241
3011488,1068.548031521007
3011489,1345.0928409508967
3011490,201.49285895965212
3011491,290.81884636530503
3011492,192.01594000232797
3011493,3809.8244967940277
3011494,41.03671817198297
3011495,2.48379554372749
3011496,34.42384326513566
3011497,32.75682012338494
3011498,0.6814187262868958
3011499,257.54985495590313
3011500,14.179835473461505
3011501,30.34829806018187
3011502,6.99015447198381
3011503,109.36662990487741
3011504,13.366572199066042
3011505,488.45626547651676
3011506,284.26015629249144
3011507,8.970769263982392
3011508,10.9544144135206
3011509,656.467182863605
3011510,129.72110349552852
3011511,4777.113390790135
3011512,0.18938262206490925
3011513,39.381972425712476
3011514,3.879930626067459
3011515,0.6373581700041259
3011516,8.870467293097914
3011517,4007.9433848964313
3011518,0.6790005255101363
3011519,773.0203160927944
3011520,15.72332791271634
3011521,1123.0349402991706
3011522,1365.9576499493683
3011523,249.91668492545918
3011524,295.1318221978266
3011525,152.9797210461346
3011526,4387.441139490458
3011527,37.41396329597121
3011528,2.576120549698868
3011529,34.61731354614401
3011530,41.34408147544747
3011531,0.6934910097574796
3011532,305.9449517662987
3011533,20.729164358786427
3011534,27.815108560986115
3011535,24.6113588668723
3011536,89.78943097209253
3011537,17.60649893712473
3011538,407.49196478323734
3011539,347.3473742066791
3011540,17.274866790710988
3011541,15.691913164951925
3011542,564.5216742170527
3011543,141.14606291994724
3011544,4119.845002534189
3011545,0.2579580499944661
3011546,33.59349012759311
3011547,8.197371540070012
3011548,0.23397666039339152
3011549,6.782398422253362
3011550,3450.7575619459467
3011551,0.5503722996669349
3011552,491.9934623021123
3011553,8.801818291516295
3011554,1496.3078175574487
3011555,798.0871694935053
3011556,480.641717873809
3011557,268.9201990703296
3011558,80.3296824294696
3011559,5939.803971952443
3011560,10.133978413087544
3011561,1.2306960106876983
3011562,42.298746828114055
3011563,42.54015470183813
3011564,0.2829400665836249
3011565,420.71869966020915
3011566,11.846948668991033
3011567,5.344936635455069
3011568,6.200361962050716
3011569,41.27535557857736
3011570,3.8769432208932013
3011571,309.445754627424
3011572,424.30996460223963
3011573,5.85750896112117
3011574,7.6290009074586855
3011575,338.3479445068606
3011576,104.73845578365783
3011577,1381.2588637105641
3011578,186.62247379501227
3011579,16.02638522249131
3011580,3.7135431046983105
3011581,0.4044087936291899
3011582,2.6161310413020686
3011583,2074.6767153936125
3011584,0.637308721166926
3011585,351.9130992726932
3011586,17.363151149475183
3011587,694.0691666648851
3011588,668.6535865009158
3011589,138.75016863526486
3011590,131.61732618938586
3011591,101.52166213874344
3011592,2542.8119671033096
3011593,22.842474497804748
3011594,1.8906156666413658
3011595,18.692605205841094
3011596,28.1093315377324
3011597,0.43169720649690607
3011598,187.40746915722684
3011599,11.972080443701696
3011600,15.018821791275208
3011601,7.102871469309612
3011602,78.86601494487581
3011603,6.221960399243683
3011604,243.2032637514409
3011605,177.31785169802842
3011606,5.4759498058826415
3011607,12.469707725094143
3011608,288.11016311508865
3011609,58.99352689013763
3011610,2157.3919693772655
3011611,0.1855828021408074
3011612,25.5506132314161
3011613,1.5162118750922347
3011614,0.3039025487328144
3011615,1.512421863905557
3011616,1277.6820552804795
3011617,0.4687788852034172
3011618,107.95553145714402
3011619,2.877449906068249
3011620,636.1722007018705
3011621,277.1588110999877
3011622,227.87338783976423
3011623,48.6712770237256
3011624,29.72883860214241
3011625,2485.8868391598994
3011626,3.1812229361211943
3011627,0.3914448594549871
3011628,6.770101406685957
3011629,7.922730317683213
3011630,0.2234758137348425
3011631,160.83770930429864
3011632,3.3463330242278935
3011633,1.4542239968882633
3011634,0.7793173648990708
3011635,6.648150810240693
3011636,0.4403029310016705
3011637,170.99191371743913
3011638,160.9128493946628
3011639,0.7208099912632326
3011640,3.5221492878319642
3011641,121.6595009101935
3011642,20.05929257049252
3011643,310.21854006430783
3011644,3.627524170863675
3011645,1.5691621150117423
3011646,5.574666947417339
3011647,0.3022939947688513
3011648,4.704856962029666
3011649,3823.4310839769473
3011650,0.48775412468026835
3011651,873.4463591273992
3011652,10.495977645820037
3011653,1678.187336492166
3011654,617.1051491530047
3011655,472.86762499743566
3011656,323.1226583413631
3011657,63.95173584015
3011658,6173.909534644138
3011659,18.19541153260684
3011660,0.6727369965955581
3011661,21.55541733157288
3011662,17.135852070766685
3011663,0.27538699308221726
3011664,422.04282677002556
3011665,9.067599211981872
3011666,3.295411496622269
3011667,7.123090306745745
3011668,25.440927780642625
3011669,1.5581139562256885
3011670,600.9569224977555
3011671,343.0493951461451
3011672,1.1149186190345994
3011673,10.750416182302168
3011674,457.3030186045071
3011675,101.38932659208277
3011676,2160.6528325193212
3011677,10.734591535138016
3011678,5.111213781112521
3011679,3.3010690801187974
3011680,0.28214473525752304
3011681,0.5418250547036676
3011682,1507.4933598744615
3011683,0.45253767493221264
3011684,177.41916416934845
3011685,9.76349611156691
3011686,710.5131195279394
3011687,373.05882495085433
3011688,175.9887661874441
3011689,44.22800279003113
3011690,31.13009931134029
3011691,2501.3651428375215
3011692,5.460518536507151
3011693,0.5378629249569166
3011694,14.42905961457431
3011695,14.128128113041763
3011696,0.22807837134932665
3011697,159.81241882186177
3011698,6.364550655283253
3011699,1.692710841590527
3011700,12.777549223551828
3011701,28.76146223275333
3011702,1.504952578844652
3011703,162.0732412262495
3011704,167.18486731866182
3011705,0.7417192117960514
3011706,4.462385549076975
3011707,154.89893990491646
3011708,30.835320540290873
3011709,415.97392389445196
3011710,7.109142535091157
3011711,3.4492537222486614
3011712,3.493479432338339
3011713,0.2703634181932084
3011714,4.030790516756182
3011715,1388.9292079844
3011716,0.4350236280216434
3011717,146.75818410866825
3011718,4.0355668202928845
3011719,686.0611144390134
3011720,252.4729436327489
3011721,153.72228392413706
3011722,40.323277660003534
3011723,25.78471030812092
3011724,2499.9101088935154
3011725,5.845195564864031
3011726,0.2846952532600206
3011727,11.961261796763514
3011728,7.352549148752543
3011729,0.18308827013184734
3011730,133.7167386444934
3011731,1.146482429847265
3011732,1.3369290457119496
3011733,2.7758929879213867
3011734,20.93214104129779
3011735,1.1787809816043826
3011736,173.13876974654139
3011737,177.38475660583163
3011738,0.4057737549049777
3011739,3.8381793627553824
3011740,88.35909085027305
3011741,20.337928590343886
3011742,224.05554931704933
3011743,7.245290701123719
3011744,1.9120970832870372
3011745,2.883561309025063
3011746,0.2697411947111419
3011747,0.9014869034729366
3011748,1404.3629083233227
3011749,0.43297429516900693
3011750,174.7781173872795
3011751,5.647067741413107
3011752,867.7479385234781
3011753,380.76131942497386
3011754,242.21005287688135
3011755,37.84800092846608
3011756,39.07478307703887
3011757,2954.333698953376
3011758,3.1745534627927534
3011759,0.2801006615466652
3011760,8.305895009507449
3011761,15.136602772187747
3011762,0.18389814080228484
3011763,173.10103872224533
3011764,0.46129773483354136
3011765,1.6532212992814395
3011766,2.3485872447263
3011767,13.87061699474331
3011768,2.414680533002178
3011769,188.9767215888034
3011770,231.2518667433671
3011771,0.8807946724273882
3011772,4.405340060089568
3011773,56.766262122895355
3011774,90.4302696265468
3011775,511.14759245731864
3011776,4.505692740425268
3011777,3.7842855912205975
3011778,2.68312820808845
3011779,0.941705336320135
3011780,2.045385110762556
3011781,1642.075883660063
3011782,0.4494343910179036
3011783,152.10958657937763
3011784,2.861004381675105
3011785,803.8066976842154
3011786,358.3630369907164
3011787,251.52756575311196
3011788,91.40074092676846
3011789,57.97049593995787
3011790,2640.642818593102
3011791,6.247051416483609
3011792,0.7918057092145274
3011793,13.98367390949315
3011794,19.357745228316144
3011795,0.2362708010948853
3011796,213.70147443792715
3011797,9.55032590291015
3011798,1.9917874100608264
3011799,3.336372642641041
3011800,16.32805337731532
3011801,1.2791082293377625
3011802,138.87208358978643
3011803,182.61567359450288
3011804,0.5308467713486814
3011805,4.512130086104176
3011806,111.26506577077656
3011807,45.37788734334932
3011808,1031.8699033414418
3011809,15.318397878532863
3011810,4.253720281144627
3011811,3.605447858823216
3011812,0.26827922547175376
3011813,0.5597995476612031
3011814,1253.7877514114712
3011815,0.433451658943782
3011816,164.4361896567106
3011817,4.994080339435691
3011818,714.3642816626761
3011819,229.83383927620426
3011820,150.71549690552075
3011821,104.43771680296672
3011822,22.695447120781076
3011823,1866.476753672233
3011824,4.600241561136689
3011825,0.35680373130192183
3011826,10.932454847883093
3011827,12.064454301252649
3011828,0.1853405573626365
3011829,135.29677640022769
3011830,0.3588446304692758
3011831,1.6678617480176072
3011832,1.9620662806173126
3011833,13.738370208953182
3011834,1.1242807868767528
3011835,48.65464207521549
3011836,116.83876296658082
3011837,0.5133952826281647
3011838,1.8122586973974855
3011839,60.650829908387784
3011840,35.96797075712624
3011841,805.9732070455559
3011842,0.32061328814090545
3011843,0.9173282707134272
3011844,4.20043965309531
3011845,0.3443349057113135
3011846,3.4152368294031987
3011847,2787.845270627475
3011848,0.46667654258732677
3011849,302.03489595001923
3011850,4.738140519284314
3011851,1026.0302191436424
3011852,648.6070836353218
3011853,420.3703720401006
3011854,181.47861464282113
3011855,97.149659438783
3011856,4140.258598159968
3011857,12.525437283552883
3011858,0.899099301532983
3011859,19.042637400018148
3011860,17.26136980607774
3011861,0.2569286244902448
3011862,265.08484806578514
3011863,0.5605090061536616
3011864,1.7637268763149976
3011865,4.943268118853466
3011866,20.704586164608273
3011867,3.026203363614237
3011868,254.4316738776715
3011869,245.99348290924425
3011870,1.942423899045024
3011871,5.689435484240645
3011872,325.8451552677502
3011873,56.63825556264939
3011874,2078.6330151711663
3011875,17.17767706412065
3011876,9.685273348748614
3011877,2.152572618552688
3011878,0.5832493515023651
3011879,4.47482835497329
3011880,1917.6352351246485
3011881,0.0
3011882,531.0206545411428
3011883,6.8875291286553235
3011884,541.340831877869
3011885,568.9439147534312
3011886,175.54321159666358
3011887,154.18682165216285
3011888,43.007664843584195
3011889,2658.4882515749546
3011890,7.310420334429752
3011891,0.6670426582383064
3011892,13.94028722754589
3011893,16.4765061713649
3011894,0.2234109147936739
3011895,157.0049139032794
3011896,6.891403624165482
3011897,4.006264051075072
3011898,7.67884847433787
3011899,37.67567322327307
3011900,1.312906680202071
3011901,77.53325404538006
3011902,133.11614311011812
3011903,2.489021972222164
3011904,4.854996242763086
3011905,149.2530556250374
3011906,50.64933185264965
3011907,2531.28886745157
3011908,43.316046715361225
3011909,12.415625100565338
3011910,4.002148166131556
3011911,0.595277033751674
3011912,2.998590248525346
3011913,2344.544020431424
3011914,0.47354770170211913
3011915,166.52559066723552
3011916,7.284253617328304
3011917,817.9130471468911
3011918,322.5387629845515
3011919,295.7806649944338
3011920,68.4759000992174
3011921,37.15779235568215
3011922,3110.8253987990174
3011923,6.331632268847122
3011924,0.5292628254639788
3011925,11.523927016575568
3011926,12.48490052954375
3011927,0.26190841787135954
3011928,178.5335986250153
3011929,6.9559909067981005
3011930,2.9554729163143936
3011931,3.473787131893695
3011932,20.00425431294111
3011933,1.9508580646943883
3011934,132.66751559897273
3011935,165.39019359531363
3011936,0.9459370768664007
3011937,3.267080184196751
3011938,85.67335553392357
3011939,28.460312935251892
3011940,537.0806023789562
3011941,10.873002499671962
3011942,4.3651749432399
3011943,4.14921323219216
3011944,0.3676700701123257
3011945,6.8444060786236856
3011946,2362.078709212077
3011947,0.5920358017931837
3011948,595.5355124731428
3011949,9.298405541650352
3011950,718.8186640076998
3011951,746.067008406049
3011952,192.82357641904946
3011953,145.68764260498264
3011954,90.3930807778214
3011955,3251.1133634972616
3011956,22.62250576623648
3011957,0.9501074656754267
3011958,16.84831799383954
3011959,19.421150872832687
3011960,0.42339914396417844
3011961,209.07908419387036
3011962,17.75475163419631
3011963,8.104705391569475
3011964,4.485442022794519
3011965,57.35950973931062
3011966,8.117750033287194
3011967,369.67560236267576
3011968,217.67746790106762
3011969,9.044326539107761
3011970,7.833157694374118
3011971,390.78218986422246
3011972,100.27569076390009
3011973,1833.0673503082155
3011974,0.16853752823010476
3011975,25.140761102341504
3011976,4.979625037640038
3011977,0.365372561431071
3011978,5.454833320135462
3011979,3209.7898440396525
3011980,0.4739680974069135
3011981,415.3827290646054
3011982,5.050059334294752
3011983,1042.3323546848815
3011984,620.252446611795
3011985,581.6437976503444
3011986,93.1300743832561
3011987,59.356527777804914
3011988,4833.868007618254
3011989,8.668944409770162
3011990,0.5746757540640369
3011991,14.942149364553764
3011992,13.190758724142711
3011993,0.23542805891074198
3011994,278.4413328751604
3011995,1.3105965070737062
3011996,12.387238166346677
3011997,4.494667497453346
3011998,23.215555784945806
3011999,1.2807675266538414
3012000,244.5828739604741
3012001,306.74640532184657
3012002,2.6068369632385364
3012003,3.6316183925094663
3012004,240.36872991711235
3012005,56.151782687310536
3012006,1330.1802586415788
3012007,53.933630195734466
3012008,7.003531678880721
3012009,6.38985083724871
3012010,0.42662430880705204
3012011,4.429325302385078
3012012,3214.8163967194087
3012013,0.46880506512171216
3012014,429.9149638426381
3012015,6.54077580026684
3012016,1088.9868048789233
3012017,573.5273406948739
3012018,309.51674029099405
3012019,246.57376431750615
3012020,68.39380418071549
3012021,3887.220089871497
3012022,13.086256455619866
3012023,0.5879334548074404
3012024,28.811320633171132
3012025,31.882128517391816
3012026,0.29994014624335363
3012027,288.8645483942173
3012028,3.0582430343621887
3012029,4.765694054321135
3012030,7.281539855604802
3012031,54.88136060246682
3012032,1.8931632855894325
3012033,103.35448810580463
3012034,251.95026214392473
3012035,2.4099620227561265
3012036,8.52206474338913
3012037,146.92600619971375
3012038,128.51481520799166
3012039,2153.8742339517157
3012040,0.6211800083319091
3012041,4.701832639724224
3012042,3.6982851621989057
3012043,0.30162932833656764
3012044,1.9558320863106557
3012045,1673.7840385886377
3012046,0.4657687779051911
3012047,128.21009360064966
3012048,4.879141681842249
3012049,559.2657468580026
3012050,286.6033837385713
3012051,136.72570796644786
3012052,59.30883393986991
3012053,41.71790207695989
3012054,2318.118602520596
3012055,4.451348494734163
3012056,0.7418700974139679
3012057,27.393399254101386
3012058,19.348726573924612
3012059,0.2341041357137753
3012060,159.49741939482095
3012061,1.0775301859423034
3012062,3.016316555774814
3012063,3.901641563780026
3012064,34.0280932765542
3012065,2.1179707560850387
3012066,94.04782590555452
3012067,134.77179622430862
3012068,0.8641407931992208
3012069,5.129363219007858
3012070,133.68916533847806
3012071,26.797447504288655
3012072,631.0434111550859
3012073,7.984414723600358
3012074,2.447993334559735
3012075,1.945269326444816
3012076,0.300045768527459
3012077,3.058649642645956
3012078,1304.95839781684
3012079,0.46133345811168014
3012080,245.6059488820678
3012081,7.934622736471202
3012082,472.4235471177878
3012083,440.99671783332474
3012084,108.84761139315592
3012085,45.20639978133613
3012086,51.997274466945555
3012087,1922.5565687701785
3012088,20.740936554276423
3012089,0.511058561076953
3012090,11.509403719353731
3012091,12.38382677388954
3012092,0.3774368553426857
3012093,113.30060926510649
3012094,12.170304835977474
3012095,2.060413760506856
3012096,3.8247741532823847
3012097,33.41375360552965
3012098,3.7228208187786915
3012099,551.3059194188861
3012100,138.62323846468828
3012101,3.004603760186938
3012102,4.293351866067574
3012103,338.92523922341354
3012104,28.511312311229798
3012105,1085.4632328449316
3012106,0.0991116846589895
3012107,5.107869401448691
3012108,2.039619973952277
3012109,0.48677934070878837
3012110,5.51343910312375
3012111,3048.2408026085877
3012112,0.5462511238376815
3012113,676.6018128332121
3012114,11.310714080241755
3012115,976.4038486125305
3012116,1211.5566232859398
3012117,250.2145824429542
3012118,207.21203798292836
3012119,134.10036958800688
3012120,3637.668115704879
3012121,26.632648976532625
3012122,0.7624220054000503
3012123,20.75824486435208
3012124,30.17710470136945
3012125,0.30473707400883715
3012126,231.16233926141228
3012127,9.037021609176566
3012128,28.553307768745693
3012129,8.620983227608114
3012130,64.82318820894771
3012131,11.116415503582523
3012132,345.89636101390073
3012133,253.483690630107
3012134,15.733876385609836
3012135,8.388086332234517
3012136,465.3415316240231
3012137,98.27519026815155
3012138,3082.5173314365593
3012139,0.1551727442344629
3012140,19.036083298843245
3012141,1.371590556809419
3012142,0.20953814294119968
3012143,2.664436942663779
3012144,1227.6779269743417
3012145,0.37964087351281095
3012146,237.76423230762964
3012147,2.497382371075713
3012148,262.9372458933479
3012149,393.8428715664938
3012150,85.03760868504139
3012151,52.129623302376714
3012152,33.46537349159751
3012153,1239.2595475020848
3012154,7.43049986310136
3012155,0.5979987691931989
3012156,8.215601764116727
3012157,9.660984769333828
3012158,0.18364304151362873
3012159,59.89157066222137
3012160,0.3282228899142999
3012161,6.7770199163386255
3012162,1.2898235662049982
3012163,81.21011827875202
3012164,2.874978400983048
3012165,85.05528745902765
3012166,70.62881309239955
3012167,1.7010411954168316
3012168,2.4822610780459526
3012169,78.64518139122686
3012170,17.195358480275228
3012171,788.9737366321747
3012172,0.13675076173809336
3012173,1.396639237951601
3012174,2.153814386957
3012175,0.25755677033185226
3012176,0.2171610320313491
3012177,685.1598902664916
3012178,0.40332882071091064
3012179,192.8538820709939
3012180,3.4596340523475853
3012181,261.700727164277
3012182,190.55491054363756
3012183,68.24907487114258
3012184,28.648269674670008
3012185,22.723133081481482
3012186,1085.7959858130228
3012187,5.156132534245792
3012188,0.5929810168750405
3012189,6.660191629126705
3012190,7.728845407275063
3012191,0.36724563735983196
3012192,65.40806304426266
3012193,0.31299878719502183
3012194,2.1142612853046643
3012195,0.899335803179178
3012196,15.251709316304034
3012197,0.456721861793887
3012198,163.39496436279973
3012199,98.5733174583888
3012200,2.088266816832766
3012201,1.7028360245665823
3012202,100.05429538837427
3012203,20.611793819707806
3012204,330.5765861768857
3012205,0.3434798063151726
3012206,1.8625007030241796
3012207,4.625518228472748
3012208,0.4328096992061409
3012209,3.2617715187389695
3012210,2621.5670482155315
3012211,0.5376715738277841
3012212,591.6562024184489
3012213,12.155533986165334
3012214,754.6028682021247
3012215,924.3174328367509
3012216,252.73322282866175
3012217,203.51554553226666
3012218,83.80109770206285
3012219,3384.618046174625
3012220,19.611494537620782
3012221,1.8657833020767722
3012222,17.09006253567624
3012223,23.40475107412454
3012224,0.3129579910999335
3012225,205.46078237090188
3012226,6.00519628641862
3012227,23.634353878596446
3012228,6.360769802682697
3012229,68.63107040936013
3012230,2.730822424368536
3012231,238.88957617922006
3012232,214.0541736299063
3012233,7.861047624413264
3012234,7.983359209305527
3012235,335.8008327979327
3012236,69.1511769776252
3012237,2160.2723316595007
3012238,0.3230220899338921
3012239,10.317056734846126
3012240,5.396187323384896
3012241,0.31942388284198486
3012242,4.284953008448091
3012243,3055.3520288768896
3012244,0.48311568108295655
3012245,609.9951068570358
3012246,9.579384154589174
3012247,1034.1676342141286
3012248,873.1693703699927
3012249,341.02209536482553
3012250,267.9072171770158
3012251,59.170788335091466
3012252,4565.1031663729855
3012253,13.373590560372056
3012254,0.42860630476266204
3012255,30.24664122307455
3012256,13.842686777522843
3012257,0.9674527911665155
3012258,255.05107977328333
3012259,0.3674965729297796
3012260,5.8877097085476855
3012261,4.531059238083187
3012262,37.492398692285704
3012263,1.5851894826092896
3012264,199.54269647219988
3012265,278.31390163915
3012266,2.865406500954669
3012267,3.848746006303979
3012268,184.207051912596
3012269,79.13914263626444
3012270,2545.6998386703935
3012271,1.073071181589526
3012272,3.5421590330720027
3012273,5.238681486883333
3012274,0.3422014034067592
3012275,3.841277965152292
3012276,3063.9354752611493
3012277,0.4808485450334983
3012278,715.563568208757
3012279,10.734250542235205
3012280,904.9983980891636
3012281,687.0091665364548
3012282,268.5673678362399
3012283,232.83294368127702
3012284,52.80531066487786
3012285,3624.005179950774
3012286,13.544943843270644
3012287,1.1016272966434002
3012288,25.985294175899583
3012289,15.04707500027886
3012290,0.30673886643061377
3012291,238.26314273731703
3012292,0.3654061757897966
3012293,7.497564546542454
3012294,3.832131094796915
3012295,38.246071444957394
3012296,1.8857291947280457
3012297,114.19827552323383
3012298,213.72681574681593
3012299,3.7837003746813167
3012300,4.406051930857368
3012301,180.5137825578349
3012302,68.90193420381212
3012303,2163.5541000388025
3012304,0.48208726042130967
3012305,4.17603749667186
3012306,8.098160643172013
3012307,1.2633157359856402
3012308,15.151281256995322
3012309,6854.683146841961
3012310,2.465627374927875
3012311,1064.4463415293924
3012312,27.393328847294637
3012313,1675.9020736069606
3012314,1860.4179882245403
3012315,317.2312767867864
3012316,396.8673126679247
3012317,272.7117900801935
3012318,6717.544439836768
3012319,67.37009040358845
3012320,2.934384817629874
3012321,44.26361006802667
3012322,54.24937560884655
3012323,1.4600035835981844
3012324,429.09611999971486
3012325,31.030002664231755
3012326,37.267667294354005
3012327,26.124844699401194
3012328,148.57730147859957
3012329,24.096182783417767
3012330,591.8089160882405
3012331,451.3098860082541
3012332,15.15832315109911
3012333,20.674198593508653
3012334,977.5276845334602
3012335,219.46272054760283
3012336,6461.6860831411395
3012337,0.8959044250711237
3012338,69.29758453903565
3012339,2.2611086537945813
3012340,0.30654323129171596
3012341,0.5474421845178908
3012342,1571.5601683976456
3012343,0.4686370161556391
3012344,174.3547289814994
3012345,3.5892800921207764
3012346,601.9805006627961
3012347,275.10138898679224
3012348,110.9667752656686
3012349,130.12055566709196
3012350,39.93811276189206
3012351,2135.8446948650458
3012352,3.1985684510046077
3012353,0.4219842464828721
3012354,14.289533269860435
3012355,8.201764005900344
3012356,0.27023305287051436
3012357,145.43443015723847
3012358,0.6129946717867529
3012359,1.685118223947299
3012360,1.7905282215664409
3012361,19.28783587925363
3012362,0.5141637630687895
3012363,66.43155873955686
3012364,89.08743004750819
3012365,0.966469494880463
3012366,4.507521586815476
3012367,105.7590169372346
3012368,22.770572549260546
3012369,1163.3571228674214
3012370,0.3392615880254877
3012371,2.840645752934013
3012372,5.589249418331748
3012373,0.31479855295057135
3012374,0.9476637637466946
3012375,3369.0096765297976
3012376,0.4747602637904496
3012377,580.0502977371597
3012378,6.181624291662972
3012379,987.9417668079054
3012380,617.6274105651524
3012381,201.30399917598535
3012382,323.87242834672935
3012383,70.95955008659374
3012384,4138.360633796697
3012385,11.749656336173535
3012386,0.5285807879991729
3012387,17.630602874084886
3012388,18.92211373106592
3012389,0.24280438849429464
3012390,243.8075868483549
3012391,0.8189926304402307
3012392,7.6808125375328595
3012393,8.483613424446682
3012394,17.917853382455295
3012395,0.7886314831260123
3012396,289.2570431603776
3012397,229.3538891963568
3012398,3.565757321530195
3012399,6.62603135073747
3012400,114.09662356949784
3012401,56.67843278568363
3012402,2366.8956246958674
3012403,0.7145693603354195
3012404,3.298197249713403
3012405,1.0618584821675494
3012406,0.17451113465079093
3012407,0.2655477033370026
3012408,1014.1793177496772
3012409,0.37622010698022745
3012410,100.15375844721507
3012411,1.651138479782214
3012412,448.61742641353123
3012413,145.69757487867082
3012414,82.29853653104198
3012415,164.96769012626442
3012416,18.04786124172496
3012417,1897.0756887697873
3012418,1.6695894972089964
3012419,0.41792616536224486
3012420,5.748753382332291
3012421,2.3172980380569355
3012422,0.1770173552839206
3012423,81.67279604268766
3012424,0.25278642971987997
3012425,1.199441208771596
3012426,0.5475761731397844
3012427,8.25368129536947
3012428,0.23889602178484626
3012429,63.412091358698234
3012430,65.1071458993534
3012431,0.47255305278501486
3012432,2.0917574300422976
3012433,43.92303706126008
3012434,8.065014020115097
3012435,360.5398106638573
3012436,0.2866197851984322
3012437,0.6667825299143988
3012438,5.7893753453391135
3012439,0.2693167737976812
3012440,0.9892034592083591
3012441,2231.989618144602
3012442,0.426792129475513
3012443,233.5642690770564
3012444,5.0927102828753945
3012445,948.991402209775
3012446,376.16989813230794
3012447,183.28064780006554
3012448,175.39597051877274
3012449,40.95678250957443
3012450,2824.112876193087
3012451,2.41246068151363
3012452,0.7392359734295348
3012453,22.665474319451377
3012454,13.652716134233607
3012455,0.49377299808949554
3012456,181.93842591487223
3012457,0.31792905736002475
3012458,1.5993930218548027
3012459,11.747834206815721
3012460,16.149500596012803
3012461,1.5669222800267768
3012462,191.92195080979405
3012463,205.31721600004133
3012464,1.6434012831894926
3012465,5.21046440620511
3012466,189.02274531081446
3012467,31.202418989298955
3012468,2129.183807751837
3012469,0.29022356223629386
3012470,0.7386202414758318
3012471,2.9498510940704574
3012472,0.32189076859257154
3012473,1.1339488096323591
3012474,2160.001167735939
3012475,0.5145496563670734
3012476,609.0882461594301
3012477,6.020533172332913
3012478,807.610458469356
3012479,537.1570058254713
3012480,194.81037059883448
3012481,138.8358320772541
3012482,54.700133764908955
3012483,3584.5724952636615
3012484,4.155653269159556
3012485,2.3552695484120876
3012486,17.12885835678874
3012487,40.07289776454177
3012488,0.289480906017727
3012489,190.18402835667007
3012490,1.2368721874580444
3012491,5.6095834770084005
3012492,4.028938395371994
3012493,18.010297437814344
3012494,2.2971453986972206
3012495,153.68481506328598
3012496,238.8763317963251
3012497,2.864738066688379
3012498,5.236650890457202
3012499,120.17782951626418
3012500,33.278114612297784
3012501,985.7634660453108
3012502,2.861827123811181
3012503,1.9474718111271137
3012504,3.7734006876415123
3012505,0.15622369717022994
3012506,0.48309336491891847
3012507,1185.2658646103368
3012508,0.2888761817198902
3012509,102.14015879046761
3012510,1.8623675219792513
3012511,370.15026778574224
3012512,145.11969081323357
3012513,87.1666974543989
3012514,151.32581300315653
3012515,24.011169336593845
3012516,1762.2611331172238
3012517,4.223257612971576
3012518,0.33416325599986685
3012519,8.573063712047764
3012520,3.634151483804
3012521,0.19770444052916777
3012522,94.7715109435369
3012523,0.25414675245669066
3012524,1.0401852940259078
3012525,0.911407842240208
3012526,20.191135680625074
3012527,0.5603009757634368
3012528,188.41600327479242
3012529,82.85304772142726
3012530,0.5836208906376654
3012531,0.9548960147914519
3012532,44.379925943769294
3012533,16.274933474669677
3012534,593.7245051785709
3012535,0.16521451620521688
3012536,0.469468576326582
3012537,3.245305833769459
3012538,0.29080072571969057
3012539,0.5217464540552876
3012540,3158.573177417129
3012541,0.45156693437684475
3012542,572.5932655857794
3012543,6.14866184442285
3012544,818.966781262328
3012545,650.0129144107749
3012546,193.4521465251106
3012547,142.84200288937177
3012548,55.72637382717339
3012549,3726.740113378863
3012550,5.098358229767731
3012551,0.3855032463328902
3012552,18.842691824517082
3012553,14.504354859128975
3012554,0.447789127679255
3012555,202.32489742875777
3012556,0.34986129296859625
3012557,26.468044742495508
3012558,2.5562821547948955
3012559,43.48362566642398
3012560,1.1761542589751424
3012561,213.52396719626663
3012562,198.28131665732718
3012563,2.997843729684325
3012564,3.884248616421841
3012565,129.21080573233928
3012566,40.2206933247637
3012567,2377.169430418034
3012568,0.6264127380465185
3012569,0.7379195012068737
3012570,4.038744522452841
3012571,0.33724269138902163
3012572,5.210719522404494
3012573,2292.0737305268285
3012574,0.5076102586884556
3012575,458.24572598479847
3012576,6.904037497651743
3012577,837.3921696219647
3012578,804.0829233117267
3012579,136.0780495140537
3012580,114.21753471506425
3012581,106.68692833520831
3012582,3255.667778556012
3012583,39.793531365397726
3012584,0.9055794362432995
3012585,19.761967448248114
3012586,28.02522247904921
3012587,0.3183664556476403
3012588,204.69243876972672
3012589,19.48718120360416
3012590,19.0522199417536
3012591,2.2079392510003366
3012592,75.53503424998252
3012593,9.855455637943944
3012594,200.31236487132188
3012595,250.86283928184963
3012596,7.943457259816798
3012597,10.345753699421138
3012598,223.77183048032384
3012599,63.987864132455734
3012600,1992.2509652761644
3012601,0.11976407102559335
3012602,11.994472421149517
3012603,4.456675276530803
3012604,0.33256508697949394
3012605,6.522830068991746
3012606,1727.3570251545073
3012607,0.5015478398590936
3012608,377.1175406239846
3012609,10.31205737832518
3012610,760.1072659800284
3012611,702.1326124247564
3012612,135.7981086409966
3012613,71.40926453190359
3012614,93.43504197632366
3012615,2864.6142939326155
3012616,19.67808530910597
3012617,0.9996338545159518
3012618,29.705399604307285
3012619,30.953500841879833
3012620,0.28190772732397185
3012621,254.2805087488132
3012622,19.365938224108817
3012623,10.577809100906393
3012624,7.702920641346992
3012625,57.5053368268661
3012626,9.193581430388662
3012627,125.21287553479809
3012628,270.90223641304937
3012629,6.9552049762552555
3012630,8.10998030347988
3012631,93.87034827966401
3012632,56.51956117948173
3012633,1617.8500430160911
3012634,0.9560443886702618
3012635,11.437902509616695
3012636,6.215145878436026
3012637,0.3327222477998129
3012638,2.383999436299313
3012639,3306.7046648618634
3012640,0.5017249302635821
3012641,663.0836154459198
3012642,5.85015755451083
3012643,1296.9552737480612
3012644,656.3628083569131
3012645,193.66031851717412
3012646,399.4037242946597
3012647,64.67761106247096
3012648,4871.2251300297485
3012649,31.29448913252856
3012650,1.2797736248839366
3012651,21.43785104615022
3012652,16.2708139582436
3012653,0.2913504713147884
3012654,396.83009476093395
3012655,6.0175688248415735
3012656,15.203941445618284
3012657,4.770906736939536
3012658,38.11793888190348
3012659,3.5589248068717203
3012660,162.95487421871718
3012661,286.81031571502166
3012662,4.60397812682096
3012663,7.332968164027957
3012664,185.51097746244938
3012665,52.74891895191154
3012666,2652.6444036775824
3012667,11.236884388650285
3012668,12.498957027517086
3012669,2.7932330100507086
3012670,0.3567359645309665
3012671,5.0900305915327655
3012672,1984.8361186087777
3012673,0.5732728009095387
3012674,304.87734034395794
3012675,6.6293654975862815
3012676,714.4715107805573
3012677,639.4021662141603
3012678,165.30433643806776
3012679,120.1318984501171
3012680,65.69914212131859
3012681,2807.2403757713405
3012682,18.71706513338404
3012683,0.838522863595625
3012684,12.605050412048792
3012685,7.840124764561722
3012686,0.38413645177030264
3012687,186.63206713280493
3012688,14.564404484363166
3012689,14.745057353563453
3012690,2.618377310466603
3012691,47.953053087020365
3012692,5.586465094934858
3012693,284.1427479041203
3012694,203.01655914011383
3012695,5.36620545761798
3012696,5.532036431858385
3012697,330.9174446581695
3012698,44.8991460801827
3012699,1792.1906371737741
3012700,0.10681084819291463
3012701,21.11323213986238
3012702,3.341340433414703
3012703,0.3284819740730431
3012704,1.90796028459884
3012705,4512.670462210636
3012706,0.49243737124763903
3012707,449.8415903357548
3012708,6.055900190607457
3012709,1723.7600602427383
3012710,603.5390412577204
3012711,260.5483683739167
3012712,197.23688875800642
3012713,62.70884589837066
3012714,5104.78828263266
3012715,6.906463223264433
3012716,1.528689528743951
3012717,28.718481664898086
3012718,22.176225361448175
3012719,0.3041798219648306
3012720,378.9069261676879
3012721,0.4364087403201805
3012722,1.5280631463997416
3012723,6.716499792649676
3012724,26.933615757403793
3012725,1.232534794014302
3012726,128.86891574724305
3012727,277.59621056245925
3012728,2.33837857454387
3012729,9.230283761899976
3012730,154.3572808701642
3012731,53.49422604927287
3012732,2117.1979109076456
3012733,0.3413862966818705
3012734,3.4374542547045586
3012735,5.140005734354547
3012736,0.32827735019192805
3012737,7.603846131229278
3012738,1817.5458738816899
3012739,0.4922074935878846
3012740,407.52362571405513
3012741,6.737020918285081
3012742,868.7811417108378
3012743,626.7282672793167
3012744,185.79737595533481
3012745,106.2591903511251
3012746,81.95170520173625
3012747,3034.5765064427687
3012748,22.810154743733598
3012749,1.0472840190832713
3012750,24.104463928988178
3012751,23.53022743449115
3012752,0.3252264445361124
3012753,209.77516431076964
3012754,13.601223343894471
3012755,9.222591472226828
3012756,5.64647786764978
3012757,46.40125882604829
3012758,8.959408144475606
3012759,154.77116087660193
3012760,261.49276970067376
3012761,9.050326828052611
3012762,7.511640449057627
3012763,177.25930162319585
3012764,42.728968371125546
3012765,1705.0199348516476
3012766,0.3692608039136224
3012767,5.1496088523775265
3012768,3.087081827203103
3012769,0.3325651672805669
3012770,4.866264618518885
3012771,2031.2749742870685
3012772,0.49645286122097476
3012773,397.2576428754337
3012774,7.99750274675975
3012775,664.5188023065787
3012776,727.409714441339
3012777,151.10560054399286
3012778,108.3906450806985
3012779,98.00627883892787
3012780,2574.8860741278804
3012781,27.107421636203537
3012782,0.7616850663207936
3012783,22.5618634728836
3012784,21.794059502158575
3012785,0.2649979250837352
3012786,172.59705911493242
3012787,12.165326286270028
3012788,26.965072644018043
3012789,2.969222122598114
3012790,47.820065271484715
3012791,7.385842027233842
3012792,187.71645275434977
3012793,199.03177783711217
3012794,8.791359978939578
3012795,7.966328024225799
3012796,188.6786445519425
3012797,54.378555472564116
3012798,1909.3375163898158
3012799,0.26460129286959083
3012800,11.585449646510018
3012801,4.313781615641956
3012802,0.3067856660527629
3012803,2.9511216179314013
3012804,4779.508546020469
3012805,0.46750282611543115
3012806,585.601910276553
3012807,10.032249413499997
3012808,1100.9001790392208
3012809,707.6772115023291
3012810,275.1909346018202
3012811,212.62972465133967
3012812,54.39107932622889
3012813,4443.364355124411
3012814,6.348688696963817
3012815,0.37305802802162275
3012816,18.230638825460648
3012817,17.981035065495394
3012818,0.23728678512797668
3012819,237.27597446864758
3012820,0.39925828870052055
3012821,8.119219105197075
3012822,1.34291193286857
3012823,45.44100504794084
3012824,1.5340421232691965
3012825,212.50274179362967
3012826,253.71540902148746
3012827,2.0094035042226697
3012828,2.8949780546246444
3012829,231.82076133932304
3012830,128.86074432572875
3012831,1903.1972660165645
3012832,1.8430634980380147
3012833,0.33703473739876066
3012834,12.54794920619049
3012835,0.8636563517971334
3012836,12.676429135876266
3012837,6866.5015683418105
3012838,1.70785031476578
3012839,1322.7838789523903
3012840,25.693894825185243
3012841,1981.0801734348684
3012842,1960.3791110270006
3012843,429.44621199688754
3012844,457.62295437072964
3012845,315.4728925098891
3012846,7598.843760451446
3012847,77.85136317372945
3012848,2.232890969044111
3012849,101.93261702361082
3012850,96.94082164953214
3012851,1.0706088307582022
3012852,528.7890085630671
3012853,35.68496451086381
3012854,20.467715182764003
3012855,49.489745846405015
3012856,198.44374858191952
3012857,19.519785262491908
3012858,661.4386062988269
3012859,435.89075462536994
3012860,31.359759447810813
3012861,26.728376059479587
3012862,837.3852740971137
3012863,272.29511431216895
3012864,6830.577514838956
3012865,433.3767330327864
3012866,77.48470167678636
3012867,10.570636890588009
3012868,0.5483264438271219
3012869,12.219790796347453
3012870,6712.277381363125
3012871,0.7575504897018114
3012872,955.00342068217
3012873,17.74982268669686
3012874,2006.8721976337033
3012875,1800.4727224116216
3012876,571.0886044262546
3012877,294.15810073317385
3012878,210.97859049901882
3012879,8903.68967000715
3012880,92.52778991306025
3012881,1.1293464872357841
3012882,50.94514902784406
3012883,76.832602501714
3012884,0.7281620772654707
3012885,525.6903411582553
3012886,23.579951335614503
3012887,22.535506016841897
3012888,13.473633922848748
3012889,126.84383101063688
3012890,17.845383783304303
3012891,785.0298412417635
3012892,583.807917957004
3012893,18.339944738854307
3012894,23.30859335768419
3012895,1031.4682673783118
3012896,188.43211619201412
3012897,4913.532086788091
3012898,490.0704523311
3012899,68.85664128225189
3012900,11.546302893757435
3012901,0.5009172912628256
3012902,13.863136925914693
3012903,4526.5578359110295
3012904,0.7010832949589598
3012905,731.8689674642999
3012906,13.053629904463262
3012907,1679.3771830425333
3012908,1207.912586059617
3012909,619.964925919282
3012910,107.91609753571866
3012911,172.60844529541376
3012912,6737.8670810531885
3012913,44.03562408763187
3012914,1.763406110950623
3012915,30.686315948609284
3012916,30.596387014521365
3012917,0.654947282806511
3012918,491.2939007151292
3012919,26.718278557775797
3012920,16.191844022635177
3012921,9.045546145079866
3012922,84.51391895742816
3012923,9.79227674540601
3012924,806.9710032109781
3012925,578.9815299121659
3012926,18.63753529650803
3012927,38.45547481857711
3012928,600.5256474568005
3012929,104.58701527661792
3012930,2035.236172499851
3012931,315.1977284804874
3012932,31.609994707452476
3012933,11.90956288827211
3012934,0.5589192220969904
3012935,15.605712513914382
3012936,6363.597679882221
3012937,1.2617758741435205
3012938,987.3027281260113
3012939,18.669809000267975
3012940,1858.3163585000934
3012941,1713.5553902410468
3012942,513.6175958201951
3012943,276.662052245759
3012944,193.3850367067329
3012945,8437.227758515426
3012946,42.02135685551765
3012947,1.007900356643376
3012948,55.106901548230205
3012949,62.37164828903855
3012950,1.0979113283207629
3012951,500.24611103875327
3012952,30.861568728130823
3012953,21.822257932082444
3012954,20.98339656466121
3012955,146.8377465543442
3012956,12.42086938499417
3012957,703.3034876724344
3012958,582.7293576583357
3012959,16.218226526889325
3012960,20.23571006694436
3012961,919.7719596965698
3012962,198.40147321768336
3012963,4352.326245790231
3012964,454.3033159323589
3012965,57.7194104866755
3012966,10.107293323838354
3012967,0.47364689775069474
3012968,14.045023443001979
3012969,3352.569494639706
3012970,0.649149808267895
3012971,632.2636228023463
3012972,16.464530008405873
3012973,1561.7919197134943
3012974,946.1360874795018
3012975,440.7914067050266
3012976,79.05397392962857
3012977,125.25054971578372
3012978,6028.047580790688
3012979,35.808067875576455
3012980,0.46216522058107923
3012981,26.23931892928204
3012982,27.631170059334167
3012983,0.4761313348119347
3012984,420.7426093099882
3012985,18.22592044523264
3012986,6.7033212001161395
3012987,7.259140015274158
3012988,73.42700045775365
3012989,5.820289831345491
3012990,678.0959028661165
3012991,551.2528146481691
3012992,16.153158787296917
3012993,19.38257518098938
3012994,613.3056410868124
3012995,74.38069933112585
3012996,1398.6465994568425
3012997,419.5157626967074
3012998,16.583095041645226
3012999,9.412228040132653
3013000,0.579517970755518
3013001,11.683705139431282
3013002,5776.119842501868
3013003,1.343288018797975
3013004,1016.6183579310328
3013005,26.934580424639574
3013006,1583.5353327064377
3013007,1877.8556659987682
3013008,355.11522948516983
3013009,398.86490762447625
3013010,246.6814746879494
3013011,6529.87835881511
3013012,72.88580733894936
3013013,1.2859986403495438
3013014,49.02914474855017
3013015,50.15005075298668
3013016,0.7397032811980367
3013017,428.9887670989534
3013018,16.589680765549343
3013019,14.524333832529734
3013020,11.192091111451619
3013021,145.2425618982972
3013022,16.94301980078717
3013023,643.4793399661089
3013024,438.65185747010895
3013025,15.509925549448523
3013026,23.231958639731577
3013027,834.6614575781114
3013028,177.60241927536558
3013029,6017.389498793422
3013030,271.11456888000316
3013031,62.36497079172104
3013032,4.894670262008212
3013033,0.440548399619407
3013034,6.495612435456369
3013035,1512.7574326480103
3013036,0.5674536065152035
3013037,335.88369630825423
3013038,17.22752111252236
3013039,691.5335309603387
3013040,507.503230030317
3013041,187.81968294876572
3013042,75.13552011272412
3013043,67.05218240913149
3013044,2545.204050678035
3013045,23.01794388900891
3013046,0.6630453392652609
3013047,22.76704343674419
3013048,20.409654131698122
3013049,0.345604580980328
3013050,182.4319005447523
3013051,11.964956628097532
3013052,5.368621902296853
3013053,9.960451070065275
3013054,32.93411617145158
3013055,7.436235504989334
3013056,208.35136487729716
3013057,217.3648784108554
3013058,4.146329201983528
3013059,5.668674092568204
3013060,215.6480346217734
3013061,50.91753299372538
3013062,1324.0924012152457
3013063,0.4097785014170966
3013064,10.521438016143982
3013065,7.031884409864992
3013066,0.4774007912234026
3013067,10.910370968534991
3013068,3602.9572454102154
3013069,0.7497145087851411
3013070,464.0966239660101
3013071,28.847178604655742
3013072,1341.7667406623345
3013073,988.5950407984499
3013074,378.8501631645004
3013075,88.35897616486285
3013076,91.71847730311472
3013077,6024.785045328605
3013078,66.99389451175848
3013079,0.9924103786359684
3013080,41.10080697248029
3013081,28.069210865895876
3013082,0.5255108802635748
3013083,332.5443786700094
3013084,20.555468947117102
3013085,4.543817657861533
3013086,3.1934718794749357
3013087,88.84524008008228
3013088,8.669317486603372
3013089,472.908170562477
3013090,444.70612824902054
3013091,8.892346702732258
3013092,21.128037824443524
3013093,329.769280250065
3013094,68.9756697377749
3013095,1766.2717971730935
3013096,335.6147316342409
3013097,12.404576200406789
3013098,5.331486300238807
3013099,0.4862739486828973
3013100,4.053353435617337
3013101,3705.2304745605616
3013102,0.6859891349657843
3013103,746.2556966337864
3013104,9.476843139979852
3013105,1209.9702490991388
3013106,1324.3824012072764
3013107,200.0121562539872
3013108,303.00401238422984
3013109,193.50821322741677
3013110,4396.322080847497
3013111,40.245883164925786
3013112,1.7747828281801876
3013113,27.14685730106555
3013114,42.042379216299366
3013115,0.5387020532864184
3013116,272.44038192323603
3013117,2.7876189231346005
3013118,25.720424794907736
3013119,5.348626071706473
3013120,77.91174875421582
3013121,8.53720014206267
3013122,487.22340121869684
3013123,242.36029649487867
3013124,16.175177917065284
3013125,8.875333160358291
3013126,591.0350827993083
3013127,102.87739057417566
3013128,4196.786264045206
3013129,1.64722673927219
3013130,37.517769551146216
3013131,5.966866043948726
3013132,0.0
3013133,8.145772047617116
3013134,3587.6725806922036
3013135,0.0
3013136,678.2718863918651
3013137,8.147852875408175
3013138,1232.2067027542278
3013139,981.83001009068
3013140,296.5398910349375
3013141,167.34106202492558
3013142,230.32548440994924
3013143,4900.259688867294
3013144,29.75349657356051
3013145,1.1006500377712967
3013146,42.88937824960714
3013147,49.55024652904257
3013148,0.3301943372880304
3013149,289.0029472308877
3013150,4.68854893199399
3013151,29.692690731623326
3013152,5.0763636023736876
3013153,144.539177697437
3013154,8.283410653399013
3013155,341.3514234869002
3013156,269.38524022729143
3013157,10.15408863771748
3013158,19.53127646580125
3013159,356.32691402632906
3013160,109.74191871887882
3013161,3349.325219496991
3013162,2.9965989070569594
3013163,5.038823569784492
3013164,6.292134605741159
3013165,0.3396003164617973
3013166,4.959515419868479
3013167,1676.6956109514922
3013168,0.4980041311883957
3013169,395.82849455796503
3013170,4.479880128856597
3013171,733.9045163413124
3013172,460.0765543721286
3013173,179.19825365386083
3013174,74.06832432269374
3013175,85.91812692948604
3013176,2407.8685767717593
3013177,13.515665482185439
3013178,1.1681385616116882
3013179,21.422493355542887
3013180,19.563140108620374
3013181,0.252097416439683
3013182,164.81980013804667
3013183,3.6983088918252625
3013184,6.129779756595432
3013185,3.6510292707215957
3013186,39.221721142118355
3013187,4.1199166607747015
3013188,193.4237097714414
3013189,175.79860075579055
3013190,2.9032987009117295
3013191,5.353178534777717
3013192,145.16621306655273
3013193,47.68034283397022
3013194,1426.7700267340288
3013195,0.3213838463475831
3013196,2.5791485439294752
3013197,4.415026790922848
3013198,0.24880034093764186
3013199,1.2953846517043268
3013200,3721.0564779660754
3013201,0.0
3013202,244.42204727058413
3013203,2.08653787263881
3013204,1003.9354919522233
3013205,239.2902279760704
3013206,192.59579229322023
3013207,69.22215154538213
3013208,29.886520049635255
3013209,3216.807497100398
3013210,8.784245359846635
3013211,0.3491203308606043
3013212,16.3484095412661
3013213,11.401636298618433
3013214,0.22038850382924674
3013215,195.97865583172944
3013216,0.3681169809820722
3013217,1.3036457870620473
3013218,2.107123306127511
3013219,18.688662694091995
3013220,0.6077705738443084
3013221,49.56563520735222
3013222,155.08276888475737
3013223,0.337722385881907
3013224,2.8393764295387167
3013225,56.58381040132061
3013226,78.06487223595111
3013227,866.1820615134274
3013228,0.1685935150177048
3013229,2.3999647368153267
3013230,4.744930619659604
3013231,0.3545480366528281
3013232,6.049967310871814
3013233,2818.155662046601
3013234,0.5668076308476868
3013235,495.3050161414356
3013236,9.5596868281169
3013237,1036.3911795497481
3013238,855.8130550333889
3013239,306.4903138120822
3013240,140.9017633221523
3013241,125.06542856860891
3013242,3992.4956230414323
3013243,32.88934769199693
3013244,0.74614423689264
3013245,22.49735148072089
3013246,47.66755413872775
3013247,0.34729557624572077
3013248,266.0897730559251
3013249,18.264474373999583
3013250,11.243207974862765
3013251,10.068411196819513
3013252,51.838668715624934
3013253,6.089107467500995
3013254,393.0126446120372
3013255,313.69399995872726
3013256,9.948110580764764
3013257,11.064253589148095
3013258,449.23918298564587
3013259,81.22048608983413
3013260,2003.8085931687133
3013261,0.10243626716359534
3013262,33.77757540811194
3013263,3.442339142475235
3013264,0.4427069824917434
3013265,7.232216400309843
3013266,3632.1632019095696
3013267,0.6998719180948019
3013268,661.8028235580746
3013269,14.105813884178739
3013270,1058.0253532947847
3013271,1277.351565499822
3013272,186.81862258642565
3013273,265.12737612135794
3013274,189.8371808051919
3013275,3684.367962547803
3013276,35.98107125217741
3013277,1.3237397772750388
3013278,31.867478350649446
3013279,31.26748638254301
3013280,0.8748568586036104
3013281,230.52719571963874
3013282,12.492692683536504
3013283,40.3674385290881
3013284,8.27544177002134
3013285,93.87947733048432
3013286,14.009816546011722
3013287,456.7393250877095
3013288,245.5042222965224
3013289,5.9715629499632765
3013290,12.984282632227915
3013291,623.2918222064158
3013292,118.05104890907823
3013293,4702.187009314934
3013294,0.13212012904087855
3013295,41.86811879885879
3013296,3.0278204927848056
3013297,0.5554273541838755
3013298,8.234553892055963
3013299,3596.720480040188
3013300,0.7243439078270693
3013301,738.514938586464
3013302,15.774598261339762
3013303,1042.0017916304707
3013304,1188.5637436895615
3013305,238.02876306336316
3013306,259.22961704900126
3013307,135.50508194445032
3013308,4004.895571499816
3013309,33.216134736209504
3013310,1.84517558065752
3013311,37.26735198578938
3013312,39.793772397085455
3013313,0.5902954584087695
3013314,290.52045968029154
3013315,20.013597532768415
3013316,27.42396462615489
3013317,22.14566855117258
3013318,110.00072313616505
3013319,16.778311472666584
3013320,340.7683698440483
3013321,281.56804384376426
3013322,12.84278024303228
3013323,18.91403232111182
3013324,481.95940581180946
3013325,116.80261044539088
3013326,3648.968105893771
3013327,0.13346673399293352
3013328,27.0848940226453
3013329,9.25961027074524
3013330,0.25203674687189614
3013331,7.059543082238798
3013332,3162.844541912111
3013333,0.6084698299708611
3013334,470.2056797641715
3013335,11.660669905733883
3013336,1300.4297636369915
3013337,755.3672714639335
3013338,459.59638235724975
3013339,210.1367771406619
3013340,85.07735590577727
3013341,5535.475637782507
3013342,8.694190762754321
3013343,1.0096514791968583
3013344,47.619834060819855
3013345,35.04058327624408
3013346,0.30328508833741824
3013347,376.0490340504733
3013348,11.764985122234275
3013349,10.244141751771721
3013350,8.104871389009597
3013351,39.343711861810114
3013352,3.793328949956816
3013353,313.92290432260864
3013354,415.78050041316226
3013355,5.922844923647798
3013356,6.299905851191328
3013357,347.52485590014555
3013358,103.9097003203364
3013359,2343.3204378134815
3013360,145.11380295005907
3013361,13.76487376415271
3013362,3.893919383426706
3013363,0.4908213043651315
3013364,4.442849304750318
3013365,2246.4941696041237
3013366,0.8591476259770984
3013367,398.96309003459555
3013368,17.208603447604304
3013369,750.0637231357557
3013370,815.3826000282511
3013371,144.76142332828672
3013372,140.62895869520392
3013373,142.16254617465583
3013374,2837.6639476922473
3013375,21.988155417103382
3013376,1.7396935634801747
3013377,20.0974159771446
3013378,24.78848394586406
3013379,0.6468353138901738
3013380,194.13521369020452
3013381,17.457991647968413
3013382,26.849855190413265
3013383,7.7747519502967
3013384,100.35627799086465
3013385,5.233627186432002
3013386,297.9510495487571
3013387,202.93086292230797
3013388,5.149281211529851
3013389,10.602383050262972
3013390,316.6824571193879
3013391,61.84003442324275
3013392,4054.2009845499583
3013393,4.127435418498
3013394,24.926972726358258
3013395,1.7731599554690078
3013396,0.3383425289478121
3013397,1.0202154001377883
3013398,1123.2197421791484
3013399,0.5789271972026806
3013400,77.58254115162242
3013401,2.358412441827303
3013402,613.4061401776963
3013403,367.21351529661615
3013404,211.13069178305932
3013405,39.52318951768761
3013406,26.734730510290138
3013407,2180.2661393781336
3013408,1.7347611859723804
3013409,0.5528101891921585
3013410,7.711077436998201
3013411,8.543450722477688
3013412,0.24405866520233144
3013413,133.3015467510542
3013414,2.984083608477746
3013415,7.138865412974598
3013416,1.156507996478857
3013417,10.5370700152157
3013418,0.4733098864956128
3013419,152.18181599740052
3013420,138.73213051661963
3013421,0.41488985530898215
3013422,1.7685468393713286
3013423,114.5296005624012
3013424,16.550128040566815
3013425,210.018872320008
3013426,4.00522230291619
3013427,1.1467066284421803
3013428,3.7234896476997528
3013429,0.4383739315811593
3013430,5.158586894879034
3013431,3620.466652100716
3013432,0.647407278439869
3013433,645.812642159037
3013434,9.664494709048594
3013435,1587.5110843684747
3013436,600.7830215968212
3013437,413.08601276298396
3013438,185.24917375895686
3013439,65.15740771014346
3013440,6058.022197480481
3013441,17.398784010931166
3013442,0.5453536980784013
3013443,21.853433973482066
3013444,15.733778185709163
3013445,0.29299655689744664
3013446,420.9493457974914
3013447,12.182915838897275
3013448,2.5040317266000485
3013449,8.4786727679772
3013450,33.49476796741465
3013451,1.4634682090838262
3013452,604.470488318836
3013453,350.23210829614527
3013454,1.5434994893842269
3013455,12.042599085387293
3013456,366.2113535681232
3013457,95.6529730541467
3013458,1285.6349600555423
3013459,22.303577284800717
3013460,5.708398376665696
3013461,3.2151030623251375
3013462,0.33675560250604564
3013463,1.051884773734586
3013464,1387.7321507765323
3013465,0.6292540445915549
3013466,169.63122114738874
3013467,5.939436157923116
3013468,748.4428404275197
3013469,417.3022087217511
3013470,185.27395693610336
3013471,46.93095766015695
3013472,34.3408838665043
3013473,2546.36871005874
3013474,5.295096454038056
3013475,0.417245914281521
3013476,11.33867465401357
3013477,14.663789941445918
3013478,0.28420779603767043
3013479,159.96291636852885
3013480,5.3256099596019855
3013481,6.34048911615008
3013482,13.22775669715779
3013483,29.582149544412793
3013484,1.0669181890932937
3013485,137.12792463408258
3013486,162.9567541374671
3013487,0.5921425883299193
3013488,4.230725263347767
3013489,129.95511056265207
3013490,29.286961321131436
3013491,320.6101819367101
3013492,11.666474120553005
3013493,2.783073416154571
3013494,4.369656080153201
3013495,0.32548374992460877
3013496,4.063147072519955
3013497,1257.1847906825371
3013498,0.6036924449747962
3013499,111.76312288611456
3013500,4.11472096854051
3013501,623.9993559505242
3013502,268.59369909886635
3013503,138.64343037074562
3013504,42.39638894647702
3013505,27.853414326274212
3013506,2342.8580485782777
3013507,7.878722658537287
3013508,0.43276626726508316
3013509,8.205853171907286
3013510,6.852779889995033
3013511,0.2614572959788564
3013512,125.66495033259403
3013513,1.7827549300121621
3013514,6.210993622995751
3013515,2.6911048018051087
3013516,27.726329566536844
3013517,1.0319580908350983
3013518,110.17417752924575
3013519,176.41255214108944
3013520,0.5891409919071697
3013521,3.4367462985909127
3013522,57.9492811506136
3013523,18.608219824253336
3013524,158.95893217334685
3013525,18.08828566800031
3013526,1.1791421560171662
3013527,3.0314664471328094
3013528,0.33095413355586056
3013529,0.7693377968476921
3013530,1355.934142744798
3013531,0.6081911566164048
3013532,150.13264861537098
3013533,5.676727413651646
3013534,786.2038095589248
3013535,418.38552960264605
3013536,235.9868964780968
3013537,28.15504091809035
3013538,33.48608275894214
3013539,2487.6627391613347
3013540,3.81529236669154
3013541,0.6203083521828707
3013542,10.489355216395085
3013543,17.532006584339378
3013544,0.2726235967941275
3013545,168.64606427991544
3013546,1.0906216272315972
3013547,6.24085585892716
3013548,2.9223767611220537
3013549,16.293108400519376
3013550,1.40253140199434
3013551,128.77127716882467
3013552,238.13023084683735
3013553,0.5974011221517661
3013554,3.73721668825893
3013555,51.8362611648395
3013556,80.57426779019869
3013557,331.24807113784425
3013558,6.928940282475663
3013559,3.434760330485027
3013560,2.3479300810461523
3013561,0.591825832413622
3013562,1.8569864305737485
3013563,1512.4999496543471
3013564,0.6249364527798718
3013565,136.55897971435434
3013566,3.358154673026598
3013567,760.8346662716682
3013568,373.36217724296785
3013569,210.7310738421079
3013570,80.31750279026802
3013571,57.832771872670506
3013572,2496.406386053027
3013573,9.36210807180477
3013574,0.7835742919865186
3013575,18.012373418919687
3013576,20.286591994689683
3013577,0.4155314590324549
3013578,196.00742258323803
3013579,6.922555113477497
3013580,6.291502121781279
3013581,4.864692116801002
3013582,25.748311504936282
3013583,1.2588325749619516
3013584,119.75023531537845
3013585,176.58298068210365
3013586,0.5956856249891214
3013587,4.10277701340668
3013588,92.14969665027746
3013589,44.80564449727798
3013590,612.3551899812328
3013591,18.85329766844357
3013592,4.41933247903641
3013593,3.676295254957807
3013594,0.31792520701255544
3013595,1.3077819734334346
3013596,1165.294074390693
3013597,0.5912268863764196
3013598,128.45947362918244
3013599,5.057923134729401
3013600,665.0074673420365
3013601,251.43210354957856
3013602,132.9430463100521
3013603,99.18946393479916
3013604,27.293648527057947
3013605,1851.3581097281276
3013606,3.7767914689402087
3013607,0.4253457933105102
3013608,9.3538715117069
3013609,11.664822457589036
3013610,0.23094952613371944
3013611,130.24960672759738
3013612,0.4958599070007481
3013613,5.959446919897812
3013614,1.8483440929011434
3013615,24.81020500558052
3013616,0.6640436883473393
3013617,45.19835630144088
3013618,115.80356325686867
3013619,0.8114081412159447
3013620,1.6380432562179663
3013621,59.08151866995497
3013622,26.73287270345042
3013623,436.886431190318
3013624,3.9103659980950565
3013625,1.1269431236564447
3013626,5.046785319853329
3013627,0.3686729699837738
3013628,3.2237479612710733
3013629,2331.0989866594628
3013630,0.6184448234837568
3013631,273.2613816701123
3013632,4.370938838302185
3013633,907.0029257149826
3013634,1039.985071944082
3013635,383.26734878263164
3013636,132.79177668681268
3013637,74.23948863042364
3013638,3633.945428122658
3013639,8.000056362468563
3013640,0.5045960729716152
3013641,16.83996375127029
3013642,18.63289861397223
3013643,0.27529378558290013
3013644,230.82833938140527
3013645,0.5101999781059778
3013646,7.080498372193995
3013647,10.485365678004095
3013648,21.662659248457935
3013649,3.9999579643628733
3013650,221.9117301877998
3013651,216.34067465286756
3013652,1.4611181293871751
3013653,5.57822821227408
3013654,266.672733618209
3013655,51.65540124410752
3013656,1236.464567630233
3013657,22.14828600682792
3013658,5.964806570789079
3013659,2.913116666405287
3013660,0.34328130444407867
3013661,3.2987515080749272
3013662,1640.2784016307667
3013663,0.0
3013664,464.3933161982099
3013665,4.396309196622386
3013666,472.5645207320957
3013667,627.0474707183502
3013668,166.9856854991689
3013669,131.78209670213764
3013670,40.039651359701686
3013671,2314.099694781066
3013672,7.16986057069967
3013673,0.45736544884614505
3013674,13.611592270640351
3013675,11.683072092704311
3013676,0.25163449371513263
3013677,138.15701265228276
3013678,7.3492557205420805
3013679,2.4217836546865943
3013680,11.297944618347
3013681,46.032690046416405
3013682,1.7416454143478015
3013683,69.11926048070478
3013684,125.6531202506847
3013685,1.8138692200858109
3013686,4.826777849483268
3013687,132.87002120594303
3013688,49.618322950842455
3013689,1386.701693997427
3013690,35.94092052450891
3013691,7.71063664166283
3013692,4.432118570715918
3013693,0.3823555561041261
3013694,3.3525347040586877
3013695,2127.9387534759912
3013696,0.6250133753929801
3013697,138.06572927192488
3013698,5.4975253988143455
3013699,736.4199067411612
3013700,332.726925889271
3013701,253.43920149295462
3013702,47.61844937302577
3013703,36.78964866602513
3013704,2834.8621138453354
3013705,8.588600813996358
3013706,0.5991498109719274
3013707,11.16284904463296
3013708,11.343112213901275
3013709,0.2800318292295689
3013710,149.84710386660458
3013711,6.327258405093416
3013712,7.086139803013679
3013713,4.905987865743169
3013714,18.602097042221114
3013715,2.4094215843020157
3013716,110.37753381977838
3013717,147.39132638348028
3013718,0.5810441052951189
3013719,4.545563341334482
3013720,73.31516979891622
3013721,23.732661297379384
3013722,348.3205049408988
3013723,3.766326109643345
3013724,3.0382777012142013
3013725,4.314266231394397
3013726,0.47859731322954097
3013727,7.955947240158151
3013728,2503.900072582327
3013729,0.7525442291869251
3013730,619.3521342764709
3013731,10.625477877361766
3013732,804.4508473264327
3013733,807.0446039914568
3013734,203.5879325887365
3013735,154.84607711055722
3013736,100.35780134763532
3013737,3384.8672644745925
3013738,29.307271565991535
3013739,0.7196733237923747
3013740,15.186069288414677
3013741,25.927009302081892
3013742,0.5258965047083117
3013743,217.66750677336353
3013744,15.487237528544066
3013745,18.005053492883107
3013746,7.529033829158541
3013747,65.39766778140186
3013748,8.205348551113534
3013749,383.5205971040445
3013750,238.36027613791063
3013751,9.226175591111202
3013752,6.932767002517707
3013753,421.59216459765327
3013754,108.87201671192813
3013755,3133.7125950521395
3013756,3.594766000736367
3013757,31.452359229250174
3013758,5.0183627068603505
3013759,0.37498821157720297
3013760,3.200423820184537
3013761,2747.4865480210547
3013762,0.6259125460808181
3013763,371.4034120419934
3013764,5.484062484918648
3013765,929.0337246540508
3013766,722.8673472265159
3013767,480.8834448327229
3013768,62.86838213585995
3013769,54.9625771348054
3013770,4171.605031882252
3013771,7.022162022938233
3013772,0.7660946293503487
3013773,16.71648608917642
3013774,12.969626544812026
3013775,0.28074011084606015
3013776,251.21093608370975
3013777,1.7213068250195054
3013778,7.147715366774569
3013779,4.320029523968414
3013780,42.24727115598462
3013781,0.9496742773207061
3013782,232.37211861696898
3013783,287.0841189927852
3013784,3.061898081697155
3013785,4.1914570338001615
3013786,195.42672796842038
3013787,46.50631068974153
3013788,875.0872827612718
3013789,67.31762919757587
3013790,7.297993270250461
3013791,5.38771197031585
3013792,0.5062807859095381
3013793,2.2428518509700432
3013794,2510.5509771688658
3013795,0.6186025421505321
3013796,371.8003275366514
3013797,3.8964802604436652
3013798,973.3621880941981
3013799,652.6071410397378
3013800,252.5981454233158
3013801,213.74403069375384
3013802,78.96863550173214
3013803,3306.13669347319
3013804,12.828109272885055
3013805,0.5986740882853996
3013806,22.553034556474252
3013807,33.17894175919052
3013808,0.3075589634654167
3013809,246.8845688983479
3013810,2.1924654635084413
3013811,4.433201657484449
3013812,6.523480869446338
3013813,76.04868499963882
3013814,1.3300427087086697
3013815,96.1496021720799
3013816,215.19724568615567
3013817,2.337316215443664
3013818,3.97757161296781
3013819,125.18171168601653
3013820,118.03799546126513
3013821,1270.3403221098479
3013822,3.9079205873044964
3013823,4.144972095265919
3013824,3.2460111717040854
3013825,0.3721501483901583
3013826,2.0407299668141183
3013827,1540.9909262360227
3013828,0.5715885495655987
3013829,118.03179612771055
3013830,6.410939960385839
3013831,663.5313247908773
3013832,313.9106622608086
3013833,136.67490120632854
3013834,46.72487438284598
3013835,33.75392181384161
3013836,2345.2241752862165
3013837,6.850959794445572
3013838,0.6756809541064178
3013839,22.301948224166047
3013840,17.265917029070568
3013841,0.5033480946958713
3013842,151.84792099616436
3013843,1.0726562261846624
3013844,7.298372649017042
3013845,4.491035037103232
3013846,39.49181214375737
3013847,1.2987119132513747
3013848,107.84526651973354
3013849,145.2198285175546
3013850,0.5553936301209237
3013851,4.6301410704786345
3013852,128.46511820752323
3013853,31.607680706682817
3013854,431.48824902939526
3013855,5.425009535258874
3013856,1.700915946466143
3013857,1.3442103391969926
3013858,0.35140436825373744
3013859,4.283291379361871
3013860,1332.0956212433323
3013861,0.7675608095004868
3013862,276.34787669221595
3013863,8.794444526000113
3013864,527.2814134534568
3013865,481.5673416170356
3013866,124.3710761608135
3013867,45.91212240805803
3013868,58.48663050028446
3013869,2055.5426467363404
3013870,25.150981802760995
3013871,0.6499924421875546
3013872,14.257991029075232
3013873,13.601115588350963
3013874,0.2833885726654607
3013875,125.44271184114443
3013876,11.815577460595305
3013877,6.329644127359455
3013878,4.412050581886133
3013879,34.36060913691342
3013880,3.3531008185594477
3013881,637.3932135815511
3013882,146.1978564966824
3013883,3.178741910439528
3013884,5.430937234258632
3013885,322.87501441710674
3013886,32.61481161359512
3013887,1668.0731021235124
3013888,2.686867227101125
3013889,5.077028599856032
3013890,2.2402430299340566
3013891,0.3942135725594444
3013892,3.909472693987486
3013893,3221.2120612858926
3013894,0.6822107797654844
3013895,733.902963965602
3013896,11.71263074503905
3013897,1130.2613793408113
3013898,1247.7772029940375
3013899,271.00647769442935
3013900,224.8553449568035
3013901,165.50567766120992
3013902,3828.4435223626965
3013903,21.22968584123539
3013904,0.768269739775896
3013905,17.824632723502567
3013906,32.82234008742515
3013907,0.41820287760673835
3013908,268.12065142370716
3013909,8.237794438381538
3013910,49.24147822413584
3013911,8.873658453921001
3013912,72.88822691693534
3013913,10.430990554329362
3013914,398.54875450059467
3013915,275.21447509344034
3013916,13.163403181859605
3013917,7.693714149975784
3013918,519.0092806155952
3013919,111.93499826726674
3013920,5845.244153557079
3013921,3.0658268325055995
3013922,23.085676007371614
3013923,1.2475845659012479
3013924,0.2635857608957763
3013925,1.0010412690310202
3013926,1430.7889976697452
3013927,0.5266583654144885
3013928,310.1272295525471
3013929,3.6797567325193965
3013930,334.16864129087776
3013931,468.35698065996894
3013932,107.85210251962745
3013933,72.368374573269
3013934,45.501750339128876
3013935,1530.9106716823758
3013936,7.493425532991307
3013937,0.3390969101542164
3013938,11.112303403020732
3013939,9.640761659753178
3013940,0.24414424496126158
3013941,77.35259681235792
3013942,0.4588762854145858
3013943,28.588833246207795
3013944,2.2011133946273445
3013945,94.3432860087766
3013946,2.07656365771261
3013947,148.5045873327147
3013948,85.36519129673883
3013949,2.4519358575603305
3013950,2.426594235759531
3013951,125.19568197938199
3013952,23.68196009685301
3013953,2147.7335625114542
3013954,0.799090068281733
3013955,1.4215823546142379
3013956,3.098792908972634
3013957,0.3036942127595687
3013958,1.5588467261185182
3013959,670.1354321125003
3013960,0.5057516511891521
3013961,196.08176414962435
3013962,4.381988101838936
3013963,246.20410822004857
3013964,204.72479926684844
3013965,66.50658458493581
3013966,25.543595672316762
3013967,22.04969446267566
3013968,1094.3337082439743
3013969,4.028095637970327
3013970,0.836005206155797
3013971,7.763474589391691
3013972,8.978303713505165
3013973,0.20075392382921844
3013974,61.54692183088148
3013975,0.41875776208699644
3013976,5.4117583021245
3013977,5.418696084923299
3013978,22.87445111270305
3013979,0.4729392274762966
3013980,181.824863353252
3013981,96.28972565800166
3013982,1.5443114770387958
3013983,1.0082456867985805
3013984,109.18228136691872
3013985,17.925357946254
3013986,768.5282711056836
3013987,2.70439943794109
3013988,1.3981874479048164
3013989,4.072386209331908
3013990,0.7010093116136191
3013991,3.5401729339836567
3013992,2565.9914731803274
3013993,0.5958103483608398
3013994,582.1598006789736
3013995,9.307897505720959
3013996,796.7872268962437
3013997,876.7568172387189
3013998,257.64205267273803
3013999,220.51388669525977
3014000,95.01867333083123
3014001,3213.752559152097
3014002,17.89967121366214
3014003,1.43420279012456
3014004,20.357284357673755
3014005,23.800031784050404
3014006,0.44167508234399566
3014007,203.0351382840105
3014008,3.507907597669668
3014009,30.02581294390567
3014010,6.792763260625156
3014011,91.79960759238557
3014012,1.8574027490395242
3014013,238.85559735998132
3014014,201.24982811529276
3014015,8.31621027706378
3014016,10.213822857354872
3014017,342.4384844808325
3014018,72.73258963739129
3014019,3865.7392850836104
3014020,3.1547309564671364
3014021,13.376472393128832
3014022,3.814773396888148
3014023,0.360838569627749
3014024,2.1657249083474754
3014025,2357.7333345710235
3014026,0.583226538817079
3014027,503.0321673328547
3014028,10.820919399078466
3014029,801.8911823789119
3014030,803.3509523219047
3014031,289.9030676623998
3014032,185.38316257069152
3014033,50.317394646877545
3014034,3445.9803151192054
3014035,7.949704656085139
3014036,0.7581169037139143
3014037,27.559117677030454
3014038,13.028798331916576
3014039,0.32308091688650453
3014040,198.671139637314
3014041,0.49352574870250565
3014042,5.750019246752931
3014043,4.066469889736268
3014044,45.9895153150552
3014045,1.0055131677400186
3014046,164.41477503880895
3014047,296.4124442856587
3014048,3.633251514419809
3014049,2.3457875839025926
3014050,150.61564757258486
3014051,65.89525125535707
3014052,1397.8245319177342
3014053,1.5518790112844856
3014054,2.587580258113118
3014055,4.662612252224929
3014056,0.5802509485381352
3014057,4.05481087725992
3014058,2622.3817703952227
3014059,0.5797966191673721
3014060,564.94446128447
3014061,8.814413661276715
3014062,781.8236534777856
3014063,701.168812789124
3014064,232.36749851174085
3014065,146.18106743346956
3014066,57.51634359350368
3014067,3149.376713465927
3014068,9.316456216027763
3014069,0.6218848096497602
3014070,21.71212371831512
3014071,15.941167126185462
3014072,0.5181198968764757
3014073,195.25608181718232
3014074,0.4902901578459721
3014075,7.047499769528727
3014076,5.519215991229315
3014077,57.15714344167923
3014078,1.2685637943186474
3014079,94.40743633635351
3014080,174.300298640832
3014081,2.8614401507504286
3014082,3.9243469891546017
3014083,146.36365057035962
3014084,62.87192288352371
3014085,1047.9525066802478
3014086,0.9597602369497374
3014087,3.459467209820288
3014088,8.4183315991007
3014089,1.189768056617907
3014090,12.468474597584564
3014091,7321.429520039679
3014092,2.573485573278814
3014093,1183.067726481746
3014094,31.443320083014157
3014095,1774.7394089198226
3014096,1930.6649239021026
3014097,309.76916709963143
3014098,423.4655142012796
3014099,289.75866719593387
3014100,7147.499476917115
3014101,81.33713366988398
3014102,2.3239622135663223
3014103,53.686708193788604
3014104,51.95152947310651
3014105,1.5023855115215508
3014106,439.54636240139655
3014107,32.68876395029493
3014108,74.23395706901294
3014109,21.855068843126197
3014110,170.99838680793516
3014111,23.022020234521502
3014112,607.263581800109
3014113,490.48174715481645
3014114,16.046045326641483
3014115,20.8545579530642
3014116,978.4822663271093
3014117,228.98065752637794
3014118,9732.239890241784
3014119,0.6884450842499578
3014120,75.63150766551738
3014121,2.2760117865484544
3014122,0.36372073679242184
3014123,1.1286663322835637
3014124,1590.8820877660933
3014125,0.5871017820312452
3014126,155.94116207243837
3014127,4.1761689294978215
3014128,499.3378391687526
3014129,315.8737879762651
3014130,111.6685548354439
3014131,93.26456803716817
3014132,42.10789123962391
3014133,1832.6265017219005
3014134,3.0570225425220765
3014135,0.48445025474182424
3014136,11.781336356382942
3014137,7.653666478675114
3014138,0.43938568281597473
3014139,123.60931580093165
3014140,0.5099800535975328
3014141,7.265373837983545
3014142,2.9013852045366586
3014143,32.77123883202063
3014144,0.7552237837589763
3014145,53.016179559400626
3014146,82.91862230509449
3014147,0.7798216493662019
3014148,3.688888952529962
3014149,96.41144746459234
3014150,19.054538925031288
3014151,619.2421434202449
3014152,4.274583779629689
3014153,2.4716669037826735
3014154,7.110137895602903
3014155,0.3693467888869568
3014156,1.8226787032343363
3014157,2773.7086038211473
3014158,0.6103560660674843
3014159,462.74373267952006
3014160,6.3026056145389475
3014161,876.630293602013
3014162,667.1733510113513
3014163,178.0917087710275
3014164,224.04762249450127
3014165,73.17155078575446
3014166,3860.2099615703396
3014167,10.09379390129576
3014168,0.47824389546808277
3014169,15.2113537297363
3014170,19.34376765601029
3014171,0.41935556333431795
3014172,211.4107736546594
3014173,0.9376286186736326
3014174,5.864359790845606
3014175,8.449461497187995
3014176,16.003972995069468
3014177,1.1208660614734804
3014178,259.53872585926547
3014179,205.84431190468666
3014180,4.145176521318756
3014181,5.0971463491843245
3014182,93.26674671500518
3014183,55.43477596781927
3014184,1230.5354727505512
3014185,0.7280847910253052
3014186,3.035281312007996
3014187,1.1713853427200143
3014188,0.18514617184479126
3014189,0.5212387785734062
3014190,812.9248101201176
3014191,0.4567325838835693
3014192,107.88299749592315
3014193,1.7782600630904581
3014194,464.65461096695157
3014195,160.37169827445297
3014196,86.67388929910344
3014197,138.87847327795384
3014198,15.182668190304875
3014199,1724.5386803963543
3014200,1.6027430124242588
3014201,0.3086560965066253
3014202,7.098092362518308
3014203,3.700155356428228
3014204,0.20313029150860035
3014205,71.08037831546001
3014206,0.3457480212584854
3014207,6.706725752006811
3014208,1.0991298841465604
3014209,12.376052036900584
3014210,0.33189382872179357
3014211,53.63356043652748
3014212,69.32797483849744
3014213,0.33863457427847066
3014214,1.0605336827224443
3014215,42.176009987990156
3014216,7.850565864334003
3014217,172.65009204625744
3014218,4.353999492182422
3014219,0.6813937587494368
3014220,4.538968310788616
3014221,0.3059152933389052
3014222,1.2454750998217379
3014223,1956.0084179795983
3014224,0.5395263141264346
3014225,197.35856508185338
3014226,6.152593770998588
3014227,789.339301457431
3014228,496.27569692156607
3014229,158.91653918631508
3014230,114.10150411345357
3014231,43.999729983942366
3014232,2509.4644795520376
3014233,2.576938557628133
3014234,0.5842364537654908
3014235,21.101623685095472
3014236,17.52466326746521
3014237,0.24538476587087982
3014238,179.20503265378667
3014239,0.4353710444061081
3014240,7.517721047950498
3014241,10.303942632433712
3014242,31.888612688064285
3014243,1.1010019082163762
3014244,228.35263870148273
3014245,168.4409621896288
3014246,1.6137953603569266
3014247,3.786776073150832
3014248,191.05262195503835
3014249,28.644373962269142
3014250,1113.7073929655865
3014251,3.940001436535377
3014252,0.706350550618035
3014253,2.235288613332282
3014254,0.3914010288095664
3014255,3.240994154305225
3014256,1897.4775708264328
3014257,0.6450809448586687
3014258,570.4658534438778
3014259,6.340425676959112
3014260,784.2305863855788
3014261,680.2769035827964
3014262,188.52526794297972
3014263,101.34877211360488
3014264,56.32025795553623
3014265,3279.851743885697
3014266,3.887426097129487
3014267,2.717128910901374
3014268,24.1060132463184
3014269,35.85461761335929
3014270,0.47969822739399476
3014271,159.9028514411638
3014272,2.9670508905556625
3014273,4.806226153031668
3014274,4.526017940339505
3014275,31.541955539974204
3014276,1.3317534574667214
3014277,158.83194527737572
3014278,215.2381733679228
3014279,1.9248799939512027
3014280,4.648570233369436
3014281,133.27022701355443
3014282,24.70895440862327
3014283,626.9610262433937
3014284,2.3432353990881305
3014285,2.734561983197466
3014286,3.211435981191503
3014287,0.249577927333556
3014288,0.56572356753326
3014289,1234.2349530410236
3014290,0.4594183507373616
3014291,89.4099488219187
3014292,2.8576256768037447
3014293,435.8071949774952
3014294,205.26590880319412
3014295,78.28199060474486
3014296,115.84771233694269
3014297,31.055280134985715
3014298,1733.347918011376
3014299,2.9910111152919683
3014300,0.8662298770141954
3014301,9.645956500207323
3014302,6.414249500192489
3014303,0.22339225465476473
3014304,88.07841277741795
3014305,0.40825606782546764
3014306,6.985991787808868
3014307,4.476904292297979
3014308,24.328618850949397
3014309,0.40294505462490676
3014310,157.7709246828544
3014311,89.31978570339052
3014312,0.7087857982150471
3014313,1.5421133432434726
3014314,29.776392853530847
3014315,17.339612183945693
3014316,352.7425401123452
3014317,2.9248851153680553
3014318,0.30215331034259635
3014319,3.507673127262358
3014320,0.3348512668496376
3014321,0.9505340612396485
3014322,3053.273630560763
3014323,0.5686113156737924
3014324,446.49568054392745
3014325,5.376513305191935
3014326,758.1548516193463
3014327,609.5687719562363
3014328,185.63358554300606
3014329,90.12994662279934
3014330,57.965234424924404
3014331,3432.4874774039786
3014332,5.0466749630287175
3014333,0.4732716047233118
3014334,17.29126610047404
3014335,10.290315903121963
3014336,0.30727549613445215
3014337,174.18311633560643
3014338,0.4774664996885734
3014339,18.624729097026954
3014340,3.2611408874250793
3014341,48.868558177380095
3014342,0.922410669679593
3014343,190.1457937111062
3014344,178.1148374652878
3014345,2.721178984992777
3014346,4.05153537962714
3014347,95.21467810961599
3014348,45.63800753350711
3014349,1233.7141353456086
3014350,0.830133330112725
3014351,0.5044075555202656
3014352,4.115138828927638
3014353,0.40293552258477694
3014354,6.664824560568182
3014355,2680.440219117359
3014356,0.833140287101305
3014357,534.2143363717174
3014358,6.92289688454656
3014359,927.1117009468313
3014360,859.2162594765725
3014361,150.5801459056479
3014362,129.17017148444955
3014363,120.06076316001548
3014364,3602.2081464404314
3014365,48.59467783314892
3014366,1.4836327795239408
3014367,23.771422553947264
3014368,23.554174453510615
3014369,0.4786418255791246
3014370,236.36235274182684
3014371,19.486231849142058
3014372,34.670489944383455
3014373,3.186521852562643
3014374,95.56341233070557
3014375,7.854723469074827
3014376,201.92859742820235
3014377,263.67809992968574
3014378,10.100864106333205
3014379,16.349286451529572
3014380,253.60502044774816
3014381,73.81215361725826
3014382,3682.5740473704386
3014383,3.397671074470527
3014384,11.923050958608085
3014385,5.299499954238952
3014386,0.39855130574285685
3014387,6.032894990741849
3014388,1896.7785695652392
3014389,0.6478595234408964
3014390,426.50738438447206
3014391,9.409388738036103
3014392,895.3871446993201
3014393,787.6435379094952
3014394,133.92831516785833
3014395,79.3804458889798
3014396,139.28497790528783
3014397,3185.601568648015
3014398,24.509682637719926
3014399,1.279533551378861
3014400,36.327386086107005
3014401,42.46108583500299
3014402,0.3427205982433038
3014403,276.8144454105792
3014404,16.169205304315085
3014405,21.347202742279062
3014406,9.741475317347888
3014407,71.00762651026135
3014408,10.330438487604344
3014409,138.61561871229912
3014410,345.9377032763126
3014411,6.961946264242154
3014412,10.07984202372644
3014413,110.91532681292878
3014414,69.94192758472344
3014415,2880.4281488514553
3014416,3.0441592871425196
3014417,10.858345270870542
3014418,6.012442547055015
3014419,0.45071611560862546
3014420,4.508866217320952
3014421,2872.331166016458
3014422,0.6407692834929276
3014423,615.1122100458145
3014424,6.112632233531955
3014425,1069.3654837282324
3014426,638.8707780593492
3014427,188.40864351115584
3014428,225.61625975610704
3014429,60.36130611317208
3014430,4481.952250155219
3014431,25.325134865164397
3014432,1.0249954326622828
3014433,22.15861748005826
3014434,20.83943778701545
3014435,0.3551813332234529
3014436,291.5169550192251
3014437,3.4100270892311655
3014438,15.548179169113899
3014439,7.203714069967601
3014440,40.14693411263164
3014441,4.4312011052910245
3014442,135.53638838087332
3014443,267.370774268641
3014444,4.002239205921674
3014445,7.873052529538314
3014446,173.09619276705743
3014447,50.50847557896915
3014448,1599.9604746977336
3014449,14.902401624567245
3014450,11.783812448508192
3014451,3.1783905962030223
3014452,0.46938206864549403
3014453,4.553124525386315
3014454,2085.7109277060335
3014455,0.7514086472352719
3014456,331.94012034755804
3014457,6.136012893551838
3014458,734.5268964666715
3014459,685.3504544677116
3014460,166.4197502331069
3014461,112.42830115462871
3014462,81.33438074339077
3014463,2826.130610419785
3014464,19.46883991168603
3014465,1.1969782416068726
3014466,16.893591077963617
3014467,13.959111635747318
3014468,0.45748785395750474
3014469,197.6719830962376
3014470,15.041999618193373
3014471,29.803832883391593
3014472,3.751651530093145
3014473,57.543939578895134
3014474,6.014853940081219
3014475,289.5232976964375
3014476,208.0542344602645
3014477,4.794771265919559
3014478,6.989939503913967
3014479,320.2161984053715
3014480,49.41885443520085
3014481,3017.087645453506
3014482,3.4731901019741804
3014483,21.063440558764636
3014484,2.692862852051945
3014485,0.3864140154233635
3014486,1.5114805239569817
3014487,4130.257927531353
3014488,0.6299026971990609
3014489,389.6647788301059
3014490,9.171877214947878
3014491,1410.3366715315742
3014492,823.5899283794006
3014493,250.39864034786396
3014494,164.68720689931422
3014495,59.272038101607
3014496,4638.226963953671
3014497,8.074611545722345
3014498,0.7920022304051244
3014499,29.532664418598078
3014500,24.133841340036433
3014501,0.3268906200676716
3014502,310.7329782911121
3014503,0.5929157823982547
3014504,8.993866754167755
3014505,6.819476232530917
3014506,27.289610668249686
3014507,1.45906903537984
3014508,124.05343335936374
3014509,246.4062283457119
3014510,2.8951401802228354
3014511,7.123807454268101
3014512,134.86899113712752
3014513,50.930675661557196
3014514,1176.8768369555569
3014515,5.740526718414834
3014516,3.3882047018314414
3014517,4.831311339238875
3014518,0.38817067513184567
3014519,8.258868751402247
3014520,1899.2821638363394
3014521,0.6319678699144721
3014522,445.6881115957517
3014523,8.080572969309786
3014524,889.5002020727414
3014525,705.207948096675
3014526,184.40533063612187
3014527,112.65977145438744
3014528,91.77468250544021
3014529,3329.7560295831636
3014530,28.632337410987276
3014531,1.3964473815539649
3014532,21.32204921640568
3014533,26.522719520804774
3014534,0.3300454375555715
3014535,223.8139990661217
3014536,10.655744581672305
3014537,26.19853871489621
3014538,7.866810795262746
3014539,51.324737814730355
3014540,8.03086338244409
3014541,176.53003953769482
3014542,288.544224270566
3014543,12.384799360798658
3014544,6.299784628053319
3014545,178.47557943162798
3014546,69.1512812806578
3014547,2759.033169227277
3014548,0.4696738365165706
3014549,5.547720653391405
3014550,3.28487150133838
3014551,0.39244232438580245
3014552,4.740524496484529
3014553,2195.3926221502456
3014554,0.6389362756933583
3014555,421.8098754634647
3014556,8.760797401845826
3014557,661.3934242882162
3014558,757.6505331973196
3014559,152.49018603793706
3014560,114.29120687799706
3014561,101.76444883760223
3014562,2722.9040304036703
3014563,25.80565388967912
3014564,0.7915614962557715
3014565,18.370659402912413
3014566,22.866500931090105
3014567,0.3345452017951499
3014568,193.98919072604167
3014569,14.261927866719425
3014570,39.53427483196687
3014571,12.12017363160694
3014572,59.98276277590002
3014573,7.099928382827914
3014574,201.93523253543904
3014575,211.90209608093946
3014576,8.946403287810945
3014577,7.943401668121472
3014578,206.3706119839221
3014579,56.41771236508997
3014580,3141.5789132852124
3014581,0.39720393046011954
3014582,11.209300321762566
3014583,4.230737339199661
3014584,0.356214969822602
3014585,4.820771556037046
3014586,4357.611880487415
3014587,0.5937911349031842
3014588,499.48230002354586
3014589,8.706239697651528
3014590,1040.0630971395447
3014591,655.4376234432897
3014592,249.48465347165876
3014593,172.4796356242153
3014594,46.89922500196715
3014595,3913.008408132635
3014596,5.937674182371641
3014597,0.5309377562253468
3014598,16.221721400286093
3014599,18.725698511810663
3014600,0.2933131129018998
3014601,220.8083442085066
3014602,0.542131763476823
3014603,7.3945347725941195
3014604,2.0101303368501275
3014605,40.96442243925237
3014606,1.9990043717269008
3014607,180.4262909859775
3014608,248.57841935783412
3014609,2.4667794410714623
3014610,2.574036172170198
3014611,214.3067329958758
3014612,103.3911394488243
3014613,1147.9887651807912
3014614,2.26083528126131
3014615,0.7436901849091205
3014616,11.99036903687832
3014617,0.7986874331205501
3014618,13.637737490591618
3014619,7658.622720136975
3014620,1.6415270929244754
3014621,1441.7602894295962
3014622,34.760255434224014
3014623,2239.2829435253575
3014624,2186.6264582140793
3014625,455.68652511031814
3014626,522.5305949893442
3014627,375.7706059597358
3014628,8577.312613239752
3014629,97.15149906463478
3014630,2.6634400829261007
3014631,105.33626635404376
3014632,134.14615503709035
3014633,1.1394625817154704
3014634,583.9861652288469
3014635,37.50814091989061
3014636,27.341023041924377
3014637,50.33137033527545
3014638,252.35452200518634
3014639,21.102792750147113
3014640,717.8024136166192
3014641,493.87444352292033
3014642,36.44751174544053
3014643,34.85283149236806
3014644,966.1055615882124
3014645,296.07890528277176
3014646,10000.0
3014647,397.03969053213393
3014648,77.35586912898601
3014649,11.088382124557818
3014650,0.6323203009867422
3014651,11.150494599345546
3014652,7295.289353396029
3014653,0.887789237888241
3014654,1083.6096905975035
3014655,27.676629892616972
3014656,2124.2715228297557
3014657,1876.7334199181898
3014658,555.807060570406
3014659,315.5943041142791
3014660,245.76303835732207
3014661,9347.556540885376
3014662,102.39430558384866
3014663,1.077613099090668
3014664,56.3491577438657
3014665,75.90276411842174
3014666,0.6931447046121002
3014667,536.8436061388444
3014668,20.622866717174638
3014669,36.55479555403365
3014670,10.844315434816718
3014671,177.5211572360849
3014672,14.88584343968938
3014673,813.2864870844212
3014674,688.2054966099724
3014675,17.819119959964162
3014676,24.16142932485915
3014677,983.1348413963879
3014678,228.87442157853297
3014679,8015.967971649184
3014680,538.4310099667565
3014681,69.51013496149643
3014682,9.6061637681351
3014683,0.5866794165657324
3014684,12.947251075404056
3014685,4456.069656897936
3014686,0.8237606390181821
3014687,793.4109548268863
3014688,15.291412291162942
3014689,1811.158540260908
3014690,1214.68340281531
3014691,601.5489028394294
3014692,108.2214827735435
3014693,187.24106612278337
3014694,7047.354383555729
3014695,33.21729024722023
3014696,1.1091730718107953
3014697,32.952914243577794
3014698,31.24147209672424
3014699,0.7709841554641876
3014700,479.3462837667064
3014701,29.558755070686107
3014702,28.693437230589208
3014703,8.702377565653078
3014704,94.39467262382976
3014705,8.306324483921532
3014706,859.8615834404175
3014707,604.5940182349366
3014708,21.457543270389994
3014709,38.54414685382869
3014710,578.0081332307576
3014711,120.92797614747005
3014712,3229.6483329035837
3014713,327.7793941166597
3014714,31.374171832299858
3014715,9.843737309084233
3014716,0.6380624082272139
3014717,15.50815094044663
3014718,6656.305130551762
3014719,1.3279876943277737
3014720,1023.0748210638184
3014721,19.476693878314503
3014722,1954.1969224377365
3014723,1847.6664928364662
3014724,495.1290466380285
3014725,289.8037723285507
3014726,210.04061452730897
3014727,8692.193327979272
3014728,48.55243884976197
3014729,0.9000913329192316
3014730,64.56915257972265
3014731,66.39185832535259
3014732,1.3556052666677558
3014733,513.2972249684655
3014734,27.932804008572838
3014735,36.33328948254707
3014736,22.490052156591815
3014737,167.81813570348908
3014738,11.526566283801069
3014739,709.2091346084202
3014740,587.6342551543752
3014741,21.182711162048143
3014742,22.663798752550427
3014743,859.6127831784345
3014744,197.55621936914696
3014745,7449.680776668568
3014746,463.4707190187464
3014747,56.164039776054366
3014748,9.069238555648102
3014749,0.5463046625034457
3014750,12.891001627100167
3014751,3372.3013423981083
3014752,0.7630589161063933
3014753,644.9009465743329
3014754,15.541182330237497
3014755,1539.353093638335
3014756,941.9683896595706
3014757,473.5259663137581
3014758,83.15130600085794
3014759,134.7549321838056
3014760,6001.466634114872
3014761,32.0485243806509
3014762,0.7367741656672167
3014763,29.044573926076374
3014764,35.97156615772926
3014765,0.5565390727994219
3014766,430.21949919224494
3014767,13.992024673701424
3014768,14.487306038936293
3014769,17.286782983898714
3014770,85.7458767466133
3014771,4.09629922058895
3014772,638.2467273608315
3014773,569.9755884721446
3014774,14.718492212271327
3014775,17.514217192911236
3014776,585.6614657888724
3014777,78.52244740913429
3014778,2305.398147404019
3014779,445.6400315276891
3014780,15.862003090129276
3014781,7.18898924259239
3014782,0.6704349923504145
3014783,11.430992281264505
3014784,5844.523072183971
3014785,1.4340142665953437
3014786,1222.7588117462253
3014787,23.39249183048171
3014788,1744.9794636462966
3014789,1997.1912304760397
3014790,376.16569850201904
3014791,420.4998861163285
3014792,311.8351248688866
3014793,6956.4947473612265
3014794,68.76110277566563
3014795,1.4151382646387796
3014796,45.661202928936994
3014797,52.18187865451261
3014798,1.044836383834498
3014799,417.78684438671
3014800,17.844914385984474
3014801,32.11432672600454
3014802,11.368079929959642
3014803,182.02152327341037
3014804,15.71601897301465
3014805,641.4880753919259
3014806,458.04534393746536
3014807,15.65192839576994
3014808,26.348134766021804
3014809,843.406652095309
3014810,214.72194041919983
3014811,9770.645836010619
3014812,326.4991512791594
3014813,71.64836669855622
3014814,4.480100838795201
3014815,0.5626853687169664
3014816,4.228525503094641
3014817,1667.0353414303129
3014818,0.7466515422890867
3014819,349.0112881095166
3014820,18.07187537242303
3014821,811.4624830482874
3014822,539.7794649472428
3014823,198.51023890707737
3014824,84.41286145762366
3014825,74.69459352013654
3014826,2768.411831755837
3014827,19.747366015828042
3014828,1.057099455250623
3014829,26.010193654748505
3014830,21.571534324552047
3014831,0.695001135733857
3014832,193.0173554456588
3014833,9.269593906583147
3014834,10.792320850509192
3014835,11.023573319718869
3014836,48.80896464081978
3014837,6.407882653436114
3014838,216.56207411784803
3014839,225.6479469905331
3014840,4.226553756124996
3014841,6.358103163146748
3014842,220.2727734353644
3014843,53.72440882822043
3014844,2174.2209855950423
3014845,0.7039386647364261
3014846,7.831322126239848
3014847,6.068883096256158
3014848,0.6027812172539333
3014849,12.418110697680028
3014850,3580.577920461188
3014851,0.9330742919480373
3014852,551.9493533706495
3014853,28.935963415368576
3014854,1366.9983890411231
3014855,984.8236694998063
3014856,422.36566090974526
3014857,91.31074979926566
3014858,115.8290328267775
3014859,5966.742856272227
3014860,63.16508077281405
3014861,1.3984677290007232
3014862,39.54342734104767
3014863,30.312712108650555
3014864,0.6550244955324452
3014865,364.94643151426703
3014866,17.176168647522122
3014867,15.301058773210348
3014868,3.6176538898118356
3014869,104.99065039462207
3014870,7.443717739625908
3014871,512.0896861122787
3014872,458.92457807946806
3014873,7.559965738330021
3014874,20.220133917870918
3014875,343.97156586934375
3014876,80.09787036163748
3014877,2651.85787791742
3014878,415.3723471262381
3014879,12.297928311977802
3014880,5.645367680961522
3014881,0.5966157100337168
3014882,5.986642044358904
3014883,4169.337432851298
3014884,0.8594128364392968
3014885,872.7084958343307
3014886,11.02219379226123
3014887,1426.5495695938396
3014888,1649.053472005065
3014889,235.26510400968814
3014890,347.94965895905955
3014891,206.47217023798598
3014892,4941.627811293954
3014893,43.668878974041064
3014894,1.1604060254162372
3014895,34.59472208878836
3014896,38.46179820309273
3014897,0.9197594319971995
3014898,330.22576337399596
3014899,1.5809320968146787
3014900,41.75988993141165
3014901,5.855820801994156
3014902,117.02795716482521
3014903,9.57325632627338
3014904,565.8428537819691
3014905,288.9314125662822
3014906,18.35656392561569
3014907,11.74979036734527
3014908,683.8859303307935
3014909,124.5098512043943
3014910,8438.309473907606
3014911,2.8914725609044347
3014912,46.04574178879232
3014913,7.572482216720047
3014914,0.0
3014915,6.967756635324907
3014916,3777.0844288903804
3014917,0.0
3014918,789.4956237513748
3014919,8.514553658077892
3014920,1503.0353738110637
3014921,1159.279025931122
3014922,310.2865933019902
3014923,207.0030244254413
3014924,266.02500173527704
3014925,5264.498674558647
3014926,31.07125858042564
3014927,1.6852981508969145
3014928,42.47461407822444
3014929,45.52703623320262
3014930,0.6534520974508493
3014931,310.26812827152565
3014932,5.405256052565166
3014933,51.04505321693589
3014934,6.255819272457094
3014935,183.10404233431845
3014936,8.780180210153235
3014937,402.0378430300938
3014938,320.8775386837575
3014939,9.393931849217145
3014940,23.98311585702368
3014941,424.0058032019316
3014942,131.8558876793197
3014943,6605.977624651425
3014944,5.235867294276898
3014945,5.761944075137735
3014946,7.243206023032076
3014947,0.39629927472910653
3014948,5.705605430284098
3014949,1921.81217455322
3014950,0.629958864190293
3014951,433.0337864776802
3014952,5.17333319274163
3014953,894.2978857345925
3014954,494.09362246920017
3014955,207.8899815904491
3014956,86.96982678248965
3014957,93.09479900592801
3014958,2794.596641048829
3014959,13.195392246371492
3014960,2.028390920370176
3014961,26.336220504458232
3014962,23.879176021928632
3014963,0.3598309423243444
3014964,181.01070540969883
3014965,3.235928745952182
3014966,13.85496319878002
3014967,4.834294436057297
3014968,52.50612308861591
3014969,3.768601357741087
3014970,252.40051785442023
3014971,206.79685782905776
3014972,3.7130329029082487
3014973,5.96387905967048
3014974,165.74395014725025
3014975,77.35775674034782
3014976,2706.7105029155255
3014977,3.039378346244438
3014978,1.8372016994051872
3014979,4.417278556886067
3014980,0.2973131175127774
3014981,1.5459624308014144
3014982,2351.413091880311
3014983,0.0
3014984,196.56627986945944
3014985,2.3800524744287817
3014986,785.6772556923073
3014987,262.0262196809991
3014988,164.41159188429754
3014989,52.23850056996585
3014990,23.109088677562717
3014991,2908.9875683509763
3014992,4.711567208615955
3014993,0.6112152820006246
3014994,12.813977690315133
3014995,9.428926264015331
3014996,0.2657343196778944
3014997,164.69619578364143
3014998,0.5047126957789506
3014999,5.931748039034988
3015000,2.6700141557055814
3015001,16.31984637443495
3015002,0.7892611503203081
3015003,41.70328941762282
3015004,137.08937821869065
3015005,0.35790571498049356
3015006,1.6819430065407102
3015007,42.897432643220576
3015008,76.89178965299264
3015009,577.2711395749476
3015010,3.4807387886321717
3015011,1.414324447185402
3015012,4.107436745459943
3015013,0.46676052729661316
3015014,7.463928688469713
3015015,2905.510733548627
3015016,0.7503827345425771
3015017,504.8838907573964
3015018,11.542739363432265
3015019,1149.639486540492
3015020,904.9463631458984
3015021,290.0993233989816
3015022,156.3500466098651
3015023,124.37781523049682
3015024,4202.040349914235
3015025,32.24072829831451
3015026,0.5983920527081381
3015027,23.062172671109433
3015028,49.76428670427617
3015029,0.4738689563089429
3015030,263.31376733434627
3015031,16.564888032669774
3015032,23.95782519690237
3015033,19.557298364529483
3015034,59.36223622424199
3015035,5.3073093643043885
3015036,398.7284587086808
3015037,323.4945017460732
3015038,8.797194368568256
3015039,12.243232941301946
3015040,436.5097804417517
3015041,83.48033917576387
3015042,3401.1638727508025
3015043,3.4894178941194163
3015044,33.215498398384455
3015045,4.066832216341671
3015046,0.46490947036921537
3015047,7.620846956342535
3015048,3920.6821831612206
3015049,0.7884427744882223
3015050,656.5016367787491
3015051,16.576045704104725
3015052,1116.311726833107
3015053,1390.1126226690917
3015054,185.9115662868436
3015055,277.0881260176664
3015056,203.0067411396426
3015057,4037.049476184706
3015058,43.37931448264655
3015059,1.2327522791627568
3015060,31.28285865708801
3015061,31.73825227272164
3015062,1.046302177221498
3015063,256.1293872181517
3015064,12.747076173834925
3015065,54.34186076674307
3015066,10.444950631437088
3015067,134.20936345612287
3015068,13.146715887007549
3015069,430.70138103059446
3015070,275.4257121774883
3015071,5.990944887899286
3015072,14.319763818940151
3015073,639.5474593177819
3015074,132.85873381372286
3015075,7355.559431536385
3015076,0.31268710054971577
3015077,47.0792942208163
3015078,3.540075975065817
3015079,0.4402166210000657
3015080,9.973090922358356
3015081,3940.2687755223847
3015082,0.9224710218515323
3015083,793.5404115690225
3015084,18.632663812645532
3015085,1179.7489788293
3015086,1300.8393430627925
3015087,241.78280732961065
3015088,272.6278955589832
3015089,153.30408070439154
3015090,4216.382981547951
3015091,29.880580429961903
3015092,2.271426876029037
3015093,39.61469714762779
3015094,49.13078779336173
3015095,0.8932450650517559
3015096,299.82279445730757
3015097,23.473524844812594
3015098,46.02307192028145
3015099,16.412549488022073
3015100,119.68632186666588
3015101,16.17498809424427
3015102,358.7528772951037
3015103,282.61736401265824
3015104,13.998730777466973
3015105,17.739101833438244
3015106,480.58409442038123
3015107,135.05143687546501
3015108,6176.502971334528
3015109,0.4567677746668388
3015110,30.93696153638284
3015111,9.702693846344271
3015112,0.4267639565627742
3015113,5.817859329828994
3015114,2704.6456670836405
3015115,0.7689223312365715
3015116,419.3677371756829
3015117,14.042160552795135
3015118,1222.582793528822
3015119,755.9179521142728
3015120,433.22776335791775
3015121,147.01407757934254
3015122,91.71135734375366
3015123,5417.6764581602065
3015124,8.223865377249268
3015125,1.2325604647583148
3015126,42.854499752647044
3015127,34.257144674136335
3015128,0.371642627178849
3015129,341.615611088222
3015130,9.530235344433509
3015131,8.013521153363902
3015132,12.75491327930122
3015133,45.0024107161975
3015134,3.606391355913589
3015135,295.1570529640726
3015136,386.5961694813873
3015137,4.987020017999372
3015138,6.95270813826043
3015139,322.1626097626732
3015140,95.31950022290772
3015141,1408.1239612035374
3015142,120.1758319783627
3015143,11.950413184411882
3015144,3.4779659125813875
3015145,0.44265055006692566
3015146,2.608591506903411
3015147,2028.6161251069796
3015148,0.7059723798972819
3015149,352.3452823819515
3015150,15.696381359813978
3015151,681.8990862845716
3015152,714.9294599843928
3015153,128.74627910526098
3015154,115.35773154591261
3015155,129.00626701089283
3015156,2472.8378208732443
3015157,20.945107456043253
3015158,1.7504224060051419
3015159,22.52048350468439
3015160,25.0059406467105
3015161,0.7670703029100457
3015162,167.90990831079424
3015163,12.327681102391855
3015164,16.093039237129076
3015165,6.36649382606213
3015166,94.87092902830702
3015167,5.415657642290096
3015168,248.57980538004415
3015169,159.53825740396252
3015170,4.726155095001333
3015171,7.97712487496711
3015172,264.9284254026102
3015173,70.23076426750146
3015174,2227.3699453654053
3015175,5.3992340807085535
3015176,21.562969998645052
3015177,1.6744622204077237
3015178,0.3561191870176703
3015179,0.9307930649794541
3015180,1122.2951300532843
3015181,0.6092911793750457
3015182,75.78154668573747
3015183,3.257861981895527
3015184,613.4706671630863
3015185,231.69146723482936
3015186,167.58816527345886
3015187,26.174429006023367
3015188,25.1203470941257
3015189,2083.5144526382246
3015190,2.5746626202133807
3015191,0.5246833082627842
3015192,9.136576897206933
3015193,4.768635203878896
3015194,0.2528290861642146
3015195,126.35176631063602
3015196,2.350645406288264
3015197,8.26424370164802
3015198,1.1165549890135285
3015199,6.537853052827345
3015200,0.4691536113840145
3015201,210.97796665491873
3015202,140.62719443943868
3015203,0.43313913216371924
3015204,1.8383292868967562
3015205,103.29734175923329
3015206,23.176762180673876
3015207,189.58137813161798
3015208,3.1855804050409224
3015209,0.9470605601557772
3015210,5.198173361648516
3015211,0.40445134646147035
3015212,4.2301685909313935
3015213,3600.8210543879286
3015214,0.6590709910433905
3015215,640.0687338935181
3015216,13.870877815719421
3015217,1419.3148568518188
3015218,539.5852734123514
3015219,387.15867736656753
3015220,142.04425086869912
3015221,61.173034331049124
3015222,5693.946572703405
3015223,20.61952003330053
3015224,0.6508819394543608
3015225,22.249361485198563
3015226,18.57989086232766
3015227,0.4234160809049558
3015228,378.09831046903554
3015229,9.637547266775709
3015230,1.7435436312646089
3015231,7.355940844771245
3015232,43.39826143241654
3015233,1.7948888653003048
3015234,746.7200618663426
3015235,297.733769386318
3015236,1.053400279327386
3015237,12.75428180255229
3015238,267.9986302736174
3015239,108.58184225098191
3015240,1150.4089203018048
3015241,31.527497388857007
3015242,5.6262816413476715
3015243,4.5891658776969315
3015244,0.340987097261493
3015245,0.9187995805497284
3015246,1369.0653249471968
3015247,0.6403024999728082
3015248,150.45925876853175
3015249,7.654488933208322
3015250,692.1782977402856
3015251,362.51411072034887
3015252,174.62646741640864
3015253,60.33472105273556
3015254,32.78540189301928
3015255,2420.2478232335325
3015256,4.753544210314851
3015257,0.46735867520602237
3015258,13.140285700216278
3015259,17.063912030943833
3015260,0.2624562380558198
3015261,145.97766545757352
3015262,5.559057135102773
3015263,8.209436282540093
3015264,12.891394507502461
3015265,34.37942180405038
3015266,1.0608786752836386
3015267,200.73206163018716
3015268,139.51749213891847
3015269,0.8809956788126443
3015270,5.217718445056741
3015271,142.24823467104497
3015272,32.814930182627215
3015273,313.1124677302119
3015274,4.909303082229526
3015275,2.0461559826310323
3015276,3.878650634550127
3015277,0.33289820546722365
3015278,1.601889377991287
3015279,1298.9467183302331
3015280,0.6283762528085655
3015281,97.02961595646212
3015282,5.43611469511675
3015283,620.9451962283529
3015284,227.87651464189716
3015285,105.01182960768348
3015286,31.921539450871766
3015287,23.89980612846653
3015288,2185.7420442980665
3015289,5.016314193703591
3015290,0.401372404412796
3015291,9.304078710366595
3015292,8.790266206788418
3015293,0.24673169016864663
3015294,109.88012134323883
3015295,1.1765883258645153
3015296,7.592083949328708
3015297,2.2173408542955984
3015298,23.810116610885256
3015299,0.6847962928063871
3015300,177.27366263709874
3015301,148.5811056025963
3015302,0.5900246425336663
3015303,3.7630122172354765
3015304,82.74646188062701
3015305,20.65769043273331
3015306,150.70478246690743
3015307,8.022521670072537
3015308,1.1526708507830647
3015309,2.888336754297787
3015310,0.35389262823765333
3015311,2.1402845156572043
3015312,1233.6702378467417
3015313,0.6251292170261411
3015314,139.0820462124477
3015315,4.932351616905742
3015316,802.2345658079955
3015317,350.2603936255633
3015318,201.17007258198225
3015319,25.83845192258118
3015320,30.93512057170862
3015321,2404.7190365884653
3015322,5.182306424328115
3015323,0.4246214224150945
3015324,10.438547193616934
3015325,14.852608864662862
3015326,0.25856745893863564
3015327,172.61818344492374
3015328,1.5813523244514611
3015329,7.702529016761662
3015330,2.851512791354017
3015331,15.70407566969284
3015332,1.3096094936523217
3015333,332.04368670827364
3015334,197.98803960610672
3015335,0.738852261059167
3015336,3.7026420619470155
3015337,68.89332745962788
3015338,85.66698539737644
3015339,325.80466810036376
3015340,1.1489461002492725
3015341,3.179044315653936
3015342,2.9559973061381557
3015343,0.6677168236996938
3015344,2.570941755835271
3015345,1472.3220144552681
3015346,0.6360258513965895
3015347,141.65619247302322
3015348,3.3380504197991345
3015349,803.1998266863243
3015350,327.2723989407889
3015351,209.49657081816625
3015352,79.09660844396646
3015353,60.64199638859608
3015354,2540.922792116631
3015355,4.925953673797274
3015356,0.9447495417704632
3015357,12.134129484168191
3015358,18.799901270051482
3015359,0.26005166662925205
3015360,178.57053177612897
3015361,5.806997971593896
3015362,8.030073816551669
3015363,3.56260444016951
3015364,25.10989208007366
3015365,0.8927336515984947
3015366,159.85232635919255
3015367,170.38034850647796
3015368,1.4784119670454656
3015369,5.383010465786345
3015370,105.20226008822806
3015371,43.42513196771657
3015372,531.921775920207
3015373,2.113822065900556
3015374,4.970126646975015
3015375,2.725870218354925
3015376,0.6616544374520152
3015377,0.9293035177327017
3015378,1074.9947419221908
3015379,0.6041404514540715
3015380,104.22169235700768
3015381,5.6095171561820125
3015382,589.727147802843
3015383,188.2674185703469
3015384,119.5251300753936
3015385,101.21021696882303
3015386,24.64755961272836
3015387,1596.192238722465
3015388,5.11269343807088
3015389,0.41539048421300795
3015390,11.298164801436725
3015391,9.103239679231994
3015392,0.23567953408253645
3015393,124.18767175866022
3015394,0.5208792178341964
3015395,6.433332159556608
3015396,2.66941537228351
3015397,23.464768890739304
3015398,0.6387715810135668
3015399,51.201313802024266
3015400,113.4409949973681
3015401,0.44605204458175574
3015402,1.7929041240326042
3015403,56.46458319966898
3015404,25.169965222989987
3015405,341.87726451377665
3015406,6.438785082604787
3015407,0.5942069953570953
3015408,4.682784259381331
3015409,0.399846659650283
3015410,3.8284525282245925
3015411,2277.655969614168
3015412,0.6359507632229935
3015413,247.26335287855363
3015414,4.507993133312874
3015415,811.5602925654161
3015416,608.4819928591976
3015417,365.8370033670591
3015418,140.60811029717976
3015419,61.700864353833474
3015420,3373.357092147035
3015421,11.236847020641516
3015422,0.7251034773396675
3015423,13.800457581868503
3015424,17.818957328601183
3015425,0.3068776068139177
3015426,204.41235586474332
3015427,1.0098894097757491
3015428,8.798176429924863
3015429,10.326189624540675
3015430,25.335304792174476
3015431,2.3351643107183326
3015432,279.2489023966883
3015433,193.38336766259374
3015434,1.3891022610393575
3015435,6.5428916468154155
3015436,254.1076850554581
3015437,51.34847048016745
3015438,971.8745645732704
3015439,13.640244396503606
3015440,6.3475858614862375
3015441,2.5994694906065825
3015442,0.32722426058372084
3015443,3.8444740667537536
3015444,1596.9353691010974
3015445,0.0
3015446,447.8755946658325
3015447,5.919600925227123
3015448,421.6795654036472
3015449,486.2141482041481
3015450,132.50117339487238
3015451,109.9557434954463
3015452,36.88012267652895
3015453,2164.1573691016524
3015454,9.436304369688255
3015455,0.8026149408048381
3015456,15.745618716086707
3015457,10.927240505705331
3015458,0.27920051803528473
3015459,131.35074579868538
3015460,6.039363591845198
3015461,3.0046445798517496
3015462,5.5037423190172765
3015463,51.15253480342583
3015464,1.9497132525261345
3015465,153.2970507283926
3015466,118.70874483393338
3015467,2.2563432771564766
3015468,5.380765578899023
3015469,122.55715473246792
3015470,47.16631489109859
3015471,1091.4434670371793
3015472,33.287736573183366
3015473,5.3570193341159715
3015474,5.459000029421166
3015475,0.403870088987455
3015476,3.5485818901667776
3015477,1836.049325285336
3015478,0.6406528012994815
3015479,120.75332229981203
3015480,5.972461734572465
3015481,714.6280850950466
3015482,272.70351622674673
3015483,212.90872006467595
3015484,51.774785703149895
3015485,44.1442280196012
3015486,2628.628689796773
3015487,8.93463938702979
3015488,1.0838197201835862
3015489,14.83434799120925
3015490,9.545934301309916
3015491,0.28527669739860706
3015492,132.49684858528204
3015493,4.880430249025407
3015494,8.769054121263087
3015495,3.1856275993364096
3015496,19.980699721241955
3015497,2.071309635909384
3015498,139.9644595846839
3015499,141.06298877710574
3015500,0.5577345693908875
3015501,5.096998586333352
3015502,151.90867973289286
3015503,25.36551392541391
3015504,391.7884780547885
3015505,0.7427564435752243
3015506,2.983016526115844
3015507,5.167659707913289
3015508,0.44439047896620076
3015509,4.7479314684015765
3015510,2486.3667264649766
3015511,0.7040608910153899
3015512,521.8333632607267
3015513,12.838671479553199
3015514,701.346547351382
3015515,659.5376782310037
3015516,170.36156175943057
3015517,126.65684772168345
3015518,83.89208240115926
3015519,2979.515075205385
3015520,29.32578500090557
3015521,1.2537923259978203
3015522,12.97842044041169
3015523,24.341544635245313
3015524,0.616778815821958
3015525,204.20048137722165
3015526,15.300641448173597
3015527,11.749496080460627
3015528,7.504254423999741
3015529,73.12769886945728
3015530,7.222201940289565
3015531,401.911814826035
3015532,185.61992031320216
3015533,8.84556774828509
3015534,5.987774482883858
3015535,347.1421022062689
3015536,86.75458456805596
3015537,1800.9525564981075
3015538,4.718562589273425
3015539,21.894205157907194
3015540,4.8976387590574015
3015541,0.3603091879289313
3015542,4.624226332108998
3015543,2975.892571258979
3015544,0.6439969805671095
3015545,363.30308370145747
3015546,6.301806752086437
3015547,1013.1702852532447
3015548,588.1471370103086
3015549,422.91935481843757
3015550,71.78624271504854
3015551,64.41715195201633
3015552,3997.1827467244725
3015553,11.98386639259786
3015554,1.7884694746889007
3015555,16.9110523217966
3015556,9.644278819754327
3015557,0.28789650561226526
3015558,256.76281955281905
3015559,1.7403286636789415
3015560,4.187351966944444
3015561,4.778982769717244
3015562,45.077063772224875
3015563,0.6664150356032935
3015564,583.1108016574597
3015565,274.1497917179274
3015566,3.1739508174995206
3015567,3.465317154489288
3015568,180.07765446702592
3015569,46.3868436125525
3015570,698.8487674610253
3015571,56.996449098291436
3015572,6.662805764642607
3015573,4.964133190387315
3015574,0.536011554162866
3015575,1.7653576521228629
3015576,2190.130635116521
3015577,0.6382383691681427
3015578,301.6229983774218
3015579,5.576675709957474
3015580,907.1327066377337
3015581,483.8078003937412
3015582,197.24481436609113
3015583,167.72763351350807
3015584,66.14608279168797
3015585,2952.8164093484165
3015586,9.759285434212384
3015587,0.665613589383001
3015588,25.147157470765478
3015589,25.230913304736607
3015590,0.3341319502623143
3015591,247.87289438754024
3015592,2.3440100265004413
3015593,2.294587448109981
3015594,4.96651584263475
3015595,73.89890630455658
3015596,1.0900742832069135
3015597,108.12578155048648
3015598,188.4676904299224
3015599,2.6294846075669422
3015600,3.906163565972956
3015601,121.53341970003727
3015602,115.21622481953482
3015603,898.2098784259482
3015604,4.903051916839908
3015605,2.5470494438807982
3015606,4.151802416240647
3015607,0.3569157247593545
3015608,2.300870881049948
3015609,1567.266021204282
3015610,0.5873331963722778
3015611,105.70586066763676
3015612,6.081347491785279
3015613,624.7478761703552
3015614,282.61746774182365
3015615,130.81477736739257
3015616,36.88228229105483
3015617,43.769427524904216
3015618,2485.3119768789884
3015619,8.008449315994518
3015620,0.4489905393785131
3015621,17.84171006480438
3015622,18.00963450163929
3015623,0.42772789199618405
3015624,142.85194785082612
3015625,1.331858043597344
3015626,8.931918147706464
3015627,3.539589932623172
3015628,53.885020816819356
3015629,1.215971319108212
3015630,114.47202360745881
3015631,127.4645270753478
3015632,0.6623066976288802
3015633,4.694522735814945
3015634,104.7130334834517
3015635,30.39886399887152
3015636,360.1903474355054
3015637,4.835035793028915
3015638,2.155727137854865
3015639,2.3125672633063825
3015640,0.35714453202770663
3015641,2.0674487810658335
3015642,1313.9784908653323
3015643,0.5841882123943962
3015644,248.62683645560077
3015645,11.150262885445029
3015646,467.2574251804486
3015647,433.312998081563
3015648,110.9714617471921
3015649,44.77554558619108
3015650,58.055304271323365
3015651,1862.5445348690594
3015652,29.243474478971734
3015653,0.4905780385483496
3015654,10.564411820925484
3015655,10.07165731598017
3015656,0.3144322021575514
3015657,115.7060858437648
3015658,7.5272623048760865
3015659,4.098274645642412
3015660,5.872208520771931
3015661,41.90254111464206
3015662,3.365613770426166
3015663,715.465306336324
3015664,129.18233940975136
3015665,3.038655278000636
3015666,5.208481120375888
3015667,250.5659312177829
3015668,28.699983404738646
3015669,1066.7583198323816
3015670,4.540454933006826
3015671,5.562020651702729
3015672,3.374220859120126
3015673,0.3830934230160078
3015674,2.2438749207612605
3015675,2792.894979794807
3015676,0.8078198307751779
3015677,632.6345660744795
3015678,17.784194559291592
3015679,998.4916696781388
3015680,1034.9861653698335
3015681,224.19493687945337
3015682,180.1094815324958
3015683,143.20259242397051
3015684,3296.9009442219945
3015685,26.93549380499861
3015686,1.05367701434801
3015687,18.784300515831916
3015688,35.40699036380686
3015689,0.3941427201399911
3015690,226.748154615771
3015691,8.324254031453375
3015692,33.7156062168033
3015693,8.281912943192113
3015694,80.49946832301964
3015695,12.375508176715643
3015696,319.2959094352999
3015697,227.09800017418775
3015698,16.858179394009106
3015699,11.271755047939
3015700,424.80592621624595
3015701,97.22488774235899
3015702,3310.721711831252
3015703,5.501832183395923
3015704,16.818928372211833
3015705,1.5010835498686224
3015706,0.2403095835003223
3015707,1.8552651436938636
3015708,1505.8394724554912
3015709,0.5003674219561582
3015710,267.4860763005218
3015711,3.8174853728588234
3015712,342.9925359602552
3015713,428.5540057586304
3015714,101.04452088940765
3015715,69.78565989591769
3015716,42.1108191079627
3015717,1483.4000928690593
3015718,8.159081538980786
3015719,0.35051171142958987
3015720,8.022421285492474
3015721,13.718190782009712
3015722,0.179644606742086
3015723,68.04813218918267
3015724,0.42924839935973935
3015725,16.794794173635072
3015726,1.7649881836685393
3015727,95.11915813447608
3015728,2.2425412943136416
3015729,125.47163362059584
3015730,79.07573566983984
3015731,1.5433104447398212
3015732,2.8974999065972042
3015733,115.00179571654397
3015734,21.158840227345127
3015735,1203.457403709445
3015736,0.44972490293123774
3015737,1.3646957379442959
3015738,2.4147240136915187
3015739,0.31543805937186964
3015740,2.434260489370559
3015741,616.3396992623416
3015742,0.5207923000802596
3015743,153.09357088533642
3015744,4.9650954400968015
3015745,249.4038957680851
3015746,166.29647395367334
3015747,49.726263252663216
3015748,22.999683253032273
3015749,21.827138351401473
3015750,1014.3995098562367
3015751,3.3970549508595114
3015752,0.35729766527896845
3015753,6.323637060556205
3015754,5.58417935011153
3015755,0.22292806769099122
3015756,59.48589440555763
3015757,0.3954292653908242
3015758,4.657577993767751
3015759,5.993141936800235
3015760,27.329155576058003
3015761,0.4017651845186411
3015762,176.54219883497927
3015763,84.26832203108897
3015764,0.8249920366900463
3015765,0.9708928433875199
3015766,89.8599386641767
3015767,12.162038389850647
3015768,427.65956618339476
3015769,1.8370391792186445
3015770,1.1396048347496641
3015771,4.073900009847223
3015772,0.38209364115638866
3015773,3.6081742565657957
3015774,2209.0844559411103
3015775,0.6303294279863105
3015776,468.80899354389953
3015777,13.78569045932973
3015778,647.128657786172
3015779,728.0705945349885
3015780,218.70696430558277
3015781,183.07232933348058
3015782,89.53696680099927
3015783,2796.8764732958703
3015784,14.411139688974371
3015785,0.956051966280927
3015786,19.54733925659548
3015787,23.35724188923882
3015788,0.34275996727482455
3015789,176.5246308099412
3015790,3.1521882405124875
3015791,22.891553589831005
3015792,5.537757652372308
3015793,93.77092000002841
3015794,2.948300181466968
3015795,209.6156981698931
3015796,165.7743401370302
3015797,6.445736480419636
3015798,6.082319230417639
3015799,263.2204298189005
3015800,63.48780890840729
3015801,2058.250947175571
3015802,2.295233198053147
3015803,10.16242030119703
3015804,4.268586247920976
3015805,0.37365389011724426
3015806,2.394896172194977
3015807,2435.4458039815568
3015808,0.6037464622637908
3015809,418.2471063462518
3015810,8.658980435624915
3015811,856.744188471613
3015812,600.8871333778495
3015813,266.6906319339524
3015814,164.80641806621708
3015815,55.44515072274805
3015816,3317.081015707375
3015817,6.987509042159863
3015818,0.7782685141377657
3015819,25.80684351163827
3015820,15.970667371039237
3015821,0.5314815292822073
3015822,194.23691620797317
3015823,0.5192761918893473
3015824,5.139070318624036
3015825,3.6073843109723356
3015826,46.69814801630605
3015827,1.05959726194909
3015828,273.71066524131976
3015829,199.15027732854531
3015830,2.65427376177484
3015831,3.8300684097445665
3015832,144.17329987478482
3015833,57.096802466875474
3015834,1075.040563214286
3015835,2.0457413229451467
3015836,1.4033756060427471
3015837,4.422052971318229
3015838,0.5422838848918944
3015839,2.096766288566315
3015840,2371.2866856944706
3015841,0.6006496075913024
3015842,496.01581179888325
3015843,10.652508618151256
3015844,735.4698000843074
3015845,532.1202416866363
3015846,199.4891264401756
3015847,147.13032909298914
3015848,53.680923781202374
3015849,2942.8909600507113
3015850,7.6561441877876675
3015851,0.7411440076055011
3015852,24.019812270677107
3015853,13.451848618477545
3015854,0.33579581091560584
3015855,191.35844271592126
3015856,0.5163424503757345
3015857,4.319979778708211
3015858,4.434445768671213
3015859,73.68170619695891
3015860,1.374533167316946
3015861,134.02766148178182
3015862,167.32697450643312
3015863,3.6060166789836225
3015864,4.033700401475759
3015865,135.84922695568082
3015866,49.86367267131268
3015867,830.4844287827179
3015868,1.6874221624504884
3015869,2.952900364142069
3015870,6.990481609131934
3015871,1.122265970659875
3015872,9.991737873938265
3015873,6487.351711933225
3015874,2.4388791874022138
3015875,998.1013912265428
3015876,55.13206201345275
3015877,1467.066076986633
3015878,1596.9010036150685
3015879,289.8271244913614
3015880,363.99971310504566
3015881,263.3718973145349
3015882,6354.7162085919435
3015883,59.16641651386491
3015884,1.9364135890850647
3015885,43.67774664872074
3015886,45.35394845508581
3015887,1.4511659088066007
3015888,365.3123336988988
3015889,26.32781719768672
3015890,38.20151199751235
3015891,22.69552957792278
3015892,204.92723454345
3015893,21.09485883878991
3015894,540.3803518616461
3015895,397.60184001851945
3015896,16.714380766632885
3015897,19.940864806122416
3015898,804.9559601357264
3015899,213.26426041475582
3015900,6218.783556387458
3015901,0.6527571300426651
3015902,56.706300615944116
3015903,3.455735882622912
3015904,0.41423355263025063
3015905,0.9475531611083362
3015906,1405.1654647410962
3015907,0.6008692022367976
3015908,146.69895177056128
3015909,3.5870741472149126
3015910,578.7757766457295
3015911,236.23085885151633
3015912,102.80149511309583
3015913,95.40605276756128
3015914,44.0746909423352
3015915,2109.642155778907
3015916,4.589873492893478
3015917,0.5877003124214772
3015918,13.220036078719474
3015919,8.100134673388226
3015920,0.28981079631185386
3015921,185.94623929846264
3015922,0.5017758327665314
3015923,8.940108887051668
3015924,2.5695759984575512
3015925,39.61111160514239
3015926,0.9469768804865508
3015927,143.80116067951926
3015928,92.23242337147819
3015929,1.1544508834888085
3015930,3.1632933976943627
3015931,96.60541555632102
3015932,21.1156891097057
3015933,486.9344974811894
3015934,5.191831625455172
3015935,2.540158079186574
3015936,6.149189784884988
3015937,0.37762917347498043
3015938,2.029994906863295
3015939,2540.36034238677
3015940,0.6255314087810242
3015941,412.2511528193779
3015942,8.213402083008182
3015943,942.7401141060784
3015944,518.9518775519404
3015945,177.94453467993947
3015946,200.9351924318757
3015947,77.695916192272
3015948,3542.0754568622415
3015949,7.95388483269148
3015950,0.5834407357987507
3015951,21.97903260497756
3015952,16.90443653767189
3015953,0.3177881037134052
3015954,239.77252330420387
3015955,0.9086975646721162
3015956,4.655512863316874
3015957,7.605551929323267
3015958,20.720937524241123
3015959,1.2316052231195709
3015960,583.2064783904771
3015961,200.13609493551948
3015962,2.9031538384648146
3015963,4.840960193720902
3015964,120.82097593145527
3015965,45.40934110825701
3015966,1010.4041339572915
3015967,1.099292563172781
3015968,2.8539608660432747
3015969,1.4770634792765251
3015970,0.1920774023448097
3015971,0.318940014336434
3015972,788.496889201057
3015973,0.4697350423211671
3015974,122.01978628236535
3015975,3.2951218581409893
3015976,557.6005787907244
3015977,123.23509959161912
3015978,82.4299332664747
3015979,171.19082085345028
3015980,15.83059481077546
3015981,1647.837204645172
3015982,1.273674180984258
3015983,0.3354102210332545
3015984,7.661983978488362
3015985,3.0472656014479065
3015986,0.20120199110910658
3015987,74.55520420535198
3015988,0.3673734050134792
3015989,6.6950642866291465
3015990,1.2393737859107836
3015991,22.479075004026107
3015992,0.3539422830790919
3015993,114.41428938883581
3015994,65.68105535840266
3015995,0.4490023972943203
3015996,0.8856547791855109
3015997,42.42059348748722
3015998,9.318099058457907
3015999,156.4591773509719
3016000,6.483643971723915
3016001,0.6407055953572974
3016002,5.134706540635339
3016003,0.31014280107167863
3016004,1.8301561267809074
3016005,1655.1722951473553
3016006,0.5492354304380027
3016007,177.2592416942898
3016008,6.883366668234041
3016009,734.1776519009499
3016010,333.25449842126955
3016011,145.19036316094142
3016012,115.5084507024935
3016013,45.964804635892435
3016014,2359.0904819347206
3016015,2.0363370962723177
3016016,0.5747736083309127
3016017,22.173918322674147
3016018,14.385796455319593
3016019,0.24684586106832124
3016020,157.0482242965178
3016021,0.4495461157795809
3016022,9.007877866052725
3016023,9.641310929526384
3016024,35.15211551750662
3016025,1.827410287317406
3016026,348.89898410555367
3016027,173.24666880277135
3016028,1.3324194551644948
3016029,3.271351869619033
3016030,177.01315385738096
3016031,23.461609654620503
3016032,999.9114841681608
3016033,6.679944442369095
3016034,0.7288204795170862
3016035,2.851347222912538
3016036,0.4079298772322278
3016037,2.382378279463476
3016038,2054.4550273234627
3016039,0.6501374068538194
3016040,574.8306752405041
3016041,8.491036493159324
3016042,735.2607609235686
3016043,556.138776211148
3016044,194.25442242566515
3016045,95.26546514634506
3016046,66.35036777619278
3016047,3379.29679704468
3016048,4.601119809556752
3016049,2.995780207213086
3016050,19.82320303460113
3016051,37.2475441441455
3016052,0.3667639711043405
3016053,169.88159572330486
3016054,2.527712518237273
3016055,4.846831196660912
3016056,4.275315672633487
3016057,35.609451110345525
3016058,1.123983606796799
3016059,224.961769810972
3016060,217.94144014215405
3016061,2.7018656728704338
3016062,5.472894292392647
3016063,118.28492384780894
3016064,27.290308331280276
3016065,560.9544076349417
3016066,2.4751164120456344
3016067,2.3613408514559957
3016068,3.2578560415142834
3016069,0.2607375855553298
3016070,0.362778890751303
3016071,1170.8231376095177
3016072,0.45783536337532993
3016073,89.76126334648546
3016074,1.8522067334080687
3016075,370.08999976559585
3016076,151.8050498147262
3016077,80.25141794969308
3016078,100.0235717314202
3016079,32.71291383082862
3016080,1595.363400886933
3016081,3.497574083410456
3016082,0.5646777398855289
3016083,8.653888528071633
3016084,6.607203915759996
3016085,0.21676499656712553
3016086,87.70058506961914
3016087,0.4128018295160469
3016088,7.600173166606743
3016089,2.4371871680884274
3016090,20.20478867830716
3016091,0.46652675049904613
3016092,298.5874858037781
3016093,69.11704613596235
3016094,0.913627954313775
3016095,1.3700249110219054
3016096,57.708736212957135
3016097,13.19395057391714
3016098,303.66663442309647
3016099,3.889688497428055
3016100,0.26411669073193117
3016101,3.1027693126813025
3016102,0.3455327669043581
3016103,1.5246475084916402
3016104,2884.687137840711
3016105,0.5869387565805935
3016106,416.0057448580848
3016107,9.201162339620343
3016108,715.0820156678747
3016109,494.5537557025205
3016110,162.10381223500613
3016111,134.59186871942904
3016112,60.44255666943111
3016113,3114.319240290833
3016114,6.18439919478856
3016115,0.5145008327064613
3016116,15.473183773170568
3016117,8.31092115514012
3016118,0.31515080036222193
3016119,165.3348880458259
3016120,0.5000302487135027
3016121,22.123389729751313
3016122,4.295337484945421
3016123,36.83650215284017
3016124,0.806050577582206
3016125,407.5328878252777
3016126,171.5741481226092
3016127,1.928962180615434
3016128,3.9711845105334147
3016129,107.45307655775692
3016130,36.002128737200906
3016131,1035.559756395275
3016132,1.394746329266393
3016133,0.4130371988319608
3016134,3.0779102467152653
3016135,0.40305200544600717
3016136,4.845772814190861
3016137,2373.542020323514
3016138,0.7313791274010392
3016139,500.2172470807573
3016140,7.205389176830395
3016141,806.6440864024922
3016142,761.7847206130448
3016143,153.00022738553207
3016144,109.27162433657993
3016145,112.521232435745
3016146,3270.4670494773927
3016147,46.13631428808582
3016148,1.162941500056674
3016149,23.140338068246077
3016150,22.85495585332542
3016151,0.34149272837411704
3016152,212.11001068052087
3016153,15.224892519515086
3016154,22.417870218198082
3016155,3.099406021172577
3016156,107.51109832196438
3016157,6.796177872340732
3016158,199.84237462263394
3016159,228.66522706926082
3016160,10.25454299212319
3016161,10.925726051067219
3016162,220.40660742986796
3016163,76.97282788396701
3016164,2208.4905710926187
3016165,5.798444925557061
3016166,9.913907483680909
3016167,4.604227488035899
3016168,0.40221551360921703
3016169,4.368864864003861
3016170,1714.61485140763
3016171,0.6619645618056853
3016172,371.0731988238492
3016173,16.544801801942562
3016174,768.4367503451836
3016175,606.177825757961
3016176,119.16203671959369
3016177,64.15560918690514
3016178,99.62351809189029
3016179,2867.7102152655652
3016180,20.219819999370937
3016181,1.2139465009610886
3016182,33.676113555095235
3016183,34.27110952391474
3016184,0.33948816932856174
3016185,241.21895757201978
3016186,13.002369184106328
3016187,14.809183135718191
3016188,8.662672211816268
3016189,73.60896225382697
3016190,10.431660577386248
3016191,128.1203357188949
3016192,268.6002423100515
3016193,5.717806811374697
3016194,10.231998885938987
3016195,103.28407374077507
3016196,66.71173922593142
3016197,1754.675539937689
3016198,3.12567284349161
3016199,14.566903837291608
3016200,5.519685345275174
3016201,0.3974368705870993
3016202,3.8981478227499125
3016203,2843.974233162532
3016204,0.6572792326996256
3016205,600.0755570535134
3016206,9.874932110564064
3016207,1137.3233606503784
3016208,537.0710360453647
3016209,160.03989276020945
3016210,248.69621017801998
3016211,49.782539476794916
3016212,4607.009906002908
3016213,25.946462522537765
3016214,1.6462070945947276
3016215,22.97550484635139
3016216,18.095053804979045
3016217,0.3360652310567036
3016218,282.21130766651993
3016219,4.505207030448918
3016220,11.199821302663906
3016221,7.657284929669286
3016222,57.46734841874401
3016223,3.6632715161607052
3016224,224.3487452685821
3016225,269.18944659515796
3016226,4.92083732152817
3016227,7.9987954292008965
3016228,202.3721294823037
3016229,47.84289376531679
3016230,1210.457436775088
3016231,7.4546766306788115
3016232,8.303700165238991
3016233,3.071587408916361
3016234,0.44712418503421714
3016235,2.663329199286111
3016236,1829.309892246987
3016237,0.7914643537277559
3016238,313.37610112213065
3016239,7.186945990212908
3016240,611.3871134689857
3016241,575.2293970276812
3016242,158.1533815692068
3016243,99.68889926028584
3016244,62.57301732379024
3016245,2465.47130617752
3016246,17.88808000877597
3016247,1.1731793624694826
3016248,11.384684259625683
3016249,7.5645256388052875
3016250,0.47196611437993763
3016251,159.21564775388651
3016252,10.43278171639972
3016253,16.59982229079807
3016254,2.099022365283918
3016255,56.92437087770744
3016256,5.6147634522878835
3016257,258.67552944337143
3016258,171.1420756972246
3016259,3.7069916756393844
3016260,6.157195683073039
3016261,247.8965453856344
3016262,38.94164812488639
3016263,1670.9421745711495
3016264,3.937655877410827
3016265,14.886770134142449
3016266,3.5474156523999856
3016267,0.44082613990118297
3016268,1.7015009135471502
3016269,3811.938015479417
3016270,0.6460078075037681
3016271,326.97905469653153
3016272,7.4347145658649065
3016273,1227.0201979895492
3016274,557.0773379469334
3016275,217.12731999343373
3016276,137.5210895404598
3016277,63.12485076387895
3016278,4534.513201677156
3016279,10.083165070572381
3016280,0.8793365090134205
3016281,27.289057389995115
3016282,18.755916181745476
3016283,0.3254306049748598
3016284,329.9098699083977
3016285,0.6140434955664666
3016286,10.533100015124816
3016287,6.0485419506640135
3016288,25.644808470963664
3016289,1.4037499166932035
3016290,145.26482244263218
3016291,235.68749432390968
3016292,2.3124292736460106
3016293,6.616225368846876
3016294,141.70542282661796
3016295,44.0246320447877
3016296,895.4612848930794
3016297,8.462047783831595
3016298,2.87196071555949
3016299,3.2432729218891643
3016300,0.3918106373264321
3016301,5.318017506307803
3016302,1627.4011362827946
3016303,0.645940372426655
3016304,377.69335879139123
3016305,11.614734322142406
3016306,827.0390945983665
3016307,572.0199356260617
3016308,177.47733437375217
3016309,95.57805029405705
3016310,119.74804474309508
3016311,2866.1170135506068
3016312,21.828696366837434
3016313,0.890953337204265
3016314,17.79124311258332
3016315,23.475245100258647
3016316,0.3268463363131885
3016317,179.338136071792
3016318,10.143462614988987
3016319,12.550388645833312
3016320,8.824893155624531
3016321,62.84900791999805
3016322,7.421504720459092
3016323,156.15603158954212
3016324,237.5495763276142
3016325,8.18609424343359
3016326,5.272881123239842
3016327,136.02253926527115
3016328,48.76832603913465
3016329,1639.4060579772563
3016330,0.7799597829359477
3016331,3.9620494670869846
3016332,2.682907572238123
3016333,0.3964452659108738
3016334,4.139160923158414
3016335,1943.0988623978337
3016336,0.6533849441492456
3016337,362.7470450323907
3016338,10.001755041371842
3016339,571.0680242430931
3016340,668.037872975472
3016341,140.21407499610902
3016342,108.01867040663258
3016343,101.2811155757336
3016344,2440.8916667785074
3016345,24.384633709787153
3016346,0.5565757177001898
3016347,18.79038418240605
3016348,17.844395590791542
3016349,0.3316707386284691
3016350,171.11117224124393
3016351,12.758989545078938
3016352,27.689231520855323
3016353,6.3603867168468815
3016354,69.98944937825794
3016355,7.350833853182855
3016356,211.03806599120614
3016357,161.97584823084298
3016358,7.246522809522618
3016359,8.209047161571183
3016360,185.199526133579
3016361,51.7727399097851
3016362,1852.8976004395888
3016363,0.7400497654921185
3016364,10.61806338346802
3016365,4.6860681915600555
3016366,0.4120649151557556
3016367,3.8964507017216876
3016368,3968.5965503237894
3016369,0.6053248061284235
3016370,453.75036637634753
3016371,11.582647166657676
3016372,1006.0697664355633
3016373,537.121145340139
3016374,223.01613293375334
3016375,145.60259621707584
3016376,45.64308903981758
3016377,3669.5813027000295
3016378,5.024723674597013
3016379,0.6493246844306875
3016380,14.114460344082755
3016381,14.213346901959083
3016382,0.3268747679974461
3016383,199.55747415874822
3016384,0.5567366181319596
3016385,6.865498451936529
3016386,1.6015852133135584
3016387,62.33633857991704
3016388,2.00641642162662
3016389,243.57608598787755
3016390,237.30661417888987
3016391,1.651983611074944
3016392,2.689284156972072
3016393,179.96598362980822
3016394,101.8758584154426
3016395,969.1341687310942
3016396,2.4968502583133327
3016397,0.5145772531014031
3016398,12.893709157611653
3016399,0.7728197585305702
3016400,13.383383594717905
3016401,7130.419228242077
3016402,1.6072639555777104
3016403,1218.2899903021198
3016404,35.37290981307672
3016405,1904.3373736340186
3016406,1857.3197679464206
3016407,387.85702023403013
3016408,407.74989515490734
3016409,368.16236586673506
3016410,7490.788973408692
3016411,81.02316778184338
3016412,2.5571802128008656
3016413,96.86103429634097
3016414,99.48068144924954
3016415,0.9639065616910313
3016416,501.12278945566726
3016417,32.8946069424186
3016418,20.737237274658263
3016419,43.38255478680223
3016420,315.9764969428215
3016421,21.385415773277504
3016422,639.0849441365107
3016423,398.9476597769585
3016424,29.11292798459659
3016425,31.002452483364404
3016426,835.3576839582836
3016427,290.033647072931
3016428,6616.734500722985
3016429,366.66766559567566
3016430,61.66743732431548
3016431,10.623321527298984
3016432,0.6399913032528624
3016433,10.042932113951387
3016434,6416.762460496597
3016435,0.9941816918029053
3016436,923.5294219824601
3016437,35.17302770257108
3016438,1798.1167895061092
3016439,1558.2883109562108
3016440,484.41290008916394
3016441,255.74772814604356
3016442,236.7411503545658
3016443,7899.347180191094
3016444,89.45801849855106
3016445,0.7348887173608023
3016446,62.56211185782623
3016447,64.30066612902232
3016448,0.6765677017856258
3016449,463.3347788452867
3016450,23.645770852701794
3016451,29.65515341872206
3016452,14.683384122279238
3016453,201.7316503592709
3016454,14.824753690157886
3016455,752.4030170618569
3016456,530.3791570483818
3016457,18.36328124972005
3016458,22.061224155625503
3016459,817.9613964086158
3016460,200.00987119918324
3016461,4904.256854582258
3016462,381.1204215810482
3016463,49.47613594842955
3016464,9.39970704736417
3016465,0.5958654376534807
3016466,12.74238320603369
3016467,3947.966860324758
3016468,0.7963734075692065
3016469,720.9676379573301
3016470,17.65515462909154
3016471,1563.9397298675815
3016472,1068.9009557329662
3016473,537.3466130599361
3016474,95.16049365824281
3016475,177.22522499769357
3016476,6445.524020616939
3016477,36.64500833270064
3016478,0.980661060998383
3016479,33.4563771552173
3016480,32.68829698835038
3016481,0.6440517895645614
3016482,414.24779926305234
3016483,23.559097985042527
3016484,15.317049208487798
3016485,10.452272550952642
3016486,99.49006929735067
3016487,7.920591698199803
3016488,684.5512419455612
3016489,504.88062347677726
3016490,17.547573029662495
3016491,34.124856990199774
3016492,518.090764761859
3016493,114.61475953426329
3016494,1879.171118157598
3016495,279.8615250436542
3016496,27.427493286373643
3016497,10.261743378742931
3016498,0.6424443019124577
3016499,13.72546016065121
3016500,6071.3551813312
3016501,1.3426670032667003
3016502,910.5571362263906
3016503,23.76352659175955
3016504,1677.338275944707
3016505,1523.303845076567
3016506,453.0773525077399
3016507,245.97899854526474
3016508,186.1166642187873
3016509,7888.816462250323
3016510,42.78922414296376
3016511,1.171761407015668
3016512,70.15660660327937
3016513,64.45157121952617
3016514,0.7983995260492314
3016515,451.6011783450949
3016516,30.184470801647006
3016517,28.542861756486097
3016518,20.545331846154276
3016519,179.95033187210743
3016520,12.852119658024055
3016521,642.2775755052985
3016522,508.0643088360927
3016523,19.256292019013017
3016524,22.051880827450777
3016525,750.9897503513575
3016526,173.3833406136876
3016527,4355.540470322284
3016528,405.40541530004685
3016529,47.607903900136144
3016530,8.543830442401845
3016531,0.557146611133215
3016532,11.42266048024516
3016533,3198.75560297794
3016534,0.7831885778441239
3016535,593.0622381728883
3016536,16.325482469747687
3016537,1378.6495944776339
3016538,838.8355735480757
3016539,438.8336108901184
3016540,69.92502025334099
3016541,138.38518650492628
3016542,5622.47524857759
3016543,34.15797058977472
3016544,0.5335880236201535
3016545,27.429586591949498
3016546,28.65312667399701
3016547,0.5675252349336646
3016548,396.2432031233062
3016549,19.041440375727323
3016550,8.632003230208433
3016551,10.696261007555247
3016552,108.23346876817423
3016553,3.2107916978682476
3016554,578.9521783134974
3016555,489.8700444451638
3016556,14.275570452515993
3016557,16.079975977246743
3016558,549.5002344347837
3016559,81.10650527274427
3016560,1338.7655800376433
3016561,521.7974872444746
3016562,13.24573950450721
3016563,10.366036329043922
3016564,0.6702333679139412
3016565,9.26829979801209
3016566,5180.278315007128
3016567,1.5029449272316018
3016568,970.9125651405634
3016569,29.198127316816176
3016570,1472.3804928006757
3016571,1705.0358448884108
3016572,315.064055550025
3016573,350.01475655815386
3016574,257.718091046232
3016575,5991.828178886594
3016576,60.560343097978766
3016577,1.1038369661929304
3016578,47.65509317585249
3016579,51.28364940729307
3016580,0.8791609259249678
3016581,354.6569986388912
3016582,18.638471432869814
3016583,22.150624738443486
3016584,11.149241224949815
3016585,236.38353135820836
3016586,13.001884287548487
3016587,575.7450979384049
3016588,368.12616355157263
3016589,16.06345113611778
3016590,25.762982477344686
3016591,683.4675413362672
3016592,179.75498959022906
3016593,5956.283455735399
3016594,242.2532598315592
3016595,54.596636663240524
3016596,4.8689203861564545
3016597,0.5260142165631196
3016598,2.926233908940611
3016599,1513.8317996004307
3016600,0.715375016118899
3016601,299.52119217892295
3016602,21.208089841463455
3016603,777.4111446709967
3016604,455.58593376067245
3016605,181.84166660804934
3016606,61.519837734518816
3016607,73.32486659699647
3016608,2476.035766700411
3016609,20.518941223959033
3016610,0.7073792592099372
3016611,24.239660855978144
3016612,23.450590650610064
3016613,0.475183527608181
3016614,172.1529295844963
3016615,8.790998553387396
3016616,6.772728083852506
3016617,9.545477730715769
3016618,61.63472215756047
3016619,6.157914263603606
3016620,209.92381537843676
3016621,193.11340822299033
3016622,2.4874021841764704
3016623,6.682388664860362
3016624,171.6270759921978
3016625,52.19630457132902
3016626,1326.3843527080812
3016627,1.0422083507943858
3016628,8.415386369111165
3016629,7.566755824935344
3016630,0.588976048929194
3016631,10.15293990917417
3016632,3429.9658583967826
3016633,0.8325043358701603
3016634,465.6147723349427
3016635,26.285570488386004
3016636,1272.6267432478626
3016637,876.2501111050304
3016638,379.20968893251535
3016639,78.00337724692614
3016640,171.17677401391614
3016641,5312.9943006075755
3016642,62.10727979298814
3016643,0.7870306827311664
3016644,46.829417342173066
3016645,32.962703876168895
3016646,0.6337446436393324
3016647,299.6828873505115
3016648,16.1797858711432
3016649,7.110918670996263
3016650,3.471092501933582
3016651,122.82057107807915
3016652,6.7043958033484685
3016653,449.5035334238408
3016654,399.47280005691766
3016655,7.638098997317169
3016656,17.3379272469583
3016657,302.92755510961047
3016658,76.8818604869505
3016659,1748.4920078049831
3016660,387.8438098043579
3016661,13.14766563956727
3016662,5.353065058332752
3016663,0.5885072149983241
3016664,3.449138513172767
3016665,3357.32983131165
3016666,0.8401809889219165
3016667,670.521948362712
3016668,10.411427686283009
3016669,1010.3451760149678
3016670,1219.929199418364
3016671,190.0991892969295
3016672,244.59064811427285
3016673,194.21896966242204
3016674,3770.7436124069177
3016675,33.143646342906464
3016676,0.8764063396660162
3016677,25.325908509297886
3016678,29.357416134632377
3016679,0.7834625588826565
3016680,231.69979200935225
3016681,1.9493671933986358
3016682,35.9464836571249
3016683,4.001087592810512
3016684,116.4737297692009
3016685,8.228092187676774
3016686,465.03080802455906
3016687,192.45459929268992
3016688,14.607045738321084
3016689,12.255848849883417
3016690,498.9428536863536
3016691,101.62300824344426
3016692,4344.552209012335
3016693,2.681185382156005
3016694,28.3141924662709
3016695,7.436808053175124
3016696,0.0
3016697,4.09138674907269
3016698,3373.2740053273124
3016699,0.0
3016700,649.3549585652986
3016701,10.161396585734266
3016702,1300.691939340916
3016703,945.1511022331849
3016704,274.91975137755776
3016705,164.64836407945117
3016706,270.211955893379
3016707,4683.970878239323
3016708,28.460859567266606
3016709,1.5549611983162985
3016710,50.263950592659555
3016711,38.88971739085168
3016712,0.7309881371293816
3016713,269.21053447125547
3016714,5.151418802287013
3016715,37.89491858910186
3016716,4.575074315200897
3016717,223.27629953686454
3016718,7.628340252511209
3016719,358.0376081841281
3016720,263.3778478846488
3016721,12.269397191789352
3016722,20.958073625273798
3016723,349.8097969322803
3016724,105.72706849646707
3016725,4297.858337970308
3016726,3.7521066848954034
3016727,5.053082275963732
3016728,5.481854895560618
3016729,0.39719705131523186
3016730,3.3210441077299753
3016731,1630.6204523945432
3016732,0.6377479097900829
3016733,350.198888017317
3016734,7.665746663930542
3016735,741.9503424702448
3016736,383.5717999788153
3016737,186.45611818196457
3016738,66.32657113158102
3016739,97.41430533929777
3016740,2323.9466211397103
3016741,11.998901845963154
3016742,0.717401016862483
3016743,27.242793809121526
3016744,20.061299067174318
3016745,0.35805568884401756
3016746,144.9440900639086
3016747,2.9093507381421824
3016748,6.205386536450666
3016749,4.9041851157951095
3016750,63.658269709053414
3016751,3.7919755765489254
3016752,191.11849824219337
3016753,176.4470295777994
3016754,3.1491552069685604
3016755,5.0362257017589585
3016756,132.62095305664107
3016757,49.03920439202635
3016758,1562.7208140601533
3016759,2.2600408207391536
3016760,1.836971049125837
3016761,4.590593330778668
3016762,0.3135580614459095
3016763,1.2887793064748707
3016764,2610.3899341055258
3016765,0.0
3016766,159.05570575009835
3016767,4.106462447733798
3016768,730.4329857156841
3016769,198.5144599538999
3016770,163.50156881226144
3016771,44.94831133509207
3016772,26.693967768713193
3016773,2632.9588817788235
3016774,6.362841035772228
3016775,0.4681221336533641
3016776,11.629889554762132
3016777,6.847347104894416
3016778,0.3390895069810176
3016779,158.21189808982345
3016780,0.5184372477403674
3016781,6.517231459830257
3016782,2.040378506365147
3016783,16.67472273468132
3016784,0.6119953551802975
3016785,58.385500065363615
3016786,138.75732684861865
3016787,0.3763077717986012
3016788,1.2615127559831607
3016789,46.33682651320892
3016790,67.65148521083898
3016791,486.55786770626366
3016792,4.832450100881527
3016793,0.9435762036810093
3016794,3.5326168749169993
3016795,0.4449905313609402
3016796,6.460309949569625
3016797,2499.43326600074
3016798,0.7190393955426194
3016799,418.2398772091046
3016800,12.67365850096907
3016801,906.5170208224275
3016802,751.9588496273159
3016803,246.37179076753782
3016804,124.95711782272237
3016805,99.33404803179756
3016806,3617.4546486900863
3016807,26.03809658560069
3016808,0.9600913975485926
3016809,24.406152198281504
3016810,44.38040963559463
3016811,0.48890301736129793
3016812,216.98407158397066
3016813,14.357709589784829
3016814,17.177457696562726
3016815,21.979651626611965
3016816,64.83618998659661
3016817,5.7400997731215675
3016818,349.36899669777176
3016819,254.4327628207656
3016820,5.774066108926691
3016821,10.924007051758933
3016822,368.059262376423
3016823,79.18354663461002
3016824,1844.8746174802159
3016825,4.604521693215719
3016826,22.20952963071954
3016827,3.5147779542047624
3016828,0.47225916321140526
3016829,5.5872675768774895
3016830,3348.8102113551768
3016831,0.7315861179301048
3016832,580.7353599915149
3016833,16.152031374917765
3016834,904.1521210844909
3016835,1105.8074921857801
3016836,154.69527353971077
3016837,227.2835326661303
3016838,177.4574685225154
3016839,3266.893101477307
3016840,38.25041111298782
3016841,1.545672308472302
3016842,30.77113185431114
3016843,29.418992565452157
3016844,0.6160952328645046
3016845,205.82102129125468
3016846,11.866351191297383
3016847,30.974084586810307
3016848,9.658131249415323
3016849,144.14345755602224
3016850,10.986013187683309
3016851,356.41335589901234
3016852,202.48464987312002
3016853,6.608888320690587
3016854,12.159095647293546
3016855,529.6358355507516
3016856,114.44823470865734
3016857,4339.682556231148
3016858,0.4723778678239305
3016859,32.512133024681056
3016860,3.4798068120273906
3016861,0.5444328910718069
3016862,7.192279133599658
3016863,3448.035828481147
3016864,0.8860538955687398
3016865,679.9088972348312
3016866,21.098631297836345
3016867,971.5455486753298
3016868,1122.7854280092856
3016869,216.6375433605901
3016870,226.31360536840222
3016871,113.97734480948313
3016872,3753.332911368294
3016873,29.14525926108097
3016874,1.3604056509764442
3016875,37.36409575235082
3016876,45.574049225006526
3016877,0.7445227538411975
3016878,259.97766145962373
3016879,19.115021090791604
3016880,29.18335472155426
3016881,20.85587726098558
3016882,136.67813848382258
3016883,17.823354533269047
3016884,332.0791568047925
3016885,250.49285973804163
3016886,14.968529003702136
3016887,14.256535775734807
3016888,407.992350331104
3016889,135.58532603664722
3016890,3558.07977156718
3016891,0.5042687406024644
3016892,24.14492126696583
3016893,8.680730829811058
3016894,0.3303575911643879
3016895,6.215875059538716
3016896,2456.9883304894092
3016897,0.762252452970707
3016898,363.79777643421653
3016899,11.760283958699839
3016900,1167.1290021559398
3016901,621.9017990483011
3016902,399.0125752971858
3016903,139.3925118718156
3016904,84.1109649693555
3016905,4929.748069814434
3016906,8.535749103811654
3016907,1.3373702140958774
3016908,41.5515454068659
3016909,33.65131240271245
3016910,0.36800808588710293
3016911,301.3795612685378
3016912,8.004339250227577
3016913,4.508699657247787
3016914,5.281442252722899
3016915,41.501513246011505
3016916,2.863576602746393
3016917,506.0951861491702
3016918,334.02476128999047
3016919,5.60509409843971
3016920,6.415116964566756
3016921,290.6638643636037
3016922,94.48396856137566
3016923,1102.0105931406129
3016924,141.41733088760319
3016925,9.183966443151908
3016926,4.355643059919376
3016927,0.4414409026377165
3016928,1.2940649777525188
3016929,1773.764461420435
3016930,0.7674928740658102
3016931,276.93967193692777
3016932,15.862074651853723
3016933,580.7732502718012
3016934,597.9510247383358
3016935,136.55376628497805
3016936,127.90698938040353
3016937,108.49647371390512
3016938,2182.137294379514
3016939,18.186030046977393
3016940,0.9689292768845763
3016941,22.968153549260254
3016942,23.037123970942858
3016943,0.5029857651421026
3016944,135.8497601927047
3016945,10.778197327788597
3016946,16.42807932278507
3016947,5.086972848389365
3016948,109.96863345290248
3016949,5.233385256069407
3016950,487.05073430589175
3016951,120.49126143531866
3016952,4.185183582464942
3016953,6.536646220321099
3016954,370.65091333179754
3016955,56.39901868091911
3016956,1839.8892930720835
3016957,2.7188375673498046
3016958,28.065775151683564
3016959,1.6720973684443492
3016960,0.35960116842673434
3016961,0.7750469899749906
3016962,1323.0241529319985
3016963,0.6047581407392348
3016964,72.07323697130447
3016965,3.616333570641648
3016966,603.9699688458785
3016967,224.7954969587545
3016968,276.15504545400614
3016969,26.509604248607285
3016970,28.36302321529096
3016971,2200.0590660800326
3016972,2.669633292117785
3016973,0.6651203866742026
3016974,7.421393991787877
3016975,5.224234897328006
3016976,0.3033344341229887
3016977,125.4074156249982
3016978,2.1199144487937547
3016979,7.537989204470895
3016980,1.3269655191578407
3016981,16.048074752212443
3016982,0.5245907583069453
3016983,144.51543675311362
3016984,146.7232718831946
3016985,1.0563249945802187
3016986,2.1155654974295537
3016987,141.00567980610975
3016988,17.075779905105456
3016989,200.20229480254937
3016990,11.136432587678783
3016991,1.101409154398559
3016992,6.5995638732943185
3016993,0.5252678473419102
3016994,6.054846245295728
3016995,4391.494795049611
3016996,0.6515895785451429
3016997,617.2902689502748
3016998,17.04524775930578
3016999,1570.345369708609
3017000,550.0164464702746
3017001,531.9509492909372
3017002,172.26814208425677
3017003,85.30074720751956
3017004,6274.9883657256105
3017005,22.414685703956515
3017006,0.505590186049653
3017007,26.48519152576618
3017008,18.68183121701202
3017009,0.3288170308468318
3017010,407.07405011328865
3017011,9.67045748585878
3017012,2.747551169128903
3017013,7.842650441809659
3017014,61.3593455497819
3017015,2.234494463952193
3017016,573.0407179353899
3017017,299.34524054062035
3017018,1.2657192715498
3017019,12.577118468933234
3017020,464.9849683196898
3017021,97.73446660301956
3017022,1329.5371093758563
3017023,26.40136308399955
3017024,5.692426830394309
3017025,4.470661843812757
3017026,0.3809204022988537
3017027,0.7184967857379627
3017028,1517.2254827146394
3017029,0.6337205248977619
3017030,143.79367803866973
3017031,12.32415038121861
3017032,727.4577980653978
3017033,334.5693738583333
3017034,229.71342581094405
3017035,52.967666516065194
3017036,45.769549505780844
3017037,2561.2864082963297
3017038,6.212859630973365
3017039,0.6531454167376618
3017040,11.347473855231003
3017041,15.147352812830743
3017042,0.2682185844154849
3017043,130.10125246353394
3017044,6.547041046071831
3017045,9.259624505848702
3017046,15.263642312468736
3017047,52.99341809569344
3017048,1.093324381734281
3017049,122.95625668163893
3017050,149.01287159841004
3017051,1.0407616931708765
3017052,3.781631799887524
3017053,159.0448210951894
3017054,30.101437661373705
3017055,289.32591950443054
3017056,4.049479229631771
3017057,2.130322381000985
3017058,4.752517249426592
3017059,0.33471798842898304
3017060,2.12981050255901
3017061,1520.1050487985644
3017062,0.6218421337000712
3017063,97.00095265620399
3017064,5.815492040216808
3017065,639.7871542498892
3017066,223.11911058304375
3017067,159.0212318356613
3017068,37.738181889389985
3017069,26.514596032101657
3017070,2565.7045965860916
3017071,8.832048411612172
3017072,0.4431487302586654
3017073,10.3727749572957
3017074,9.104116324127416
3017075,0.2524222635127068
3017076,123.49439210060173
3017077,2.301576142451361
3017078,6.025407562433563
3017079,2.357228987687976
3017080,49.65842100926081
3017081,0.49756513514522366
3017082,133.8442925354325
3017083,140.3201338658751
3017084,0.4922542405061966
3017085,4.941157708173646
3017086,96.1624513878035
3017087,18.734594042844513
3017088,160.53598543242006
3017089,3.852206731251169
3017090,1.5827185685775493
3017091,3.131905425915966
3017092,0.3419715090960578
3017093,2.5796534457791602
3017094,1393.2520936778092
3017095,0.6186081271659642
3017096,141.14240270939732
3017097,10.194985281565105
3017098,869.8499087479651
3017099,323.2820004896113
3017100,331.5063796914165
3017101,31.90775354136417
3017102,40.75186034641648
3017103,2753.6430116858514
3017104,6.095965807464969
3017105,0.42701100094312905
3017106,10.501884892341693
3017107,19.034943779689385
3017108,0.256971105436519
3017109,154.0336609589746
3017110,1.5660416160490545
3017111,7.565089673411387
3017112,2.9252194465697485
3017113,23.34671986535331
3017114,1.3863842174182932
3017115,201.80581207697483
3017116,228.53651703101343
3017117,0.9121563967115236
3017118,4.307781403392905
3017119,67.56378670411925
3017120,83.2610714018552
3017121,318.8632816831548
3017122,3.698041855441784
3017123,3.0424030448634807
3017124,2.426074916043256
3017125,0.6497595559059217
3017126,2.8427683813675237
3017127,1510.9011991396192
3017128,0.629461037055209
3017129,124.75125296144539
3017130,2.9521753172958354
3017131,745.5734622474098
3017132,277.0965318219479
3017133,297.86923299352975
3017134,76.75858544667057
3017135,60.345217893373956
3017136,2411.797326065544
3017137,5.8111173368440685
3017138,0.8449902095666594
3017139,15.690960662753813
3017140,13.373918272599278
3017141,0.26580303758003676
3017142,177.6398550207977
3017143,7.573729371417797
3017144,9.203919646752846
3017145,2.7471079158023795
3017146,33.889757283488294
3017147,0.9137766317101064
3017148,112.67636932861853
3017149,152.59612386296322
3017150,0.6422230740903832
3017151,4.387163378893814
3017152,118.45023930733831
3017153,40.58908854669207
3017154,484.80370173488
3017155,1.4870479607719185
3017156,3.145268824324107
3017157,3.3943617655841347
3017158,0.47114637080740407
3017159,0.679104471822231
3017160,1269.6605824060741
3017161,0.6063364570678902
3017162,103.66116327633878
3017163,6.218888634578723
3017164,664.6245758248427
3017165,185.39721662568326
3017166,144.46993471193042
3017167,87.22149403482192
3017168,35.15389347029777
3017169,1720.5236715753447
3017170,5.103790887943134
3017171,0.40235570303952506
3017172,12.541261861095535
3017173,9.625110218988915
3017174,0.2480268858535995
3017175,143.81100147816105
3017176,0.5406765449149934
3017177,7.318971242103063
3017178,3.003865116406458
3017179,44.30695411567521
3017180,0.9249178295119892
3017181,44.72244610990576
3017182,110.9530746328591
3017183,0.7645635524119097
3017184,1.6532555462843872
3017185,70.92543594274701
3017186,25.706104821790863
3017187,415.18578825526805
3017188,3.632973852469966
3017189,0.577627940315326
3017190,6.262222501709349
3017191,0.43456463674489537
3017192,3.442651178160603
3017193,2658.245658023251
3017194,0.6304274737116535
3017195,255.29087719207791
3017196,8.47819556263752
3017197,894.2141820116665
3017198,535.2159013038024
3017199,600.6027130097659
3017200,129.16451561811513
3017201,85.91216719491551
3017202,3723.7567408107925
3017203,11.228848374901535
3017204,0.5180585203981298
3017205,16.01663760067707
3017206,16.097429281230774
3017207,0.3132750168714227
3017208,219.48834049613765
3017209,1.190529344754031
3017210,9.406729261992465
3017211,7.293334839071668
3017212,58.43976881138298
3017213,2.9185191143963385
3017214,209.79454346853333
3017215,202.4990114489288
3017216,1.499607918546679
3017217,6.6495958546118645
3017218,331.10876149075057
3017219,51.01835594222347
3017220,1049.5556258351883
3017221,9.661532684223213
3017222,7.837550687499318
3017223,3.399948640789088
3017224,0.3319972595937782
3017225,3.0691225965481816
3017226,1665.9753750833906
3017227,0.0
3017228,436.2596617796763
3017229,8.74279264198556
3017230,469.5100574569741
3017231,442.6845876304943
3017232,180.46609706787228
3017233,108.20627740069467
3017234,47.382102657749456
3017235,2244.8829907292416
3017236,8.29955209146451
3017237,0.629633951569398
3017238,19.489820923301746
3017239,12.862242935944025
3017240,0.265553273037303
3017241,138.20007272384834
3017242,4.365346002825887
3017243,3.414404387287411
3017244,3.7001198511885662
3017245,82.98925578350234
3017246,1.4696197976173897
3017247,80.36679399370945
3017248,124.31447652159524
3017249,2.3912292069146748
3017250,4.542540033721268
3017251,180.37364408159476
3017252,50.296380464617215
3017253,1162.2405517572245
3017254,27.140907695041342
3017255,5.07564496496527
3017256,5.2447236763650205
3017257,0.6115687783613655
3017258,3.0599394074319877
3017259,2454.2888900879216
3017260,0.66358939052074
3017261,118.96015502102554
3017262,7.451102128084003
3017263,775.2256705103553
3017264,288.35978706913875
3017265,270.2839486914897
3017266,48.86789205171338
3017267,43.78504981182584
3017268,3018.8151969765577
3017269,10.418761503552403
3017270,0.9718850069561077
3017271,15.957216978486738
3017272,11.592936775539721
3017273,0.31446810700073674
3017274,161.40274320731464
3017275,4.591862855417791
3017276,10.222903918624297
3017277,4.585571890129879
3017278,51.04585976163669
3017279,2.2662306883739265
3017280,115.62842702667493
3017281,192.74968594590217
3017282,1.6644653455604175
3017283,4.914252730138555
3017284,125.95906265293969
3017285,18.40079532627526
3017286,390.13703939059155
3017287,4.6152267316284625
3017288,2.0506219939270736
3017289,5.315076800254755
3017290,0.459510040176666
3017291,5.23451852537628
3017292,2716.1810946470505
3017293,0.711032298476773
3017294,590.5255186951813
3017295,14.064090345181931
3017296,810.1173143867156
3017297,796.270819400723
3017298,237.38245377638418
3017299,158.54832569155934
3017300,121.82862892739061
3017301,3604.238153459006
3017302,29.98801486301648
3017303,1.571458670276923
3017304,21.706317665856425
3017305,24.77071670989952
3017306,0.4633301779962166
3017307,214.5829051180737
3017308,18.821235835083918
3017309,11.60612286906217
3017310,7.895643564220659
3017311,128.48662016714243
3017312,8.421474587659258
3017313,981.1291858140999
3017314,246.2028928751453
3017315,9.613978285286223
3017316,7.060485113961247
3017317,623.939423230763
3017318,100.82251890328263
3017319,2002.9309405391107
3017320,2.5086927136626906
3017321,31.403501641185912
3017322,5.390149883066445
3017323,0.41141553703529415
3017324,3.8860823071801174
3017325,3436.112757781949
3017326,0.6702464838442055
3017327,349.79513120638086
3017328,8.08405676847956
3017329,1240.0420808157844
3017330,576.3331912537623
3017331,849.0699242394752
3017332,70.03918754241865
3017333,83.41415046000938
3017334,5120.442183993506
3017335,11.149014187456682
3017336,0.7614300268709444
3017337,20.346404464299567
3017338,9.713607155704263
3017339,0.31972814106255565
3017340,275.0892417512717
3017341,2.093378760106842
3017342,4.477094267799593
3017343,3.2505855137146225
3017344,67.39767820931228
3017345,0.9688817017491667
3017346,270.11860970985265
3017347,286.799131292517
3017348,3.125307934318839
3017349,4.4195505835399285
3017350,491.6042417154063
3017351,62.99984237364341
3017352,743.3005765517387
3017353,56.30976897300173
3017354,7.7226620298001905
3017355,4.8513272021515625
3017356,0.46421050276771336
3017357,2.7362301550399586
3017358,2675.9351273272277
3017359,0.6959004048973985
3017360,318.3250392718577
3017361,6.291280998164799
3017362,1227.7663393417215
3017363,456.861235776601
3017364,304.8917222446707
3017365,141.98645335187862
3017366,85.54695170245867
3017367,3369.2320646655267
3017368,8.816509098747524
3017369,0.6283096563183973
3017370,33.30477696784916
3017371,25.07464552418077
3017372,0.3460500831753005
3017373,244.8474277814314
3017374,2.8684547764881176
3017375,3.1573140150013845
3017376,5.349808812418908
3017377,108.24236365396112
3017378,1.7947755897314992
3017379,84.47339761353722
3017380,217.46366269804548
3017381,2.6386363026405983
3017382,4.702270979844177
3017383,160.4006674977868
3017384,139.86641046883315
3017385,998.737968992453
3017386,2.58266684948036
3017387,2.8883780045981293
3017388,3.89224826977584
3017389,0.4054024148167109
3017390,1.333762128958877
3017391,1639.5723355586765
3017392,0.581752326019036
3017393,132.30957529192898
3017394,5.559291153933003
3017395,612.5944431831404
3017396,260.9313344458572
3017397,132.7385279298168
3017398,43.40406225084568
3017399,54.26390736735872
3017400,2312.157154496
3017401,6.898857305579864
3017402,0.620699868761988
3017403,23.36938028888507
3017404,17.113695170814843
3017405,0.3340212253442551
3017406,161.24621314330457
3017407,0.8865670210450107
3017408,10.577898544997511
3017409,3.9703265289430285
3017410,101.02638093544056
3017411,2.0630519773810847
3017412,68.63362004490652
3017413,125.43968809107498
3017414,0.6646969906729843
3017415,4.1566746968513115
3017416,202.83470861957878
3017417,28.966896895795603
3017418,452.58580919286766
3017419,14.38082196741332
3017420,1.2792290407047169
3017421,1.5357696269831527
3017422,0.3587997713312127
3017423,2.4775989475733664
3017424,1327.5138299834375
3017425,0.5776019318111928
3017426,259.59624698146627
3017427,11.67920743319128
3017428,501.78179684825216
3017429,481.8648084601122
3017430,144.982879974496
3017431,55.186302845239496
3017432,76.76358628689835
3017433,1964.0456274999713
3017434,28.088556405592655
3017435,0.5692777467902632
3017436,9.953386952152442
3017437,15.440869707397406
3017438,0.29173643628015355
3017439,111.67541962902202
3017440,7.390115908812651
3017441,2.406702878402775
3017442,6.055762958608109
3017443,77.62018314874565
3017444,4.414747259383868
3017445,569.8257124261878
3017446,135.83165008081625
3017447,3.0690748540982837
3017448,4.543237543656225
3017449,362.95633725147286
3017450,34.89951582626417
3017451,1168.92455260054
3017452,2.7138429882659203
3017453,10.5713222812137
3017454,3.037310999693381
3017455,0.37991146716156643
3017456,4.646415574703038
3017457,3300.6647850474837
3017458,0.7508993647310215
3017459,750.4883571850481
3017460,18.409635348566713
3017461,1055.1415266723468
3017462,1235.2999231167603
3017463,295.7393787635093
3017464,249.07494588559064
3017465,217.8994634291989
3017466,3940.9071236441328
3017467,29.939275175855787
3017468,0.9275791207427903
3017469,21.158952764282486
3017470,35.56747479468973
3017471,0.41327011634260724
3017472,234.21987944418748
3017473,9.27873827874895
3017474,36.130813130224254
3017475,10.73469757484401
3017476,130.9442556298329
3017477,11.202043097367472
3017478,667.1757140924849
3017479,249.73514823890238
3017480,14.701064548534863
3017481,10.651042016973797
3017482,730.723904435345
3017483,119.52113177533134
3017484,3334.2864472889814
3017485,3.592926948601547
3017486,35.027802610009715
3017487,1.605657649779877
3017488,0.2133085917010381
3017489,3.385503442912937
3017490,2216.8518466645187
3017491,0.46689557261326264
3017492,384.81888426581907
3017493,6.139563459836334
3017494,449.42710320453665
3017495,606.0952651822104
3017496,172.0157095948419
3017497,117.21817883957405
3017498,83.97806903000463
3017499,2192.2739269709855
3017500,11.80823860975122
3017501,0.4844546436527713
3017502,14.764103396434962
3017503,17.644047857170005
3017504,0.2010474104020753
3017505,100.3014179384801
3017506,0.4654867585060629
3017507,23.657391065370764
3017508,2.6188558036983647
3017509,175.76132114113068
3017510,4.282939113042599
3017511,320.71270112643333
3017512,103.21624021473671
3017513,2.8442853825900967
3017514,6.118249818075251
3017515,261.8367831943958
3017516,28.462929831592252
3017517,1569.3899306471867
3017518,0.47493046538203426
3017519,6.8179026979737785
3017520,2.7701841037020145
3017521,0.320533814640046
3017522,0.8529421869306808
3017523,697.3441219261604
3017524,0.5184843368890764
3017525,191.93967735875816
3017526,4.317102950214377
3017527,317.67808158043306
3017528,211.96570441519066
3017529,91.9083256532742
3017530,36.28916529132429
3017531,31.95044172819926
3017532,1447.5802182899147
3017533,5.11898665199293
3017534,0.5668328763036423
3017535,9.90366318109541
3017536,9.165251559889931
3017537,0.2834604591262595
3017538,62.964922945342515
3017539,0.41161839702535646
3017540,6.284966533434919
3017541,2.3974434242776725
3017542,37.17388582143286
3017543,0.4000016036686541
3017544,426.22319959406286
3017545,108.92902400921392
3017546,2.195013026867525
3017547,1.2521892239985164
3017548,199.11767474892721
3017549,14.644776964307585
3017550,495.28234766130134
3017551,0.7346241633055162
3017552,1.4042258214182677
3017553,3.7370989736918347
3017554,0.38161935986413703
3017555,2.8278515940322664
3017556,2735.6184283349503
3017557,0.6043831389345001
3017558,512.6309285411827
3017559,17.177793544249518
3017560,744.2766470541712
3017561,847.1048536970072
3017562,295.28014201318337
3017563,219.01667047413963
3017564,159.2772686156416
3017565,3298.5565237536425
3017566,19.025336610101398
3017567,1.4718387895500116
3017568,22.680631749728544
3017569,28.443640123299353
3017570,0.3166003573810255
3017571,182.81528898406674
3017572,2.635661493746742
3017573,34.62467268125004
3017574,7.389429824533313
3017575,206.94079384900806
3017576,3.3064182908256354
3017577,392.1054699188999
3017578,183.46785723305658
3017579,8.725912349221339
3017580,7.212244996745017
3017581,457.1733939553097
3017582,64.91805022208447
3017583,2310.97433922629
3017584,1.2726418859023583
3017585,25.516908279623006
3017586,4.8601608997401575
3017587,0.37184281600857116
3017588,1.4163442786222293
3017589,3033.073576814838
3017590,0.5930302854825436
3017591,469.57675901678357
3017592,11.919593140453228
3017593,1100.533648010547
3017594,654.6784646728285
3017595,429.47360896619443
3017596,162.82392356411967
3017597,73.56891847811117
3017598,3944.972743741414
3017599,8.574575176222249
3017600,0.5460301967313853
3017601,22.819019273226335
3017602,23.022220788859638
3017603,0.4742211657188882
3017604,210.37378746886557
3017605,0.5289529613455333
3017606,5.970914666550522
3017607,5.000438222708864
3017608,82.97962465403369
3017609,0.9200641638535342
3017610,182.97135713184284
3017611,247.87330990976645
3017612,4.905416959558112
3017613,3.6538126482795046
3017614,233.93411828041678
3017615,73.35035048043406
3017616,1107.2157597677387
3017617,2.0549342968657047
3017618,1.6919276199096798
3017619,3.6610870345090314
3017620,0.3690077342565497
3017621,3.1569557492554408
3017622,2648.8529692454485
3017623,0.5897380926452259
3017624,499.2880627266047
3017625,14.000739534933984
3017626,860.9589820986511
3017627,537.8243239547352
3017628,266.3091286712295
3017629,126.95312933037486
3017630,65.79828109415709
3017631,3306.263057396845
3017632,7.811414002171764
3017633,0.8181136658875381
3017634,22.94267038450953
3017635,19.24107124971644
3017636,0.3045822348326139
3017637,190.09470338271177
3017638,0.5257931921723988
3017639,4.56534463005198
3017640,2.8073676766949434
3017641,117.66940641303731
3017642,1.226041566762881
3017643,97.93482377155948
3017644,172.27952244807824
3017645,3.244305056446184
3017646,4.13409959588513
3017647,224.4253447430951
3017648,54.068500850380644
3017649,793.5073518210872
3017650,1.2361603592301407
3017651,3.9335182624966443
3017652,9.027290209298075
3017653,1.1658543081357717
3017654,10.628842505457989
3017655,7469.9967492935075
3017656,2.452426759178726
3017657,1181.538949543991
3017658,52.2353345406864
3017659,1853.169237788687
3017660,1921.0079270634017
3017661,406.52209446354686
3017662,506.39395049888276
3017663,389.65624172181464
3017664,7587.649498273147
3017665,68.18426006124376
3017666,2.2854647998228934
3017667,51.02660293158324
3017668,57.49411244088179
3017669,1.7896201946121413
3017670,467.2561052294021
3017671,36.78305429507313
3017672,56.5660125167965
3017673,25.86397026675032
3017674,348.45111000134364
3017675,28.211585450866124
3017676,1252.778516797995
3017677,481.23575526201205
3017678,18.14215737050028
3017679,22.760337557367794
3017680,1449.8762053120872
3017681,247.24473293234118
3017682,6957.72728768066
3017683,0.9677123228795281
3017684,108.19846725377668
3017685,3.1877371998968083
3017686,0.4064856331273836
3017687,0.7876214155284298
3017688,1249.0145947157055
3017689,0.5900340287360772
3017690,122.75952538486912
3017691,3.0261387410036997
3017692,586.917851792322
3017693,211.82963465672609
3017694,138.18134024363545
3017695,117.38132664882441
3017696,47.79418359254417
3017697,1928.805125460669
3017698,4.730052152333265
3017699,0.6808951012816793
3017700,13.089245107317236
3017701,8.10337791294698
3017702,0.3163606999440858
3017703,113.66036714501473
3017704,0.569416096547193
3017705,9.306340383328962
3017706,3.109856297758826
3017707,71.84527902148841
3017708,0.9976796447910906
3017709,53.64816020312442
3017710,87.29178150227831
3017711,2.097292254356343
3017712,3.2723287023287773
3017713,130.0405072963595
3017714,18.67348168872494
3017715,423.5397592464153
3017716,3.266526116926268
3017717,3.0241781336428963
3017718,5.252042103239496
3017719,0.38904060229898507
3017720,2.5605460384255463
3017721,3058.304169302317
3017722,0.6137138902991177
3017723,466.5893351340724
3017724,10.162899906396905
3017725,1078.6995873515775
3017726,526.1076838109324
3017727,291.52068814479344
3017728,266.8725595375214
3017729,88.99543200336274
3017730,4002.230701977657
3017731,8.682910638063806
3017732,0.5724937170395582
3017733,23.156412843050347
3017734,17.87299793265757
3017735,0.33312062442352175
3017736,232.42021305895034
3017737,0.5897014670172291
3017738,4.679416058647764
3017739,7.52650891185822
3017740,27.740806237583143
3017741,1.39568099693041
3017742,339.2245147941072
3017743,207.77563626913516
3017744,3.9806443827826823
3017745,5.044461047671014
3017746,147.25896063154167
3017747,58.64806547384523
3017748,1015.3360538777828
3017749,1.022068158057079
3017750,2.480865248824538
3017751,1.326739900124854
3017752,0.1979899140340376
3017753,0.654698826930969
3017754,995.5716956232926
3017755,0.4690921680409058
3017756,90.51128211680019
3017757,3.5781882805037997
3017758,455.20988573963643
3017759,119.38855673331989
3017760,99.04235009538787
3017761,140.04810275069028
3017762,18.208028148373703
3017763,1587.9031083790771
3017764,2.1792763989971897
3017765,0.3905364322667503
3017766,9.620382688914754
3017767,2.576005657369153
3017768,0.18466772341128543
3017769,71.064767812085
3017770,0.3834419288426273
3017771,6.403165897021958
3017772,0.9162455539521106
3017773,54.06245725567932
3017774,0.33677558356797277
3017775,57.83217036464885
3017776,62.953420541785746
3017777,0.5143289858364495
3017778,1.22717330936172
3017779,70.05800983615659
3017780,10.156933841248325
3017781,161.1101784685388
3017782,3.51216355944757
3017783,0.6733728644285719
3017784,4.590946843417186
3017785,0.3102178575663457
3017786,2.7574149129816288
3017787,1624.0222871351207
3017788,0.5410033688123257
3017789,165.69819701300005
3017790,6.733594557126047
3017791,789.4416854622725
3017792,315.3408192407448
3017793,191.75397661785675
3017794,88.40812806747519
3017795,71.4891395018212
3017796,2537.5707230464113
3017797,1.9570756015148967
3017798,0.7776399980451733
3017799,21.380456710843557
3017800,13.45974925200299
3017801,0.2509008784352558
3017802,159.30899038639552
3017803,0.46078827831169566
3017804,8.775677262672161
3017805,10.331381700199135
3017806,53.72663353276523
3017807,0.8672288418957068
3017808,205.51394709682063
3017809,164.30786908873637
3017810,1.9329092106054062
3017811,2.8728220666916315
3017812,251.4913993062375
3017813,27.972136512103766
3017814,1014.9788142260509
3017815,3.812794204547772
3017816,0.5025138839602358
3017817,2.5429559858330024
3017818,0.44418053127561524
3017819,1.2816952326703672
3017820,2436.5977381071734
3017821,0.6364947476581049
3017822,661.9331266741472
3017823,9.689877885050356
3017824,889.1742926553372
3017825,563.4907472860157
3017826,265.3296484761485
3017827,133.18004034912212
3017828,77.25568491157324
3017829,3994.945505081616
3017830,4.702944541163221
3017831,3.0656562022844893
3017832,30.469327540353735
3017833,43.989842085338445
3017834,0.3665611671359392
3017835,208.08413622865515
3017836,1.817108493742409
3017837,7.269847500317205
3017838,3.975607978916799
3017839,53.84530663689655
3017840,2.04078499606387
3017841,172.23273857934677
3017842,233.63054347364798
3017843,3.2627710617570744
3017844,5.493638443709335
3017845,170.34030815036073
3017846,34.30098466209242
3017847,568.2705517188308
3017848,2.126574914693757
3017849,1.6044945018405978
3017850,3.6003779495074455
3017851,0.4019580833309754
3017852,0.384516686548353
3017853,1504.4741029675363
3017854,0.4583062641003366
3017855,89.10433690480113
3017856,4.329632340352474
3017857,450.003931600091
3017858,149.88120922850027
3017859,123.69168413352439
3017860,128.187802384354
3017861,52.85727697427454
3017862,1853.6060242129765
3017863,4.917013417693088
3017864,0.5586410116034793
3017865,9.462279777197303
3017866,5.704704221604752
3017867,0.228609845277184
3017868,97.3513458001424
3017869,0.4285234449819964
3017870,7.101109267263418
3017871,1.1138720277086558
3017872,41.962927781622795
3017873,1.0644169884595396
3017874,175.03323035748505
3017875,71.47369112249939
3017876,0.5616614573676111
3017877,0.8315860144195721
3017878,75.26234694919465
3017879,14.770468288241016
3017880,306.1177545432141
3017881,2.332651316573671
3017882,0.5630387139944392
3017883,4.027082763419275
3017884,0.3448711680391283
3017885,0.9537032728339012
3017886,3284.0266862021085
3017887,0.5789107449003519
3017888,469.92146112352094
3017889,10.34605218745214
3017890,861.8841544762868
3017891,517.2445418097643
3017892,249.69952721342236
3017893,115.36097189930665
3017894,113.7128405413511
3017895,3616.477259467542
3017896,7.649374375708591
3017897,0.600168878739371
3017898,16.684728063874864
3017899,10.251998452852268
3017900,0.29030827989876384
3017901,208.84183255166937
3017902,0.5046725122880228
3017903,37.75554637325259
3017904,3.879029482045223
3017905,64.46192552267976
3017906,1.0207750690079176
3017907,222.5169236410132
3017908,201.8647341163824
3017909,1.7375476417823923
3017910,4.168561238402398
3017911,130.60286171319984
3017912,45.53473345320951
3017913,1119.2766244446448
3017914,0.8898124305951294
3017915,1.0701631886905862
3017916,3.8210260325812295
3017917,0.40121746370284195
3017918,4.560410594220827
3017919,2421.9253106150672
3017920,0.7317021243481625
3017921,434.4616068602594
3017922,11.31651172084673
3017923,770.783943567613
3017924,794.3149829209968
3017925,155.2586301566522
3017926,125.70145653420981
3017927,126.03708091158506
3017928,3144.5330157975754
3017929,43.5913679569549
3017930,1.59510613576803
3017931,32.673614070141745
3017932,22.360685399211476
3017933,0.3430544926167759
3017934,190.18468382332355
3017935,16.31690192124353
3017936,23.109513840786867
3017937,2.3556323164825486
3017938,132.41120544338813
3017939,7.045392050769736
3017940,301.10225692672697
3017941,194.79857758402377
3017942,9.659324436808365
3017943,10.240856251473527
3017944,273.7369400612825
3017945,76.05585755796983
3017946,2227.0532629818717
3017947,3.271958176738476
3017948,15.99850067699703
3017949,5.870709533339494
3017950,0.4020596335521373
3017951,4.405843806739578
3017952,2018.8562764491849
3017953,0.6546315424337085
3017954,364.16160152101133
3017955,15.134962452527756
3017956,813.7930802498408
3017957,752.6756792293044
3017958,156.17705984791036
3017959,82.13091775934954
3017960,115.50044130968371
3017961,3145.484514671697
3017962,21.204771900102752
3017963,1.1040379054879044
3017964,35.05461283714647
3017965,32.28853874097699
3017966,0.3426540889221171
3017967,276.17505538157826
3017968,14.488345652284806
3017969,17.045759054196267
3017970,8.383915591150277
3017971,130.49998554808292
3017972,12.162168216757141
3017973,216.96501148258423
3017974,309.42740596324
3017975,6.510935367829458
3017976,7.9539353875050365
3017977,182.61839565642896
3017978,81.79092931707758
3017979,1831.6935981268634
3017980,1.4179185940898849
3017981,16.97995851795739
3017982,6.205755155692146
3017983,0.4109356218173298
3017984,4.255407793558252
3017985,2844.378516746982
3017986,0.6491768088594416
3017987,591.3679387409313
3017988,8.796392503350619
3017989,1234.1193675401441
3017990,548.2588734220802
3017991,173.79285925837644
3017992,205.65623491805863
3017993,56.28671175938767
3017994,4568.476620541216
3017995,24.414198713422792
3017996,1.110462993980884
3017997,21.081163058542444
3017998,17.93192243346856
3017999,0.35921929862188784
3018000,265.90699728472566
3018001,3.544201382393851
3018002,14.202516660528069
3018003,7.452081836098965
3018004,82.54346144432736
3018005,3.8648483915869742
3018006,153.42793395361363
3018007,246.23183757880784
3018008,5.084583654126263
3018009,10.040655489021141
3018010,306.8821663574494
3018011,57.976229171609354
3018012,1376.4177315553643
3018013,5.4657981608919854
3018014,8.48292509701169
3018015,3.241280474854767
3018016,0.4421106101930612
3018017,4.285411955184237
3018018,2174.6668977928316
3018019,0.9037252228226794
3018020,321.76383790473204
3018021,9.184316400315854
3018022,707.235176571017
3018023,674.491310235923
3018024,221.92764299934896
3018025,133.23868443565667
3018026,99.15509065416856
3018027,2945.8882758884824
3018028,20.92814589948867
3018029,1.2757244592661943
3018030,16.30816452883669
3018031,13.122311929693927
3018032,0.47737275046240635
3018033,184.384995061731
3018034,12.765376474316506
3018035,24.010976336195018
3018036,1.6356721906097973
3018037,134.77252666016
3018038,6.533414814166033
3018039,544.1180929410393
3018040,192.20326444837355
3018041,5.071745216691848
3018042,7.188077064270543
3018043,461.79039069602965
3018044,50.659639770819226
3018045,1869.2623022121063
3018046,2.2020364873356986
3018047,29.099288849921486
3018048,2.3249947592097033
3018049,0.39187064980359476
3018050,1.6554876498315774
3018051,4611.408720822075
3018052,0.638930907907218
3018053,320.1969431935564
3018054,9.026353297877634
3018055,1418.5281550261748
3018056,477.65374469716676
3018057,302.73867066743435
3018058,143.0194515710464
3018059,79.97130498716493
3018060,5382.996046086415
3018061,10.01991878719489
3018062,1.227759019621098
3018063,26.075240076720775
3018064,17.782754906994406
3018065,0.35571364624014473
3018066,297.4053564766111
3018067,0.6202743074140024
3018068,9.798497876335379
3018069,6.3644242099220145
3018070,48.93830548862137
3018071,2.0117391535033327
3018072,122.14407308393407
3018073,262.0398434864269
3018074,3.284612657312523
3018075,8.21421110776389
3018076,248.0549508661409
3018077,44.37631262021515
3018078,875.825960106846
3018079,5.6466281068585085
3018080,2.9637749877630126
3018081,5.421316885405364
3018082,0.4080239846145557
3018083,4.486304878675939
3018084,1966.6962846150423
3018085,0.685668351219556
3018086,437.40986175203955
3018087,13.385415223516016
3018088,959.7352202590403
3018089,658.9379157722327
3018090,235.6448410056747
3018091,127.26884089394309
3018092,180.23819990409885
3018093,3368.3259460859936
3018094,28.85347203991195
3018095,0.6352454681559521
3018096,19.456043467833254
3018097,28.66047225873351
3018098,0.5924659317520353
3018099,214.01142183853506
3018100,13.774313243639623
3018101,21.739199087553544
3018102,5.693623261873019
3018103,134.62540918646275
3018104,10.196202966807924
3018105,339.88174817202076
3018106,260.71272658473407
3018107,10.841613203390143
3018108,7.118662856610765
3018109,225.94766150708776
3018110,52.525513204756855
3018111,1835.181433020464
3018112,0.6508878694617672
3018113,7.50338609559133
3018114,2.9876065108614824
3018115,0.3945279884354709
3018116,2.5553565495125974
3018117,2217.653472080545
3018118,0.6440125082690117
3018119,407.2463394516675
3018120,11.508452390623525
3018121,614.3877971405889
3018122,794.2856758466518
3018123,184.55945385619054
3018124,138.49505151218625
3018125,126.43862185656042
3018126,2788.2825301525063
3018127,29.603009175681606
3018128,0.714073627399324
3018129,18.769581567294836
3018130,18.00753243997182
3018131,0.33165671798926133
3018132,162.28512574949372
3018133,10.591946781786419
3018134,37.08321995822838
3018135,8.942882338173446
3018136,94.86429537891983
3018137,9.595987319022989
3018138,278.108026113514
3018139,187.09540100944744
3018140,8.10305503723591
3018141,7.995867593584999
3018142,265.1112058632707
3018143,48.709539884877444
3018144,2027.894901753454
3018145,0.5327278923854858
3018146,16.02762739042607
3018147,4.6018916763628255
3018148,0.40667158307953183
3018149,2.6364984424573477
3018150,4598.3584947333
3018151,0.6016279702368861
3018152,484.64194774963437
3018153,17.097341062271624
3018154,1243.7964918391922
3018155,581.3755220704622
3018156,285.226593883076
3018157,145.5640637657256
3018158,66.7002574732341
3018159,4318.631596653204
3018160,7.004133723196332
3018161,0.46971231559168497
3018162,15.250273843506857
3018163,18.973744953087714
3018164,0.294918804602424
3018165,222.06951643611654
3018166,0.5641449538240506
3018167,9.165065595742789
3018168,1.2513108433889688
3018169,77.16717464343523
3018170,1.659460794167512
3018171,201.67313620213338
3018172,281.42340511831014
3018173,2.298179529053218
3018174,2.5205715283122565
3018175,321.04567580616794
3018176,117.60546569943332
3018177,1125.2482820336172
3018178,2.2826082580785636
3018179,0.7472742146441242
3018180,14.776032037772078
3018181,0.8341888164460218
3018182,16.392480250506257
3018183,8982.514919121155
3018184,1.6929048076360271
3018185,1584.4033571828159
3018186,33.23748190517633
3018187,2280.2735677491323
3018188,2371.782437227637
3018189,624.7309406758322
3018190,649.5886520767359
3018191,465.619999706534
3018192,9178.937598230093
3018193,75.78568433145287
3018194,3.2406519455588554
3018195,109.08447359157105
3018196,105.2406575091452
3018197,1.332721353095692
3018198,600.5917538779152
3018199,37.423331195594145
3018200,26.43120443260601
3018201,40.40718965486812
3018202,498.99839381607455
3018203,24.839591317474785
3018204,1474.8941406267393
3018205,547.8184861488498
3018206,37.23975004005443
3018207,36.153716079331886
3018208,1578.2116540793759
3018209,280.0393717327234
3018210,8182.7389451491845
3018211,464.3219415683916
3018212,128.1110590930915
3018213,12.889423709280287
3018214,0.6947090279876467
3018215,11.46016659552135
3018216,8840.870422174465
3018217,1.0367036409505759
3018218,1253.4323605672917
3018219,35.78498103051289
3018220,2379.69151396806
3018221,2151.189425879957
3018222,839.8197167688284
3018223,394.16090620273985
3018224,403.38351375499246
3018225,9723.412727465527
3018226,121.69546320979092
3018227,0.9814984384270202
3018228,80.08691377841083
3018229,78.15438654741362
3018230,0.7404447971507899
3018231,604.4300478523539
3018232,26.65185957600896
3018233,47.916716291258695
3018234,16.408338713597697
3018235,354.81859767365256
3018236,18.92084177767567
3018237,1826.3363554750404
3018238,692.2523815378077
3018239,24.231237876308086
3018240,29.12988401574903
3018241,1674.0078105626728
3018242,273.59934687092095
3018243,6078.8928720844315
3018244,585.7540699964595
3018245,108.94913024426577
3018246,10.095678841311765
3018247,0.6485277147237972
3018248,14.839027084861309
3018249,5411.527005321757
3018250,0.8785362940187968
3018251,862.976250179631
3018252,23.809523451941892
3018253,2118.571630267288
3018254,1436.4955192378297
3018255,892.1647124472805
3018256,147.12177919322838
3018257,282.0801737433692
3018258,8784.84559348078
3018259,45.968053869109596
3018260,1.3237834509942552
3018261,43.011608368352526
3018262,30.0061908610395
3018263,0.6846959406829809
3018264,575.2666172503722
3018265,25.302201654069044
3018266,24.589310282506293
3018267,11.205393799948315
3018268,179.4609813137834
3018269,9.694937380587355
3018270,1727.2607224748224
3018271,658.1312915240738
3018272,20.401124825829076
3018273,44.47344247177334
3018274,1028.0657624370479
3018275,154.80666878708416
3018276,2558.932188361368
3018277,400.1103364135755
3018278,48.20245364897997
3018279,11.810342670309534
3018280,0.6444297813756731
3018281,17.506871797696625
3018282,8799.63393862419
3018283,1.362118924593064
3018284,1164.1668051635365
3018285,27.58034129332512
3018286,2200.8859998086837
3018287,1984.532901022295
3018288,802.1624540880185
3018289,362.98265027993364
3018290,277.23553152080194
3018291,9113.949392302946
3018292,62.717326498036286
3018293,1.7032694212829664
3018294,55.41891854464384
3018295,75.63020672604898
3018296,1.0442043585517762
3018297,582.3515751966181
3018298,28.400163682521956
3018299,40.40964338587018
3018300,20.51699029021782
3018301,330.8556251803355
3018302,18.072297931476502
3018303,1501.076938587993
3018304,668.1844908404694
3018305,21.144835279830453
3018306,24.70768715071851
3018307,1473.0614450898083
3018308,219.8557405772928
3018309,5194.161907818865
3018310,585.7210845762953
3018311,85.5314981142619
3018312,10.12753975665215
3018313,0.6059107411296889
3018314,14.438443702971954
3018315,4227.918946975045
3018316,0.8256730835336038
3018317,764.3188845971438
3018318,19.851971992678713
3018319,1851.9207487020024
3018320,1159.8461153588312
3018321,711.7016868175705
3018322,109.24503444148728
3018323,188.92161910270573
3018324,7771.4296140017905
3018325,45.44443815311389
3018326,0.5972968289825444
3018327,34.47104632641428
3018328,32.40665040935188
3018329,0.621782943407285
3018330,503.05644104483025
3018331,27.154363366863937
3018332,11.5659572060813
3018333,14.063400343656904
3018334,175.18426147138985
3018335,4.503980917542784
3018336,1473.2176413052885
3018337,661.9444388232013
3018338,17.135422594890333
3018339,22.898926560201353
3018340,1076.9174816031446
3018341,91.40223222641352
3018342,1746.950605544221
3018343,624.1361094456333
3018344,31.281022180896215
3018345,11.411446068500162
3018346,0.6522323721804043
3018347,9.805701692036322
3018348,6744.199721121641
3018349,1.370544292060912
3018350,1255.54658686659
3018351,31.872850526655185
3018352,1689.553244240283
3018353,2117.064916868468
3018354,510.31526129029305
3018355,490.1226558559769
3018356,397.5238024900424
3018357,7687.738566471096
3018358,77.07937450854182
3018359,0.9170330862911416
3018360,56.358535409258025
3018361,53.69817900138681
3018362,0.9277180055937855
3018363,433.25986574998234
3018364,23.394558790887807
3018365,38.51792961435443
3018366,14.494311004627328
3018367,381.0897698137437
3018368,17.11419856836504
3018369,1376.5646405279113
3018370,462.96337587846864
3018371,19.18253487193807
3018372,28.439235035593438
3018373,1377.2601509375586
3018374,238.26794170790114
3018375,6693.910725769348
3018376,304.6858574186145
3018377,106.31742622980948
3018378,4.942420751928808
3018379,0.48756946081227637
3018380,3.1402988570738684
3018381,1690.752184378928
3018382,0.7863804636076346
3018383,309.02104333604893
3018384,26.336793826382113
3018385,815.1198757151687
3018386,483.2852619658654
3018387,238.74108972718278
3018388,88.72904078060238
3018389,110.76013547710795
3018390,2736.7019167832227
3018391,24.746675578846236
3018392,1.2309961524833428
3018393,27.933287526595187
3018394,25.510366555501548
3018395,0.4778425982790492
3018396,181.03942186491506
3018397,7.285467867161614
3018398,8.936535648760714
3018399,8.027226157214317
3018400,91.11109063338674
3018401,6.127356348391099
3018402,314.3692520165369
3018403,191.95565713516692
3018404,4.226620907151875
3018405,6.506153792098291
3018406,292.9448617322868
3018407,55.032552446842516
3018408,1493.7049479102252
3018409,0.7202186633193017
3018410,11.781274906579915
3018411,9.255264640917293
3018412,0.5935792826964592
3018413,10.260990536279948
3018414,4177.752791149531
3018415,0.8923240847319547
3018416,604.7982670097945
3018417,33.50934983720876
3018418,1628.6865573162813
3018419,1064.8125248543854
3018420,537.3633194038802
3018421,109.0113487746003
3018422,170.91898191845664
3018423,6353.197563254713
3018424,82.3299004520548
3018425,0.8758412881680753
3018426,50.549585628257915
3018427,40.79396955774309
3018428,0.6442367920397076
3018429,387.6696185585471
3018430,22.767089901547358
3018431,7.817012539158167
3018432,4.003226729098163
3018433,186.37390036151032
3018434,7.5869035578107695
3018435,858.4343884486198
3018436,468.104892029259
3018437,9.500582770502039
3018438,18.134183711708292
3018439,550.3941543067681
3018440,85.27683502583005
3018441,2013.5676907031423
3018442,435.8955200516508
3018443,21.573051745205827
3018444,6.756488989810834
3018445,0.5931090905624979
3018446,3.851243312811331
3018447,4427.3171375902475
3018448,0.8281654666710137
3018449,833.3452943690561
3018450,13.092730085421502
3018451,1381.1041222792742
3018452,1628.5378664408008
3018453,333.7008606751208
3018454,386.00638704084986
3018455,336.6484121971419
3018456,4980.475776136657
3018457,35.02886839812837
3018458,0.9138738755901223
3018459,29.67364134372807
3018460,35.84082748234107
3018461,0.7735320103102756
3018462,311.79162587849135
3018463,1.6621977031897246
3018464,47.28731164531705
3018465,6.0880767308037855
3018466,229.20253169441563
3018467,9.312448260010697
3018468,1115.0596101487154
3018469,266.1056764130124
3018470,22.606350156843142
3018471,8.380471445357045
3018472,1327.3920321705136
3018473,127.76004939097265
3018474,5153.4479253146765
3018475,2.860048547295409
3018476,57.4938129916767
3018477,7.395616386851506
3018478,0.0
3018479,5.433511626303488
3018480,4478.603990111024
3018481,0.0
3018482,911.0575440303577
3018483,13.038278627665608
3018484,1685.3177917564258
3018485,1243.0741494696422
3018486,432.16501458784035
3018487,240.82216849075954
3018488,478.6618512143748
3018489,6218.397598938825
3018490,43.9513325600628
3018491,1.866165403366053
3018492,58.7899211755245
3018493,41.39538264305932
3018494,0.5924445964462908
3018495,364.757244147779
3018496,4.406752055980143
3018497,51.58418363760642
3018498,6.016558154977932
3018499,349.62812949667557
3018500,10.457430893219872
3018501,793.2078519416482
3018502,345.68262221884174
3018503,16.904361713407553
3018504,24.936001429577775
3018505,655.7997643909484
3018506,144.56326237987176
3018507,5128.125757981913
3018508,2.6407240004183468
3018509,10.849908716286903
3018510,5.558473680922526
3018511,0.41041667837687396
3018512,3.204392519636036
3018513,2070.1444142853243
3018514,0.63770421069892
3018515,456.0609060548406
3018516,7.873430366242408
3018517,921.0410689094837
3018518,489.09326890153113
3018519,248.24013587751617
3018520,92.25833159213053
3018521,158.3022853681202
3018522,3023.903127335852
3018523,13.906492250832951
3018524,0.7122175572061051
3018525,25.444541822727935
3018526,20.291904228067377
3018527,0.4093524077051912
3018528,178.27509146962694
3018529,4.056176979548454
3018530,9.633451311780174
3018531,4.086929250857958
3018532,128.8722000410943
3018533,2.8133659038998022
3018534,467.4212433894146
3018535,192.62022650848076
3018536,4.812463340648437
3018537,4.489012568513748
3018538,242.36792024962972
3018539,54.541725659581644
3018540,1963.7322429369322
3018541,1.564328547980139
3018542,5.460044199637413
3018543,4.9470510812436155
3018544,0.30864475844514966
3018545,0.7808105252733544
3018546,3064.673534561164
3018547,0.0
3018548,152.01237757958853
3018549,4.837586778437867
3018550,782.951475401262
3018551,207.64680010443922
3018552,206.26006764435616
3018553,65.30737848754644
3018554,26.676081125783345
3018555,2782.502837361813
3018556,5.255097758716074
3018557,0.4452684279022218
3018558,13.409436496737339
3018559,7.081381668994679
3018560,0.2746800756386502
3018561,168.06246919851273
3018562,0.5148766343230611
3018563,7.546058158637601
3018564,2.2943371629122287
3018565,27.396336572014008
3018566,0.5602981954262412
3018567,45.857220501650566
3018568,153.06547373797724
3018569,0.5443547140605416
3018570,2.1737384873496524
3018571,61.29944194995407
3018572,58.57927988359973
3018573,528.867689329662
3018574,2.1251639213988724
3018575,0.6020556039084395
3018576,4.004449345384571
3018577,0.4577472460474743
3018578,5.230443370784583
3018579,3009.3724819204463
3018580,0.7250316214446563
3018581,491.86501324302867
3018582,15.2196939988208
3018583,1098.6293001144734
3018584,913.6526361919405
3018585,368.99414303410504
3018586,170.91631381031854
3018587,154.73776639711446
3018588,4281.102966835969
3018589,26.95545825373074
3018590,0.7569963074826633
3018591,25.312090001841558
3018592,51.23141396416548
3018593,0.49958298651425115
3018594,246.4985635702585
3018595,17.50476082242279
3018596,18.173608866347116
3018597,15.62597905668774
3018598,135.08886825670535
3018599,8.606713049278142
3018600,654.7146519134445
3018601,265.58815460311615
3018602,8.004195397648607
3018603,13.36274218710484
3018604,676.6041779097483
3018605,103.61666160307492
3018606,2096.3792442306767
3018607,2.4866247327504523
3018608,50.22527548136253
3018609,3.779989577309786
3018610,0.6465767583012101
3018611,4.892815322916288
3018612,3637.401293600568
3018613,0.7383358392720633
3018614,607.7315754179534
3018615,20.284360210629167
3018616,917.4476925818864
3018617,1217.436169644668
3018618,191.60442081439444
3018619,263.00334156468426
3018620,250.67705982283726
3018621,3508.8510540470143
3018622,37.47103364637165
3018623,1.778142019801547
3018624,30.292486364099094
3018625,22.63508484493421
3018626,0.7175503890386851
3018627,210.31562492441398
3018628,13.117213488016143
3018629,42.154183085762575
3018630,8.992198396653766
3018631,247.7870296142073
3018632,14.510592997638087
3018633,670.8402554800449
3018634,206.7811881904771
3018635,5.401277066599994
3018636,13.28914152185558
3018637,779.5951181179545
3018638,140.3138889718861
3018639,4356.552150316521
3018640,0.5653823815949681
3018641,50.19043835164231
3018642,3.7988873031230876
3018643,0.5050423610918835
3018644,8.773245516586167
3018645,4126.776870405049
3018646,0.8082029356514326
3018647,740.763128560091
3018648,24.981201679257946
3018649,1049.3303985995576
3018650,1315.7229499706593
3018651,311.0892446703681
3018652,318.9333935095338
3018653,175.23879166475518
3018654,4341.442532046853
3018655,40.44540115896103
3018656,1.7025438747807204
3018657,47.21670611920784
3018658,40.119106868217486
3018659,0.8179572166773372
3018660,313.15613091991975
3018661,23.847417169655273
3018662,34.24028461603305
3018663,21.56201041506528
3018664,206.4399254337265
3018665,16.713030423077385
3018666,685.710554683811
3018667,304.487712132437
3018668,14.932088719318282
3018669,16.5702294211383
3018670,814.7268895983608
3018671,132.8037193238062
3018672,3879.64944865628
3018673,0.6516557705078007
3018674,55.4053482117745
3018675,8.255570573252578
3018676,0.3740046556365235
3018677,6.180640431466851
3018678,2752.5744978685093
3018679,0.7524689586224982
3018680,390.6592845095467
3018681,13.428326075340156
3018682,1406.5612670625183
3018683,648.5985703655823
3018684,603.2909276395537
3018685,115.27714532822115
3018686,94.16503087416373
3018687,5467.129778136564
3018688,9.262279073783795
3018689,1.1755864249997323
3018690,47.33556916654737
3018691,33.52491133130587
3018692,0.37401505118975775
3018693,327.7061753218839
3018694,8.69232205401688
3018695,3.8909041113718548
3018696,5.338394516685363
3018697,67.39867536313845
3018698,3.0863042446373266
3018699,304.3256695808206
3018700,348.16954214480745
3018701,5.792480289029666
3018702,6.418981779766121
3018703,488.36221460935457
3018704,95.2287248881101
3018705,1260.4579850971136
3018706,153.37337740284696
3018707,11.292782553285543
3018708,3.6448859299180567
3018709,0.46174538180846947
3018710,3.65823005111271
3018711,1874.7272635691645
3018712,0.635672495852505
3018713,265.88304712381273
3018714,9.306727389227134
3018715,487.35922426085006
3018716,581.2005468619504
3018717,120.45078627267114
3018718,125.44177077859582
3018719,112.61165377587892
3018720,2074.2136769384315
3018721,15.029804681212811
3018722,1.126602476827441
3018723,20.57604844204237
3018724,23.64676566585575
3018725,0.6361103775508482
3018726,145.78141355113723
3018727,10.264810400906287
3018728,11.427872163854959
3018729,5.685614699360848
3018730,113.61114715258596
3018731,6.112751780029624
3018732,271.5487671497515
3018733,162.75960980980295
3018734,4.644949722395806
3018735,6.007964368386945
3018736,233.14793056412995
3018737,53.92868588134946
3018738,1862.3783156648956
3018739,0.6554216439667343
3018740,23.299302846304208
3018741,2.1764988916558887
3018742,0.44987461765804965
3018743,1.2564105522541362
3018744,1464.1934622818706
3018745,0.620056140643645
3018746,106.2116684808943
3018747,5.723576639957882
3018748,778.0422785288281
3018749,270.3229087256469
3018750,263.6107810612616
3018751,27.937266454931056
3018752,42.984263206273425
3018753,2917.0245156298715
3018754,4.562265565178657
3018755,0.5152641299172851
3018756,9.931092874619313
3018757,8.91785077548043
3018758,0.339925481394432
3018759,179.57683870437916
3018760,5.97432482086659
3018761,8.039668373304771
3018762,1.1768310180338197
3018763,26.726472447440827
3018764,0.8410672249602039
3018765,158.80908140822228
3018766,182.01764970285276
3018767,1.050086663970592
3018768,5.2208310192200305
3018769,141.80216576369017
3018770,31.21848904051746
3018771,226.2030199025508
3018772,12.580309284028049
3018773,2.3504804006283186
3018774,9.84503864372758
3018775,0.5536539978278916
3018776,6.470027179236189
3018777,4711.443339579853
3018778,0.6314835526199465
3018779,578.8297379243219
3018780,19.916507927570066
3018781,1713.414715419653
3018782,571.8324099786656
3018783,454.24089438078585
3018784,168.42760526587577
3018785,120.67646955558426
3018786,7208.231920851168
3018787,26.04324572503112
3018788,1.040639358751953
3018789,36.00827889411224
3018790,22.855359826141786
3018791,0.3781713965498602
3018792,424.2950600700188
3018793,13.234245880768862
3018794,3.093998208122492
3018795,9.766077679082295
3018796,77.22903982117624
3018797,2.841145651982134
3018798,526.4645835308553
3018799,351.0270644391567
3018800,1.9924167857107469
3018801,19.050119214177535
3018802,386.0810961978899
3018803,100.39975389921133
3018804,1279.2110518495556
3018805,35.187158837913785
3018806,11.764734794256903
3018807,6.1474083830500135
3018808,0.43354735105349657
3018809,0.6013869105508312
3018810,1758.197802376828
3018811,0.6156101489559886
3018812,158.60480959942976
3018813,12.01279140369119
3018814,794.4857789565518
3018815,368.61262828447525
3018816,210.37575392147676
3018817,56.19162125887249
3018818,56.29117746076611
3018819,2915.428236606457
3018820,9.400441797301959
3018821,0.5951843430156774
3018822,18.861192098407418
3018823,19.965496831415948
3018824,0.3781748048424144
3018825,163.10524473777247
3018826,7.748272126913423
3018827,9.792108541986991
3018828,13.29407234242305
3018829,75.00204165830311
3018830,1.364165554410171
3018831,131.9139544342509
3018832,176.69988640179358
3018833,1.6528580634860055
3018834,6.6781847259213345
3018835,139.26652751439389
3018836,30.93854853500144
3018837,350.55052495807774
3018838,7.306603989882572
3018839,5.388857245393263
3018840,6.416095155752208
3018841,0.42555611878538285
3018842,4.871140895432156
3018843,1906.850659532586
3018844,0.6008859817797894
3018845,127.14051226063725
3018846,8.42725948523614
3018847,845.7712354522696
3018848,325.92061204604704
3018849,190.28692562414807
3018850,39.575950161002105
3018851,50.01257551633962
3018852,3205.314253983529
3018853,10.6982648915934
3018854,0.4731829852512547
3018855,20.402843084650296
3018856,12.59348393537212
3018857,0.32578151256800947
3018858,193.62911557822508
3018859,4.247239480723794
3018860,6.1751853276281
3018861,2.124417583429727
3018862,73.43121145739339
3018863,0.55168312640906
3018864,177.72507843465706
3018865,219.61615366722447
3018866,1.08831934437248
3018867,4.423432764875541
3018868,139.5155872258254
3018869,19.982425773193626
3018870,217.811410715075
3018871,8.779497830890964
3018872,4.410898134638363
3018873,6.628270186704491
3018874,0.4258238947359901
3018875,2.7850033319329754
3018876,1665.0821916476775
3018877,0.5977567698926831
3018878,160.9352414241981
3018879,15.134193610667264
3018880,1270.8226667971462
3018881,444.0708993927783
3018882,272.5668808716959
3018883,39.94458277511695
3018884,71.56286076673567
3018885,3550.624341766793
3018886,9.196047687157336
3018887,0.7452300966296095
3018888,16.939376480845382
3018889,29.311720543278167
3018890,0.3296845720907432
3018891,273.5295409033503
3018892,3.2928884396099427
3018893,7.688232168161851
3018894,2.9798427698425844
3018895,31.536724533348025
3018896,1.5353284859056793
3018897,354.7320139208822
3018898,313.3347252279601
3018899,1.517813525163426
3018900,5.610960016689743
3018901,161.127397194958
3018902,101.94463049055065
3018903,432.38701535095004
3018904,7.548084148981003
3018905,8.172580605357446
3018906,4.056258953491007
3018907,0.7249061183715586
3018908,2.975842246876316
3018909,1585.6845924109846
3018910,0.6084740760580476
3018911,137.6946979494344
3018912,4.1986364941975305
3018913,865.5788900827813
3018914,297.4172823537941
3018915,241.62585907112685
3018916,81.42073310921852
3018917,82.2528275618836
3018918,2719.081852446876
3018919,7.160556287371397
3018920,0.6896918792961143
3018921,16.416681782737598
3018922,17.98068228258823
3018923,0.3374440729790825
3018924,206.81977775069356
3018925,8.741685929772292
3018926,9.244833608725038
3018927,4.354993181642939
3018928,42.581904118414684
3018929,1.3820189421778721
3018930,103.16653068912868
3018931,177.26156842758598
3018932,1.3751229636648095
3018933,4.81729209184077
3018934,100.34774096602801
3018935,38.47608207216215
3018936,516.540174075618
3018937,4.764011331471577
3018938,3.990322198255036
3018939,5.694223133705343
3018940,0.5735016023460916
3018941,1.0986679702532327
3018942,1369.562872716164
3018943,0.6033394233373485
3018944,128.45817335728987
3018945,7.960217011169476
3018946,739.0365422239697
3018947,243.97108572038906
3018948,138.29627561863842
3018949,117.9239656289446
3018950,72.73109133349043
3018951,1968.349856851993
3018952,4.498823881731612
3018953,0.5057594016639917
3018954,18.621247292432496
3018955,11.779424171141354
3018956,0.33521506109651056
3018957,165.8990473116626
3018958,0.7553855478809706
3018959,8.146414156403102
3018960,3.3607682728958226
3018961,62.388670073929276
3018962,1.246240905611141
3018963,45.29084412971669
3018964,148.58338258152185
3018965,1.243846178339642
3018966,2.7168585365808156
3018967,60.775140044963024
3018968,27.463525854189772
3018969,443.79765308961294
3018970,2.087427891252037
3018971,0.3389397571726352
3018972,8.361703851717623
3018973,0.6377824766533039
3018974,4.805243261174997
3018975,3237.4751857254387
3018976,0.6453748533189388
3018977,317.84683299877383
3018978,10.566299249179723
3018979,1209.949230586507
3018980,655.6715394971628
3018981,560.4336675745698
3018982,152.64004197532304
3018983,180.17233240017484
3018984,4593.028220963894
3018985,19.69525397148782
3018986,1.1745944879722856
3018987,26.4770401622953
3018988,23.87207799086714
3018989,0.53560102778045
3018990,295.8287394455093
3018991,2.154340021592377
3018992,10.731840824333965
3018993,14.453494833876974
3018994,97.35197705230479
3018995,4.044821655146477
3018996,196.51736142945134
3018997,300.9956272296155
3018998,2.7376869737077643
3018999,9.33083487096877
3019000,395.50615889402434
3019001,68.42623427222092
3019002,1224.8715165880749
3019003,19.047137598480184
3019004,12.676891106556612
3019005,5.01458286621447
3019006,0.47113727434114905
3019007,5.932738729365936
3019008,2341.7187556758277
3019009,0.0010887967559550615
3019010,532.5797323426972
3019011,9.412378585111325
3019012,709.8432941669884
3019013,598.0903003076343
3019014,216.60286358028955
3019015,162.38912983862588
3019016,92.18833134967304
3019017,3038.8822708279713
3019018,11.240509336544367
3019019,0.5286206538093267
3019020,31.16935376034455
3019021,24.756438486553666
3019022,0.3780094737361212
3019023,203.02125166088882
3019024,9.136859635475593
3019025,3.5794670442258694
3019026,3.97984524343476
3019027,85.41994726352482
3019028,2.532969571299641
3019029,107.12507115266396
3019030,183.11563422138073
3019031,3.5083024587415057
3019032,7.791081223932621
3019033,204.67545076125776
3019034,59.1326133657965
3019035,1477.208037827875
3019036,41.420243369345414
3019037,18.263960762423807
3019038,6.76074035727346
3019039,0.5127515124333192
3019040,5.88745265905197
3019041,3501.6320990298937
3019042,0.6450830816082169
3019043,221.1123867864499
3019044,8.767509474087422
3019045,1295.2328555520194
3019046,455.1475584147437
3019047,377.91310651342474
3019048,64.04979191152663
3019049,66.42319404594218
3019050,4382.578231710351
3019051,19.579898313252535
3019052,1.8672266835818887
3019053,22.89059582971136
3019054,15.56990584172684
3019055,0.49783333339518615
3019056,261.32450286335546
3019057,9.49789143164352
3019058,13.078941204738737
3019059,3.5391672291781116
3019060,69.32345354700675
3019061,2.757085307016738
3019062,202.7640900325013
3019063,289.2841421414297
3019064,1.4580287437281294
3019065,7.834908952915911
3019066,296.4613136027058
3019067,30.911673251848487
3019068,570.04715236934
3019069,8.776649201337436
3019070,4.7248053148784015
3019071,7.231832401404721
3019072,0.5590004144783665
3019073,7.742230986836064
3019074,3171.979455193183
3019075,0.6931353248859087
3019076,673.9212466055657
3019077,16.779143402523758
3019078,839.656986715333
3019079,848.8072163122517
3019080,267.197355846763
3019081,179.46493886033954
3019082,145.39924181979038
3019083,4046.9220045909033
3019084,41.51216514991532
3019085,1.478236334335206
3019086,25.85187066696567
3019087,25.36896341570269
3019088,0.5381254764318104
3019089,254.98887691024177
3019090,28.561323183809485
3019091,22.861886122696895
3019092,8.083356497251804
3019093,163.93385026613038
3019094,10.354649973975993
3019095,444.4081993192676
3019096,257.75656853215025
3019097,10.052909701611545
3019098,9.341823603936797
3019099,448.5849591667756
3019100,123.84035322494864
3019101,2305.13732629677
3019102,1.0032075011273995
3019103,34.876392020478335
3019104,10.120716599461453
3019105,0.6763849643011766
3019106,6.892754804961018
3019107,5014.776565937033
3019108,0.6929786075736161
3019109,469.62614763423437
3019110,13.223648507599211
3019111,1530.3749374914273
3019112,801.3846973948956
3019113,797.7049416767728
3019114,106.08363704843148
3019115,147.8305442948812
3019116,6186.967832854312
3019117,17.60109804924556
3019118,1.0822644621674284
3019119,23.344923647618387
3019120,16.677443301697064
3019121,0.44556592417917756
3019122,384.75258565239926
3019123,4.194327839801195
3019124,6.203162370012525
3019125,6.704340975573398
3019126,94.70239113481081
3019127,1.5985091082444143
3019128,339.7115515447105
3019129,420.205672626168
3019130,6.3022402180004615
3019131,6.724647386695461
3019132,357.9244647985312
3019133,86.43623709233327
3019134,1113.0603944174418
3019135,58.19921565613594
3019136,18.808866329624987
3019137,11.640170909423116
3019138,0.6689892439645357
3019139,6.96917899632837
3019140,3187.9822556280137
3019141,0.7842960626663809
3019142,413.7743225793718
3019143,10.260308210499506
3019144,1471.803788079521
3019145,600.5320493452512
3019146,336.58371524473966
3019147,235.6980031298559
3019148,162.68597572272648
3019149,4454.962141702396
3019150,9.420247297263453
3019151,0.7098169276312716
3019152,46.97389235742956
3019153,38.959105297790465
3019154,0.5066334018231033
3019155,318.40123997261253
3019156,6.00880713260278
3019157,5.517973828085588
3019158,8.402672957785791
3019159,144.12218813361136
3019160,1.851056879778344
3019161,120.81469604503907
3019162,274.61200937318694
3019163,4.685794307295709
3019164,7.153105972464544
3019165,191.5507995734364
3019166,150.1655885181242
3019167,1287.7904517851737
3019168,2.0436346347080967
3019169,8.143298624054252
3019170,5.163869539934896
3019171,0.45851057967061165
3019172,2.7778661910994438
3019173,1979.1440081721842
3019174,0.638934186431874
3019175,130.44942549357023
3019176,10.877663598573497
3019177,701.4621555954329
3019178,323.3050788478264
3019179,164.649265655759
3019180,50.74597319878717
3019181,105.42214427761017
3019182,2835.7458536847444
3019183,9.544472519117125
3019184,0.8632167525003027
3019185,31.284660554574916
3019186,21.81471655425897
3019187,0.4137870871559982
3019188,185.57072900780213
3019189,1.4256187881211675
3019190,13.465353419350492
3019191,5.6138565923516754
3019192,157.08345351969456
3019193,3.210427388449143
3019194,92.41988745542483
3019195,152.93060106378002
3019196,1.4748327836335269
3019197,5.550927401335425
3019198,148.15902685865038
3019199,31.62487124712124
3019200,415.9539285133205
3019201,25.722928828385882
3019202,1.4637711808134448
3019203,1.6853872518683701
3019204,0.4573669779572268
3019205,1.6311648686119113
3019206,1581.3094830612395
3019207,0.6376491166011485
3019208,224.35193249835092
3019209,16.246412364031634
3019210,492.6661251962687
3019211,457.75831767196183
3019212,137.29765547335856
3019213,50.53982512536449
3019214,80.23302013287149
3019215,2119.642802834721
3019216,21.737013440360197
3019217,0.9038479638404581
3019218,13.661612260582245
3019219,16.454754295034938
3019220,0.6056920503833537
3019221,125.64762336133347
3019222,12.879484637768915
3019223,3.825559604141356
3019224,4.641131493698426
3019225,101.8226950475526
3019226,5.2811588395868245
3019227,282.8821934688757
3019228,145.48484641213236
3019229,2.8270623329906592
3019230,4.778659325689626
3019231,233.01607852171566
3019232,32.35292217290691
3019233,1033.520965479876
3019234,1.344820918853415
3019235,6.875055252605237
3019236,3.6962033149766507
3019237,0.44741952648014643
3019238,5.540294622550553
3019239,3945.6746439959893
3019240,0.7450926069993009
3019241,817.9761633370231
3019242,19.082003136196324
3019243,1218.069501756227
3019244,1337.9717802407317
3019245,318.507652595102
3019246,231.15180518911438
3019247,209.76837649774458
3019248,4287.630463813808
3019249,33.23519902949276
3019250,0.7612080516878124
3019251,28.606631939663508
3019252,40.2237678998619
3019253,0.399310863100902
3019254,242.07447914021068
3019255,13.397701861138936
3019256,39.41863035568508
3019257,9.711043492299144
3019258,142.6375936888097
3019259,12.6034295596035
3019260,436.4153648354626
3019261,280.0257988057326
3019262,16.71746235832193
3019263,12.647395072569779
3019264,548.9985710173747
3019265,124.7522861972421
3019266,3555.3188841920346
3019267,2.1676131141480037
3019268,27.779602766164704
3019269,2.4520398525063007
3019270,0.4053451349175851
3019271,2.062244149351903
3019272,2983.841180769616
3019273,0.5854982166274594
3019274,444.89727538867214
3019275,10.289904837792374
3019276,568.5901715377153
3019277,769.5975058888433
3019278,182.9868914927424
3019279,143.47567896677882
3019280,186.36423903405938
3019281,2517.466484778785
3019282,20.7314766354787
3019283,1.1368156187484164
3019284,19.722257414748185
3019285,17.667283246609628
3019286,0.4006100905002666
3019287,128.88165827019688
3019288,0.7546609656447405
3019289,29.493664071920957
3019290,4.270157896230069
3019291,395.9728709322185
3019292,7.812592950935689
3019293,245.19932864764183
3019294,133.6212006130146
3019295,3.8535235023927745
3019296,5.929384911942527
3019297,198.22837546664147
3019298,40.60374517790579
3019299,1767.215305158169
3019300,0.8453585029328381
3019301,5.421218866572258
3019302,4.4718918675586865
3019303,0.44332872890023206
3019304,0.6358335300809627
3019305,891.7832202921762
3019306,0.6020333973591159
3019307,221.05428250545032
3019308,6.524454359506307
3019309,322.4217400538965
3019310,258.39995424085026
3019311,96.60532874903684
3019312,39.36715966408025
3019313,40.677810122523795
3019314,1494.2150286693636
3019315,6.818843613017728
3019316,0.611180199297285
3019317,13.516941733190876
3019318,10.323994841364119
3019319,0.47926574580057485
3019320,85.70311991389063
3019321,0.6651719558213934
3019322,6.325777136539039
3019323,2.8382246403693103
3019324,53.51772513240495
3019325,0.9071392519586571
3019326,287.2611538384272
3019327,128.34234500063306
3019328,3.8049366320018674
3019329,2.3660015938103447
3019330,177.83919597746348
3019331,22.432453530805983
3019332,504.5068569993316
3019333,0.5755696469992215
3019334,2.0915717971519205
3019335,8.509733139336749
3019336,0.5950983857704177
3019337,2.9278844764444614
3019338,3411.1463156008076
3019339,0.733122839995794
3019340,618.4534984569192
3019341,25.575342505711788
3019342,859.7799432025338
3019343,1049.3817257987673
3019344,320.9159123606703
3019345,249.86808320935063
3019346,257.93013740394395
3019347,4050.9223819735757
3019348,25.428886625834558
3019349,2.2578222989199928
3019350,25.327307667246686
3019351,36.80945937918096
3019352,0.49807787140601223
3019353,220.93223770012472
3019354,10.603738005357117
3019355,49.2839770218436
3019356,9.304627469166192
3019357,376.3232214503307
3019358,4.5264172352053835
3019359,325.93093247434706
3019360,246.09439327954965
3019361,11.544738057416794
3019362,10.876364368333807
3019363,411.2578384237083
3019364,88.5048957142699
3019365,2750.419762481774
3019366,1.5085914349246377
3019367,18.561609004647366
3019368,6.252076274461727
3019369,0.5461966240665052
3019370,2.948094519213607
3019371,4012.020197655299
3019372,0.7349899868099566
3019373,673.2053093936937
3019374,24.02723998980465
3019375,1562.637081158352
3019376,875.8246035646607
3019377,408.01884082697285
3019378,230.263910156505
3019379,127.31999639217794
3019380,5663.991206649806
3019381,14.396320005705425
3019382,1.2570585917297474
3019383,38.38622517796092
3019384,26.397875045413066
3019385,0.49863732871365973
3019386,309.42948996060204
3019387,0.7945998959695802
3019388,8.32662977489806
3019389,5.158214118628322
3019390,126.66596748122146
3019391,2.0053787970665766
3019392,207.7986630269237
3019393,318.94673886758187
3019394,6.632602164490265
3019395,5.521489670144893
3019396,264.7184637462511
3019397,79.81187828903748
3019398,1612.1279538681522
3019399,2.555353771306816
3019400,6.7749727150135755
3019401,8.194809507611398
3019402,0.6176458125247619
3019403,2.7476944214793364
3019404,3194.8905020983293
3019405,0.6954625874010595
3019406,659.3791464132594
3019407,20.917492251022285
3019408,1105.6427912842232
3019409,727.3987339074795
3019410,264.483036136521
3019411,195.3283009165725
3019412,170.41173967192051
3019413,4253.43172479787
3019414,15.468249016457335
3019415,1.3997935725200557
3019416,31.723247937463697
3019417,24.979054985628757
3019418,0.46449463238025585
3019419,256.063604472593
3019420,0.7537144341476484
3019421,6.228934970979111
3019422,7.010932384012473
3019423,211.34454686290906
3019424,1.3427938539333826
3019425,108.9434117610539
3019426,253.57099767569144
3019427,5.106524422206258
3019428,6.684515980225559
3019429,204.9237362654104
3019430,77.95381516711527
3019431,1177.6445600793543
3019432,2.843908710641755
3019433,7.958458032404809
3019434,10.530397429874423
3019435,1.3646660259370327
3019436,15.318105621802323
3019437,9134.372473347052
3019438,3.2286013233854955
3019439,1276.0649858520153
3019440,55.36562483275934
3019441,1960.167996956782
3019442,2294.036843368314
3019443,411.10121872064997
3019444,525.6137614837768
3019445,419.7962186069883
3019446,9139.965405752164
3019447,79.2872403012319
3019448,2.79577104774428
3019449,56.062048644355365
3019450,61.49773743199692
3019451,2.146510990049419
3019452,602.2340430096149
3019453,55.80237122233767
3019454,73.0015421942386
3019455,28.7210504452892
3019456,347.90190663435044
3019457,30.26140974000694
3019458,834.3248553325939
3019459,641.2812033216017
3019460,26.19733105386266
3019461,28.94736831341467
3019462,1182.7828163781383
3019463,254.96964360829966
3019464,7836.838816069855
3019465,1.3958793813131845
3019466,86.97372151745081
3019467,3.555536538843489
3019468,0.4388284013804519
3019469,0.9314888799398321
3019470,1504.7876907345485
3019471,0.6131441885003794
3019472,167.45212395799368
3019473,3.6894487293853437
3019474,541.903175179857
3019475,267.74588457353667
3019476,133.5408678198414
3019477,128.84969987915804
3019478,81.47332971695735
3019479,2115.095499653771
3019480,3.700234221667596
3019481,0.7343403822649884
3019482,15.005519063927501
3019483,7.682125025179198
3019484,0.38761114902916327
3019485,173.46952274370886
3019486,0.7457980446898571
3019487,10.202159989057172
3019488,2.5705148596549847
3019489,69.44150075017484
3019490,1.3833767897337497
3019491,61.62433763225662
3019492,90.1779891048848
3019493,2.912616748628417
3019494,4.300328928288788
3019495,115.07549548844598
3019496,19.77612361155652
3019497,450.7192787025846
3019498,1.8372325243223235
3019499,4.627339085939192
3019500,9.855810047941482
3019501,0.45649735689567195
3019502,3.5609379403276513
3019503,3325.5200970490823
3019504,0.6230420173639479
3019505,541.4287852940728
3019506,14.241123666878542
3019507,1481.8889458104413
3019508,754.9365641804119
3019509,281.5464870714427
3019510,252.5605484450856
3019511,178.72719714559545
3019512,5102.140942368375
3019513,14.681455087270026
3019514,0.5517892085245372
3019515,31.131517189066923
3019516,24.325284527750966
3019517,0.3740886890218474
3019518,282.2412765489412
3019519,0.9100875744821201
3019520,5.512207963813959
3019521,9.480637942552328
3019522,37.38203683886997
3019523,2.2768603797913656
3019524,347.0503764978041
3019525,259.4752686934818
3019526,4.809352887588318
3019527,9.421235452732931
3019528,150.83817845128678
3019529,81.15151852589717
3019530,1278.6155640736224
3019531,1.4377673925020624
3019532,6.221248617735428
3019533,2.1537909496696983
3019534,0.3168198003115923
3019535,0.7906271823181257
3019536,1115.433680807668
3019537,0.5409640926496946
3019538,114.23441648407866
3019539,4.053742272468921
3019540,695.7601419830311
3019541,170.51938982952
3019542,91.77498954346802
3019543,132.36156566152843
3019544,27.290212957468196
3019545,1809.9848710871638
3019546,2.432584361415182
3019547,0.47970627493952034
3019548,8.797971473002683
3019549,5.245354104787646
3019550,0.29917969293180124
3019551,105.06803561351276
3019552,0.5833756761261915
3019553,6.036290307626631
3019554,1.1813391450719202
3019555,70.86153964400323
3019556,0.6467440638676045
3019557,69.05523641230909
3019558,93.33612058762097
3019559,0.6015481168265266
3019560,0.9221893836273266
3019561,68.90676712397017
3019562,14.285835316676005
3019563,238.10528232965564
3019564,2.1472334668882094
3019565,2.275585481310318
3019566,9.179438284401781
3019567,0.4171100966163181
3019568,2.777460356217957
3019569,2518.5594724975717
3019570,0.5889113160581079
3019571,210.4840081360027
3019572,11.751675400987063
3019573,977.4775357649546
3019574,455.4156023652737
3019575,189.67878690435577
3019576,145.69507460325252
3019577,150.4130134136163
3019578,3199.6021300102416
3019579,3.3234167083674255
3019580,0.5993692605208278
3019581,32.68718510542575
3019582,22.05758686347919
3019583,0.38342724483773644
3019584,310.3775672235661
3019585,0.6520395122313378
3019586,9.525603880983283
3019587,11.33063937274557
3019588,78.17907630089822
3019589,1.1342621330700338
3019590,277.43064596216084
3019591,224.26334478715364
3019592,1.8563952617006558
3019593,5.257318716040814
3019594,224.66027656218537
3019595,30.762875727510608
3019596,1205.995176851365
3019597,2.633872572142575
3019598,2.344568592859965
3019599,3.322506617372483
3019600,0.654498684957306
3019601,3.4632151228113877
3019602,2813.540986566031
3019603,0.611673319998519
3019604,681.3803957006495
3019605,10.950503180686777
3019606,965.3838666740619
3019607,585.6377459112325
3019608,220.94049497543682
3019609,109.40809473688086
3019610,81.78186536697721
3019611,4522.153843800715
3019612,6.409001895172131
3019613,2.1020160600069957
3019614,36.264223608739144
3019615,49.3468149431022
3019616,0.661390433589362
3019617,199.98339523870143
3019618,2.432145007105445
3019619,7.72143162706348
3019620,3.9173868286821327
3019621,67.3412730645911
3019622,2.530635202824839
3019623,141.3276944901659
3019624,301.3160024111945
3019625,2.701719406079751
3019626,6.338114614957586
3019627,140.40667131511717
3019628,40.91783318024947
3019629,599.2700438342033
3019630,2.839916864137739
3019631,3.9431342783325967
3019632,3.8362622262791772
3019633,0.3461090728957957
3019634,0.6791061392526356
3019635,1821.5812172980616
3019636,0.49837837711270994
3019637,91.89654991400678
3019638,5.111505074249881
3019639,537.1950069775785
3019640,215.54983815440144
3019641,111.32535376017957
3019642,187.14820982135518
3019643,100.20812721326973
3019644,2276.898310718782
3019645,5.0115549741134995
3019646,0.697440887750054
3019647,13.223044981475498
3019648,8.09773497907528
3019649,0.31138610763768665
3019650,112.40665638013965
3019651,0.5712518533603863
3019652,7.278133043902367
3019653,1.0311745333819877
3019654,94.6617442623255
3019655,0.7473349823416682
3019656,137.49403092332867
3019657,91.58097455010689
3019658,0.890513949950183
3019659,1.468708444383097
3019660,63.08154939526306
3019661,21.500248724751355
3019662,389.1902139327908
3019663,1.4699720716731228
3019664,0.37094964676927383
3019665,4.491054813165756
3019666,0.41745786909951504
3019667,2.640688271110312
3019668,3732.953538750386
3019669,0.5892911835735077
3019670,486.58232923165923
3019671,13.078167797677466
3019672,950.8289256350795
3019673,581.9390421945395
3019674,224.16680312635694
3019675,155.94018630659355
3019676,211.90005914964277
3019677,4076.4174112099477
3019678,8.003636246985677
3019679,0.5754247205776
3019680,28.57257769115278
3019681,14.033773158142541
3019682,0.5083127542887935
3019683,225.83616344544762
3019684,0.6335593674057101
3019685,33.71776637947833
3019686,2.8003626211905455
3019687,113.95635795696019
3019688,1.3029732812984571
3019689,205.33053080821747
3019690,226.80255834973053
3019691,1.983002650765032
3019692,4.778076661057916
3019693,116.92156709916415
3019694,47.96083673417934
3019695,1296.5531201341723
3019696,0.9733284772908342
3019697,3.567693832336158
3019698,3.842964825717428
3019699,0.4551100182880869
3019700,7.091240923035653
3019701,2695.4279834542726
3019702,0.6400485454868563
3019703,398.20757980098693
3019704,10.698590631969186
3019705,772.2396873104232
3019706,774.3346405543566
3019707,134.10558081156603
3019708,119.90036165594488
3019709,115.38876029612025
3019710,3134.782568448073
3019711,43.51036847428949
3019712,1.9725578644976351
3019713,29.0686388586049
3019714,26.894990926255087
3019715,0.4186615636141411
3019716,211.61112404110224
3019717,24.09173660328315
3019718,20.119561614885555
3019719,3.01661216298905
3019720,140.58934431386245
3019721,10.477431666651846
3019722,204.2162904340133
3019723,230.815899636572
3019724,9.338947625114562
3019725,11.217823158293864
3019726,237.30545679145536
3019727,58.59422641260486
3019728,2242.9537261219534
3019729,1.5953244991709266
3019730,11.531888940917687
3019731,7.919648127625076
3019732,0.46996062735823785
3019733,7.764652142900107
3019734,2730.614632660272
3019735,0.7960364776400397
3019736,489.227391602037
3019737,19.001846994850144
3019738,1091.2962822389736
3019739,859.6171774576278
3019740,168.32269230272595
3019741,101.57347554855274
3019742,133.9486333106924
3019743,4039.1220701040784
3019744,30.882509868347856
3019745,1.4846550067924356
3019746,41.124354957066686
3019747,40.28872072402453
3019748,0.43484788523577667
3019749,380.65944983750865
3019750,32.66868908548991
3019751,22.592952538109337
3019752,11.363158616397744
3019753,206.2196367696053
3019754,15.013994451700931
3019755,168.97520825801402
3019756,425.49110819119267
3019757,9.572873237524238
3019758,12.616573086928863
3019759,160.9756431941829
3019760,91.9568805566611
3019761,1950.8652913342362
3019762,2.279272006958749
3019763,18.51026389053517
3019764,10.098632431346495
3019765,0.6519434126960508
3019766,5.808759482997167
3019767,3367.8963324078836
3019768,0.6634273621903031
3019769,647.2473231423969
3019770,10.051176533117408
3019771,1411.823110089259
3019772,611.0982681050539
3019773,203.5951199448641
3019774,214.06863429506998
3019775,111.38680129860947
3019776,5086.132257308483
3019777,35.35687358776367
3019778,1.599542182212785
3019779,25.32916803932528
3019780,23.985689148357658
3019781,0.5619861386945108
3019782,304.28412100755577
3019783,7.4471416463052735
3019784,17.193649364480144
3019785,10.575033723602317
3019786,102.34186375182566
3019787,5.164289868790025
3019788,153.39285323908274
3019789,262.34225446106365
3019790,7.4568880621147375
3019791,12.370866298007591
3019792,258.37636982121467
3019793,65.51842949619007
3019794,1465.0866812387644
3019795,5.855710944499125
3019796,16.609811478299232
3019797,4.451081525057546
3019798,0.64658596081677
3019799,4.538070818021919
3019800,2729.7205590690046
3019801,0.7825374575346634
3019802,369.4391110883618
3019803,12.02001712461218
3019804,768.1847251940094
3019805,767.9839025815266
3019806,229.66923475637202
3019807,148.57018380587482
3019808,120.73880468526986
3019809,3376.956988869065
3019810,25.887517260631462
3019811,1.3199522889697342
3019812,19.367060631637194
3019813,15.267631233725385
3019814,0.5178349189828254
3019815,216.3573956462793
3019816,19.010543935491235
3019817,24.893447402434546
3019818,2.8255084328252136
3019819,164.1191051250089
3019820,7.925385755528406
3019821,376.55883293200355
3019822,240.56957476510763
3019823,8.94314433223342
3019824,10.047834437534684
3019825,393.77344443825086
3019826,60.15927212300872
3019827,2212.3151110831072
3019828,0.9990225688568855
3019829,25.770275793212072
3019830,4.547128438877156
3019831,0.44648537649510767
3019832,4.523770484399749
3019833,5370.310487741791
3019834,0.6279301826655455
3019835,406.0927323770128
3019836,11.400629375853743
3019837,2061.81729437903
3019838,626.0633762671018
3019839,289.63365960523214
3019840,179.89402971200346
3019841,121.93666377874108
3019842,7216.196877424931
3019843,12.568699783783412
3019844,1.3760500577144605
3019845,32.54948181066437
3019846,28.33315273339396
3019847,0.6123159162828131
3019848,396.47975914966224
3019849,0.741176361866694
3019850,5.775906497572615
3019851,8.232467619929308
3019852,83.64279049607475
3019853,1.9671639715925493
3019854,150.10768970669412
3019855,323.0807009978611
3019856,4.067047802469485
3019857,12.03967710692131
3019858,179.66794988305668
3019859,56.9174736510136
3019860,1087.3433846208197
3019861,4.591441631231012
3019862,5.137644903872243
3019863,6.335484276732715
3019864,0.46780024696035805
3019865,6.614591915529126
3019866,2547.984347319592
3019867,0.6501796221076489
3019868,542.2487917836236
3019869,15.831934467718945
3019870,1051.8513378287755
3019871,772.0680598661202
3019872,244.33159734008336
3019873,142.64664607938832
3019874,232.09126511879697
3019875,4170.424720058936
3019876,42.4939428754689
3019877,1.0933759962042882
3019878,31.761081094166055
3019879,41.36201025570446
3019880,0.5497688995143568
3019881,264.7744172689207
3019882,25.439083178253036
3019883,21.651922740222812
3019884,9.785444052696214
3019885,199.42784816322458
3019886,11.250680296972085
3019887,266.6199760391927
3019888,401.61824748483144
3019889,11.870324943112752
3019890,9.570016674404908
3019891,207.69011920560234
3019892,68.01250585894456
3019893,2060.1965950848185
3019894,0.746295828831591
3019895,5.725084447316021
3019896,4.002875600577865
3019897,0.47354539943506907
3019898,3.351435334628341
3019899,2547.874966131972
3019900,0.660356561147223
3019901,475.94588887617306
3019902,13.809971105522964
3019903,686.0766865845557
3019904,830.9063787147254
3019905,180.9069058093457
3019906,142.79852689935416
3019907,126.03745459220056
3019908,3040.3396579954215
3019909,31.230030790824237
3019910,0.9250717355739657
3019911,29.869704686953092
3019912,25.667378078715295
3019913,0.647149895886362
3019914,204.8238563162662
3019915,21.421751627429227
3019916,53.271884188048034
3019917,6.214368063381771
3019918,114.68190382921823
3019919,11.197548008893214
3019920,240.1607985565519
3019921,219.9826850746408
3019922,9.24712350513526
3019923,10.367736759342815
3019924,237.24957059861433
3019925,50.67757865320945
3019926,2079.2003224817145
3019927,0.5591803000619815
3019928,15.405188713188116
3019929,7.119368008404019
3019930,0.43310520287773174
3019931,3.3200850507103237
3019932,5155.856163134753
3019933,0.6100366622797018
3019934,550.7667357037673
3019935,18.1605023173111
3019936,1337.030116227598
3019937,649.546973330648
3019938,303.5662446115456
3019939,189.4919596000512
3019940,118.27911965611091
3019941,5065.814182122955
3019942,8.172137824993856
3019943,0.522445854588965
3019944,22.752671414158208
3019945,25.599571629115115
3019946,0.36205245514185413
3019947,249.3075421053854
3019948,0.7354199742750224
3019949,9.771516427464599
3019950,3.4549445428425205
3019951,157.4213007314195
3019952,1.8128757052973485
3019953,184.97377631121938
3019954,278.6537341530282
3019955,3.102282965269472
3019956,3.1068145953313744
3019957,226.50533210945048
3019958,106.3020719945734
3019959,1189.758726499103
3019960,2.4374023169010783
3019961,1.9201035276823215
3019962,19.81349776828663
3019963,1.022036243450509
3019964,23.760985380294404
3019965,10000.0
3019966,1.8868609433670667
3019967,1847.2497498171401
3019968,34.79072383187275
3019969,2749.007193665282
3019970,3047.4455342277397
3019971,660.3385584394401
3019972,700.0586230621941
3019973,533.463038125214
3019974,10000.0
3019975,87.54215176699225
3019976,4.307990368472685
3019977,125.88453662830582
3019978,136.30928489574248
3019979,1.5556066454590398
3019980,802.4020577202389
3019981,51.217031895195426
3019982,37.20887777793185
3019983,50.39752029187373
3019984,552.6531735436299
3019985,29.311214380290966
3019986,1046.3771751195004
3019987,751.5355824327125
3019988,54.565741941873426
3019989,43.675578728175026
3019990,1397.1686804826584
3019991,290.26663827509515
3019992,10000.0
3019993,905.0294395961708
3019994,108.02519789573877
3019995,17.484301322447877
3019996,0.8323957714182162
3019997,17.616526007523532
3019998,10000.0
3019999,1.6131868140592127
3020000,1430.3282650626734
3020001,40.31249668559295
3020002,2903.6886792201267
3020003,2655.1048101505717
3020004,872.8614052446296
3020005,431.64759408659944
3020006,444.9510303274987
3020007,10000.0
3020008,129.79707082807047
3020009,1.3250715829490511
3020010,96.94800724700647
3020011,112.02834060993086
3020012,1.3892390055633206
3020013,763.2083272052946
3020014,37.47093696446055
3020015,52.565263964948684
3020016,22.594580009893427
3020017,387.3464400924015
3020018,24.37201450207452
3020019,1383.7617441398043
3020020,877.1277168819495
3020021,37.055903264550224
3020022,36.39590519019437
3020023,1556.7307681294287
3020024,287.2137238967094
3020025,7230.793314004746
3020026,707.5823358108046
3020027,102.94803479930003
3020028,18.28129773306359
3020029,0.7853523938786451
3020030,23.60392226701228
3020031,6905.3267600916315
3020032,1.0356403052205456
3020033,1077.5712131935213
3020034,28.620905671589192
3020035,2738.3953059070127
3020036,1814.486843879423
3020037,1016.4529744751244
3020038,197.0562035792629
3020039,302.0569331452753
3020040,10000.0
3020041,61.67025090952802
3020042,2.4054788091761083
3020043,58.87967271109507
3020044,37.82392662535197
3020045,0.9205310150457839
3020046,777.5013433240173
3020047,50.327718860213025
3020048,37.557143814292644
3020049,17.461140975276663
3020050,238.34507444123662
3020051,13.755455339793755
3020052,1133.8948190212118
3020053,898.7121684710512
3020054,33.43901082265275
3020055,62.29352656784295
3020056,965.2496548563479
3020057,174.46736701907656
3020058,3252.2544512356926
3020059,724.9803370346851
3020060,60.54955859135434
3020061,17.08459361720694
3020062,0.77669087619262
3020063,24.1232673189279
3020064,10000.0
3020065,1.5534253606299742
3020066,1316.0481636252732
3020067,29.1536611902868
3020068,2687.9124774329616
3020069,2476.9968800259353
3020070,816.098167704713
3020071,400.7208802692938
3020072,317.33205905465957
3020073,10000.0
3020074,62.68922535207991
3020075,1.7937410179447908
3020076,75.7217439565313
3020077,90.05468543985069
3020078,1.9207682168592715
3020079,706.1501622340414
3020080,40.266637135062886
3020081,41.3909713231365
3020082,20.972453638106167
3020083,366.27509380436317
3020084,19.809870377243897
3020085,1026.2269018336856
3020086,859.6262722515305
3020087,36.8044291772914
3020088,36.430023714220326
3020089,1301.1820774607797
3020090,263.1583820992016
3020091,6196.766225325381
3020092,1004.5550572546481
3020093,83.22305050434801
3020094,19.145833360065932
3020095,0.7678862753786726
3020096,23.891846697896767
3020097,5774.270702652917
3020098,0.9477360514499371
3020099,978.5179495903745
3020100,26.90867641085282
3020101,2430.64304169731
3020102,1553.5694182097602
3020103,770.1212526584301
3020104,143.5283259533727
3020105,249.2866381069836
3020106,10000.0
3020107,64.32677333767019
3020108,0.7974273522251953
3020109,48.95868624439848
3020110,42.082580973062164
3020111,0.8890376138241098
3020112,691.969079954941
3020113,51.40203745976827
3020114,16.857127155144966
3020115,13.38307707901724
3020116,207.48252530311134
3020117,8.6439555238154
3020118,999.9741704547585
3020119,903.0042068187395
3020120,25.436193225204182
3020121,39.32576521388303
3020122,1008.6273218747091
3020123,118.00625224147866
3020124,2291.972492906211
3020125,874.7251836649473
3020126,28.493139616194256
3020127,11.411155999927365
3020128,0.7603141161200551
3020129,13.32747458190135
3020130,8287.29219711661
3020131,1.4259712487288025
3020132,1254.5876584944278
3020133,30.635060210818118
3020134,1912.6387936483025
3020135,2346.967985071656
3020136,491.1399304820233
3020137,465.3371393917981
3020138,382.92489079329397
3020139,8651.26562074147
3020140,75.13009587776212
3020141,1.7899056688962005
3020142,54.03937212377747
3020143,63.450547169123034
3020144,1.1853430917878771
3020145,523.419943625695
3020146,25.76315453906639
3020147,34.07473582963427
3020148,18.507444189683884
3020149,402.58520376318535
3020150,20.56592331409626
3020151,881.120776233208
3020152,607.970678348797
3020153,26.259607281226486
3020154,41.462330956812366
3020155,1055.9730262591825
3020156,226.16795884947777
3020157,7928.622301677358
3020158,452.00892590104195
3020159,78.17745781646451
3020160,4.682929827404715
3020161,0.849277800721314
3020162,5.133592751710843
3020163,1682.389435743782
3020164,0.6827566443058714
3020165,298.9486156163987
3020166,26.359511200703786
3020167,856.2780894414985
3020168,497.3923325486538
3020169,211.64595824141895
3020170,82.58417302320798
3020171,142.51880022943
3020172,2965.9432907966943
3020173,26.003021462566558
3020174,1.9489090845196033
3020175,31.172790894340327
3020176,24.171486604731157
3020177,0.6481634122886035
3020178,192.78153058353303
3020179,13.630740691316813
3020180,10.090164171366752
3020181,8.96466597269048
3020182,116.15310885147099
3020183,7.70348960535859
3020184,239.2673768148958
3020185,205.95008501468817
3020186,3.8793852225929437
3020187,7.31297186475599
3020188,235.0877015239253
3020189,54.76353366843986
3020190,1513.0902933462644
3020191,1.0612991735018025
3020192,7.716086919652347
3020193,12.860838191802781
3020194,0.7085796837520395
3020195,17.736878748316315
3020196,5151.633966470941
3020197,0.8816388476870651
3020198,626.4759470707324
3020199,41.57865245217604
3020200,1950.9022932906264
3020201,1262.5273628252287
3020202,566.7224329297494
3020203,134.33887852444403
3020204,196.05514472632836
3020205,7813.037146465486
3020206,79.22210083109273
3020207,1.7546897719880632
3020208,75.33654573042173
3020209,48.74304681760074
3020210,0.9859444882434023
3020211,496.456490960165
3020212,31.653768135103363
3020213,11.826857865618653
3020214,5.674778283815209
3020215,202.29701767300298
3020216,12.532488810698977
3020217,618.2280075178342
3020218,649.7216406489283
3020219,17.900252899332642
3020220,32.76428985563767
3020221,447.877289149333
3020222,95.27957850315023
3020223,2352.1862757736394
3020224,562.3885210188381
3020225,22.297375029576123
3020226,8.677887733823573
3020227,0.7076492617503571
3020228,5.24073455153062
3020229,5090.803318298083
3020230,0.8806141848049316
3020231,877.5761402659323
3020232,14.69377392085022
3020233,1498.21713926638
3020234,1693.2630433271652
3020235,269.1320714584649
3020236,330.351179738192
3020237,364.4743238974293
3020238,5481.856783741281
3020239,45.53154803046337
3020240,1.4193532941950686
3020241,60.17551807976554
3020242,44.5038749627404
3020243,0.7738689136384482
3020244,338.0713880132506
3020245,3.168242507538039
3020246,52.19638763050314
3020247,6.924702700830998
3020248,287.9140532392438
3020249,12.55789129535121
3020250,685.6324018050103
3020251,346.6739112426005
3020252,25.57308033663307
3020253,12.242226710886712
3020254,820.73692257225
3020255,123.84743753246592
3020256,5546.37786783151
3020257,3.3601639526849016
3020258,45.721890631648975
3020259,11.985515271957901
3020260,0.0
3020261,10.084860200651109
3020262,5263.30000604023
3020263,0.0
3020264,992.4037136476019
3020265,15.873243501867867
3020266,1757.719697426182
3020267,1341.9489364027033
3020268,431.52211510630553
3020269,229.37820459871523
3020270,490.87582406147277
3020271,7580.548637367092
3020272,46.16275383850024
3020273,3.486754397334171
3020274,55.66991871682946
3020275,46.242563202791274
3020276,0.7965632444558235
3020277,435.73937463632296
3020278,10.874387771064946
3020279,71.78409056475603
3020280,7.495992929166304
3020281,405.9432570362103
3020282,11.859915163445336
3020283,537.4227429663911
3020284,432.49988026687095
3020285,19.941040049906846
3020286,32.819938335160884
3020287,555.1139010861131
3020288,122.46092498632831
3020289,5286.907446428342
3020290,2.977673069006225
3020291,8.516309524974242
3020292,10.180672336662683
3020293,0.5045951068185722
3020294,5.239912887759591
3020295,2459.299826901782
3020296,0.6721963723864313
3020297,538.6138567923772
3020298,10.304857034547055
3020299,1089.9273625665508
3020300,595.2914609918722
3020301,252.53942847659175
3020302,105.4401180161376
3020303,231.2455000650258
3020304,3901.5673483703645
3020305,18.605991013272302
3020306,1.2205283638845281
3020307,40.30778984315212
3020308,30.380623100196427
3020309,0.4404284585251958
3020310,231.02453075117654
3020311,7.00168263685063
3020312,16.854720607990423
3020313,7.038323823795226
3020314,224.26441144771837
3020315,2.687730379315454
3020316,361.49031237912845
3020317,280.33670248985874
3020318,6.048395114069066
3020319,7.376590428574908
3020320,219.40561898006897
3020321,73.56271139989488
3020322,2328.8493677146007
3020323,0.7123574095677181
3020324,3.9210804119909612
3020325,7.759320145132882
3020326,0.40426546519609385
3020327,0.9256476257506663
3020328,2873.4575744615795
3020329,0.0
3020330,194.42446708066737
3020331,6.075960483232691
3020332,1057.6219314662906
3020333,234.3575771887859
3020334,224.83670489921357
3020335,70.76268226980831
3020336,51.48153801514521
3020337,3820.5512815867405
3020338,5.928502444094751
3020339,0.5797548020932256
3020340,28.207625584472325
3020341,10.067823104762288
3020342,0.37440856083320473
3020343,239.76981705726502
3020344,0.7239464261614613
3020345,7.1634196281664915
3020346,4.921033580283365
3020347,36.6105058667892
3020348,1.0960084574955455
3020349,53.982042569698955
3020350,186.93421034974642
3020351,0.4908270383139364
3020352,3.228623041290864
3020353,73.08696838518385
3020354,73.59151962411272
3020355,646.2416700874066
3020356,1.4190304201723136
3020357,1.820274091151204
3020358,6.783091598491357
3020359,0.5560708003246364
3020360,7.458971341013165
3020361,3536.1002523763623
3020362,0.7002858820688529
3020363,587.7588942627865
3020364,17.691690216282495
3020365,1197.3891744912094
3020366,1021.6563685477363
3020367,379.0121221125878
3020368,191.4605112201475
3020369,187.90904421301957
3020370,4977.573737323224
3020371,41.92007343680683
3020372,1.4411210893477666
3020373,34.75241310944377
3020374,49.43644840374662
3020375,0.5652436966373435
3020376,322.0786832783641
3020377,26.097748995031885
3020378,21.305865678982578
3020379,19.653859949447387
3020380,194.52396645294908
3020381,8.247700011817084
3020382,508.5616406689835
3020383,339.7542775269532
3020384,11.275948253799305
3020385,16.211337767846004
3020386,585.0215193105877
3020387,117.55093816923974
3020388,2616.0975037999533
3020389,1.0081065492946868
3020390,37.875548073281244
3020391,4.758802139122533
3020392,0.47921329734560136
3020393,4.458971934751771
3020394,3608.883808450292
3020395,0.6775712352583151
3020396,570.5888761906815
3020397,21.06755262987527
3020398,799.7438846668526
3020399,1142.8341965104241
3020400,158.6562752020985
3020401,229.8937371692643
3020402,230.61503714813492
3020403,3363.775487379696
3020404,38.40810038568012
3020405,2.3151324724432483
3020406,41.79509727255396
3020407,25.48186312918092
3020408,0.6914967678962288
3020409,197.97274347455073
3020410,16.38929849408022
3020411,47.71170452895073
3020412,6.35706587726645
3020413,251.22406060144942
3020414,15.194868337133345
3020415,407.25180859596423
3020416,181.18132465344692
3020417,5.6914691537133475
3020418,14.738919247509592
3020419,548.6056092329314
3020420,122.92899081962095
3020421,4224.098556844719
3020422,0.4066474692856853
3020423,36.010568743690015
3020424,5.517344562947434
3020425,0.5507276812928326
3020426,14.243465392203698
3020427,5094.6260750295405
3020428,0.7634975790317556
3020429,828.8354618600636
3020430,26.208024308379507
3020431,1190.4556313283647
3020432,1494.9894004318658
3020433,305.1666906587837
3020434,370.9609022165973
3020435,191.98487595638085
3020436,5217.247780373804
3020437,47.18210166308155
3020438,2.8166615081435777
3020439,48.12332241041196
3020440,52.15069031394368
3020441,0.7795233363636647
3020442,356.486584310508
3020443,39.149119905382626
3020444,42.36921123770475
3020445,26.079094158910223
3020446,215.43092498874054
3020447,21.764242405445152
3020448,473.22724958460157
3020449,377.9800651001409
3020450,23.78867292588207
3020451,25.14947669013839
3020452,695.5931659958928
3020453,158.6349851759151
3020454,4650.059236302874
3020455,0.44041008580196844
3020456,41.75336633722048
3020457,11.211220529058478
3020458,0.6037332396191226
3020459,10.527612499813163
3020460,3626.0263520964127
3020461,0.7363963461472904
3020462,513.929019098348
3020463,20.63180420796141
3020464,1612.3122203013538
3020465,832.9481555525449
3020466,566.5331129539911
3020467,173.02630460973862
3020468,139.70242071362455
3020469,6803.451425063807
3020470,14.982278794483278
3020471,1.3916518672387042
3020472,63.5277942232825
3020473,49.585607531009565
3020474,0.451250676851243
3020475,447.5834799117447
3020476,12.715459381531808
3020477,5.706283540342977
3020478,9.461773213833498
3020479,115.80807118392026
3020480,2.8562263747302463
3020481,307.34082954760356
3020482,456.0881522087407
3020483,9.199314239236468
3020484,9.414290867982185
3020485,440.50623300232445
3020486,131.70273511786635
3020487,1539.8686802434522
3020488,181.77819411557562
3020489,21.94951290665122
3020490,1.4026454593381081
3020491,0.2235744039367888
3020492,2.65821403678553
3020493,940.461447436337
3020494,0.34425745222305226
3020495,143.5615688582602
3020496,3.238455459420941
3020497,219.42252806393574
3020498,289.9274643668226
3020499,58.77149507998445
3020500,62.249651023067834
3020501,41.423109320195934
3020502,1001.3237198551566
3020503,5.845244618922473
3020504,0.5762675582427265
3020505,6.78515834617868
3020506,6.322958675224478
3020507,0.3075709737308686
3020508,78.76519996171274
3020509,5.31859243279794
3020510,6.094943293610306
3020511,2.0945802349368092
3020512,42.573024815802725
3020513,2.812304313891578
3020514,105.96161857692485
3020515,65.92135497130754
3020516,2.9201255233188816
3020517,2.8129670253073735
3020518,114.1518198921688
3020519,28.449603184286662
3020520,969.6593363791384
3020521,0.29079099923481827
3020522,9.050422705265857
3020523,1.9649066440606635
3020524,0.4125960477116954
3020525,1.8776913857961908
3020526,1519.6761461590183
3020527,0.5539863671325347
3020528,117.80192217282612
3020529,3.1584069881501176
3020530,762.1451238692825
3020531,277.52091987527035
3020532,261.8953446772587
3020533,49.38584435016661
3020534,34.20143176700757
3020535,2957.3239460061423
3020536,4.6029116383864155
3020537,0.49360572523607604
3020538,10.178366602651776
3020539,7.584146616499918
3020540,0.49679407667613756
3020541,176.3110355144074
3020542,5.748780838544427
3020543,3.3047944837726924
3020544,1.488180212676724
3020545,8.024728062704973
3020546,0.633566123176776
3020547,154.43668266107142
3020548,182.50214834608977
3020549,0.9911685820866803
3020550,3.6117733930289897
3020551,178.0172212841793
3020552,18.89356264198982
3020553,248.6470946271021
3020554,5.888036050978219
3020555,1.5290764086775246
3020556,7.415808886288747
3020557,0.4646018441320775
3020558,4.993827800944739
3020559,5080.24637572939
3020560,0.5787743686597622
3020561,656.8413385121485
3020562,10.266543729568248
3020563,1821.1943896952919
3020564,638.5555926413865
3020565,508.61554392508344
3020566,232.90858576574286
3020567,113.51682244815625
3020568,7633.31714036176
3020569,25.481496894354763
3020570,0.8847980910712423
3020571,33.45774719149166
3020572,21.47003897515485
3020573,0.3924399751564032
3020574,475.48063654443655
3020575,11.90137218299997
3020576,2.0554131450380275
3020577,7.607722605604291
3020578,33.30528293332219
3020579,2.6661436004619783
3020580,578.1146127645078
3020581,428.9671475440653
3020582,2.7623646948266045
3020583,16.277697328992627
3020584,445.22853681408066
3020585,83.03204827522752
3020586,1343.39238572679
3020587,33.52754846680941
3020588,10.617785603072912
3020589,6.401531508970243
3020590,0.4146733396802259
3020591,1.4958283076393326
3020592,1779.8301399096435
3020593,0.5644587356011201
3020594,201.76811541304994
3020595,9.888315269345378
3020596,826.285141256587
3020597,422.80686790408527
3020598,200.5597929001933
3020599,56.99191112889566
3020600,32.39036398357205
3020601,2902.7841324715682
3020602,7.499070803261725
3020603,0.5266625767896851
3020604,11.462027200886542
3020605,18.89203361689003
3020606,0.3782831904271075
3020607,177.08690801068144
3020608,9.314483867815616
3020609,4.328317350863536
3020610,7.697469391900466
3020611,34.81644938248862
3020612,0.8846591952539486
3020613,140.37536250343754
3020614,194.27907833343752
3020615,2.4717419551209425
3020616,6.899835105535971
3020617,148.51250836909406
3020618,28.155122230265725
3020619,350.89437470525195
3020620,3.3050635783046967
3020621,2.7286453506265604
3020622,4.199192859700642
3020623,0.35283210241882057
3020624,2.263795556249482
3020625,1385.4503900054174
3020626,0.48914089016240736
3020627,129.9951150454728
3020628,6.660090244214222
3020629,663.6586290304449
3020630,233.11802469871282
3020631,153.98949834541006
3020632,53.14713365855326
3020633,26.150969116354684
3020634,2380.418427072215
3020635,6.088533528207689
3020636,0.43483639874932206
3020637,12.25053906721762
3020638,9.474687738369768
3020639,0.2829641892177996
3020640,139.70879649878333
3020641,4.122938399711988
3020642,2.5394778982534905
3020643,2.6405745524995394
3020644,15.679928280583864
3020645,0.5891721932040611
3020646,105.3369484731031
3020647,180.91511393995032
3020648,0.9070363458025099
3020649,4.613920912156142
3020650,98.69551434325706
3020651,21.820261438201044
3020652,172.96829310733156
3020653,8.287266267635198
3020654,2.435231439890847
3020655,3.3660453931879064
3020656,0.34958123206498304
3020657,2.7710324983389483
3020658,1515.9291906472276
3020659,0.4823802266359713
3020660,148.60949021969765
3020661,5.739830929715217
3020662,782.9884335675681
3020663,282.46193340448536
3020664,189.0055285247658
3020665,37.1606651545153
3020666,33.426696685800096
3020667,2497.4634526779705
3020668,4.656146056652542
3020669,0.40966957936799525
3020670,8.11505846674828
3020671,15.066070364160597
3020672,0.43539600569667947
3020673,151.35327580427656
3020674,2.4640720079805907
3020675,3.3852244507530815
3020676,1.380722774881138
3020677,16.852506452769397
3020678,1.6965692317660448
3020679,190.1663306350817
3020680,164.727999805531
3020681,1.284881905552855
3020682,2.964301496485837
3020683,72.80816048938381
3020684,54.136088148577635
3020685,341.42492509890224
3020686,3.1316515088802572
3020687,2.6882142575092223
3020688,3.9452069443603466
3020689,0.5216727153629582
3020690,4.599682225226014
3020691,1417.7700001773155
3020692,0.545372367815475
3020693,139.09018687303762
3020694,3.588659457378487
3020695,775.7930978317911
3020696,246.34672650463418
3020697,201.5120695715709
3020698,75.62422591588152
3020699,50.734808144163786
3020700,2435.785402648911
3020701,5.505222583531653
3020702,0.7020364595986797
3020703,9.894228955824069
3020704,15.157784464002011
3020705,0.31979594128355265
3020706,179.43618353826986
3020707,9.521122526354809
3020708,4.174637442747412
3020709,3.0790671359723953
3020710,16.66230603535024
3020711,0.9615047565884951
3020712,80.79926091897671
3020713,157.8950052680053
3020714,1.0472023100164474
3020715,5.134734450610681
3020716,84.24853245210869
3020717,29.67691857217465
3020718,469.83062710568544
3020719,7.058636944941035
3020720,2.6933081913195576
3020721,5.716617191113925
3020722,0.46673886319602276
3020723,3.080402851971526
3020724,1570.7903804311577
3020725,0.5770529406451442
3020726,199.79966081385317
3020727,4.302367187227189
3020728,903.7674269217171
3020729,336.87040051077594
3020730,192.87134060728113
3020731,150.29032865729596
3020732,37.03425697248275
3020733,2517.146874457795
3020734,3.531249860004573
3020735,0.673324483033777
3020736,15.807068122389538
3020737,16.331092739789533
3020738,0.3707520634405874
3020739,214.30475803411878
3020740,0.7494461084520436
3020741,4.347601998576245
3020742,2.8389295215341592
3020743,36.35018895452115
3020744,1.1461375719405815
3020745,60.88018715617557
3020746,177.84780606634965
3020747,1.4424095547182327
3020748,3.050822888460176
3020749,68.62936702321244
3020750,38.739608653185684
3020751,560.5974774537801
3020752,1.7400773717815268
3020753,1.3354793251726882
3020754,5.838269817981356
3020755,0.6879433499856942
3020756,4.555516943619932
3020757,3897.401853127423
3020758,0.6008694415965723
3020759,469.5241090213054
3020760,6.495371066813889
3020761,1343.4273394949382
3020762,828.2647903174161
3020763,590.0368344352813
3020764,226.25916228128955
3020765,135.45147345560179
3020766,5147.113745561454
3020767,17.764096814529346
3020768,2.1382846737237178
3020769,28.234591827613386
3020770,27.583718419901913
3020771,0.5131014155716768
3020772,360.66239197862177
3020773,2.707242800569704
3020774,5.188783430369739
3020775,16.485924703655442
3020776,42.33132291124251
3020777,3.382334924692013
3020778,265.5105905363902
3020779,362.7315036694838
3020780,2.5655819507290794
3020781,9.50957472748209
3020782,419.61937970409446
3020783,68.85288630813345
3020784,1635.1429199855088
3020785,28.383999251699834
3020786,17.31923880681149
3020787,4.8066855131211685
3020788,0.4358914085105502
3020789,6.195012378002589
3020790,2707.7932674005374
3020791,0.4703064292181717
3020792,736.1491182533498
3020793,6.217829879606061
3020794,746.6102809752538
3020795,718.0338273948438
3020796,236.91139638212871
3020797,226.84351218431996
3020798,75.18999020720895
3020799,3276.184336943671
3020800,13.844464948668016
3020801,1.3638735849069827
3020802,27.32194221374476
3020803,21.99966913980311
3020804,0.3971541804970755
3020805,267.6995747447145
3020806,15.073223435734448
3020807,2.9020482692907974
3020808,8.378783757409916
3020809,42.629533739790446
3020810,2.005499507594023
3020811,112.9680087867762
3020812,197.48773787573882
3020813,5.428689748162805
3020814,9.45371191390624
3020815,223.22835318243384
3020816,59.105701363870416
3020817,1893.4936335361701
3020818,65.54877330977854
3020819,15.610407285193096
3020820,7.356444855008525
3020821,0.4730095153657097
3020822,2.348177452819673
3020823,2756.680489097745
3020824,0.5763871052924118
3020825,205.9839892685516
3020826,4.700022737128703
3020827,958.4043202331837
3020828,383.54968803778
3020829,319.2477788363998
3020830,70.2067113373723
3020831,40.48213867148701
3020832,3465.3208542468437
3020833,13.896434256727439
3020834,1.1364397741971966
3020835,15.379797376986554
3020836,13.630012883294807
3020837,0.46677309642708936
3020838,188.18454507353204
3020839,10.284466401323673
3020840,7.293131380372134
3020841,3.197872760826449
3020842,35.587032484485235
3020843,2.0338693688219447
3020844,135.14196559187084
3020845,205.92679496019986
3020846,1.8647288110446636
3020847,7.062994266845917
3020848,76.43735857529296
3020849,28.565496710630477
3020850,453.10781961703964
3020851,6.1278705091317915
3020852,3.864380497401676
3020853,7.009674583545991
3020854,0.5383170390127423
3020855,8.880497184133409
3020856,3433.1897379223024
3020857,0.6435770453884544
3020858,705.2771831327716
3020859,10.792901453341486
3020860,889.7126798300274
3020861,974.5974394247636
3020862,240.25799321717386
3020863,218.38431306639126
3020864,116.46393331871784
3020865,4370.987143075533
3020866,41.66544169630972
3020867,1.6007424129120837
3020868,24.17758989747479
3020869,30.581529825425164
3020870,0.5435758224812127
3020871,286.1136604097983
3020872,33.60838821348296
3020873,19.229546618753062
3020874,6.209816803386112
3020875,84.78308863426449
3020876,8.193360663372202
3020877,364.684848383897
3020878,306.4813259713394
3020879,9.75872004035614
3020880,11.160267067616209
3020881,510.51749564820267
3020882,112.41524731125182
3020883,2666.9633323358903
3020884,0.48308440865772256
3020885,43.040833874800434
3020886,11.997451652387063
3020887,0.5328071526475275
3020888,8.097192353343203
3020889,5806.388922530212
3020890,0.6947095630291352
3020891,960.2586978759216
3020892,9.645702986050175
3020893,1906.8171936567562
3020894,1137.430094590315
3020895,906.5183930235657
3020896,186.3432230248534
3020897,108.40602293804585
3020898,7921.4941785470155
3020899,22.013559008125497
3020900,1.132443328850119
3020901,27.53045780035586
3020902,29.12240745220119
3020903,0.574407163305864
3020904,533.2482366230837
3020905,7.816199982610604
3020906,7.863983606581117
3020907,8.169280671485133
3020908,49.89841382182597
3020909,2.2087613903996304
3020910,412.10941060533537
3020911,610.4719442328624
3020912,5.698932558393409
3020913,9.02574073965923
3020914,479.80206483265556
3020915,99.4976362806326
3020916,1468.5883650754654
3020917,108.07111106425133
3020918,18.54443579741753
3020919,15.160446404360632
3020920,1.1200501757841221
3020921,6.828528992582671
3020922,4050.1278484201043
3020923,0.7889748746048986
3020924,772.0390001161055
3020925,5.690780361620895
3020926,1788.2551675607567
3020927,906.2119669253464
3020928,486.2692070112844
3020929,362.3739146473038
3020930,92.20165088725017
3020931,6062.84599980204
3020932,20.036155426814332
3020933,0.7693627389362976
3020934,41.44636923382845
3020935,50.47600799663232
3020936,0.47840770499214974
3020937,486.5560641313381
3020938,7.023245384841379
3020939,3.9943425013596805
3020940,12.661553179215637
3020941,62.76015349523515
3020942,3.0045808227487796
3020943,166.97338648679934
3020944,442.1325428642913
3020945,3.9182465521047556
3020946,9.132391578023308
3020947,219.9977083858924
3020948,195.94464375496747
3020949,1670.9747945716122
3020950,1.5447286547529244
3020951,7.533784997702355
3020952,6.508868307195488
3020953,0.43791268153246465
3020954,3.579425352010344
3020955,1966.0612611602635
3020956,0.5881831688262495
3020957,153.12131187811502
3020958,6.828299106808663
3020959,753.3398946280255
3020960,376.4754854453052
3020961,171.83420541698237
3020962,48.38539002125986
3020963,46.29954706838561
3020964,2819.9401955652506
3020965,6.699390916760753
3020966,0.8732900859634707
3020967,25.68060544893779
3020968,21.938109128400722
3020969,0.4038941707941667
3020970,190.6456121553784
3020971,2.890731037006349
3020972,8.128970066814828
3020973,4.180354472141046
3020974,43.233580710996094
3020975,3.2625698969428893
3020976,118.50458836650535
3020977,174.12506247843106
3020978,1.3042616628372068
3020979,5.874422608494273
3020980,155.21647039371717
3020981,35.71262631585421
3020982,406.901989151862
3020983,18.665470369445657
3020984,1.9113965806529107
3020985,2.298962196648506
3020986,0.43577065516595764
3020987,2.9361881239110748
3020988,1591.5193368948817
3020989,0.5858172878752291
3020990,230.32008285826717
3020991,10.203252673318818
3020992,512.7771255337872
3020993,517.5708150053603
3020994,137.35976539795274
3020995,54.39076632880348
3020996,55.19327802181827
3020997,2168.199127857263
3020998,17.419366560944013
3020999,0.5602322203758551
3021000,13.679912890278473
3021001,12.71927061275093
3021002,0.3875270125884086
3021003,135.45635837941543
3021004,13.030291963939874
3021005,2.6857703318587065
3021006,4.6585396915384525
3021007,46.556698086303875
3021008,3.937737996347786
3021009,630.2089085239645
3021010,175.33631091857
3021011,4.679885707068285
3021012,5.600166907467095
3021013,282.7465778958944
3021014,32.94418903266484
3021015,1144.2690231042286
3021016,0.7212750913657351
3021017,5.038424823394374
3021018,2.9618690025327346
3021019,0.4777991588660445
3021020,5.653817011265037
3021021,3840.7827965276274
3021022,0.6695235477177812
3021023,788.4709374080245
3021024,9.381333551611151
3021025,1015.6887097455443
3021026,1314.0197726699828
3021027,260.94840219662655
3021028,214.51170793650684
3021029,121.84210149605433
3021030,4034.4227425627346
3021031,30.756561983976543
3021032,0.9973978592343489
3021033,24.749159319072255
3021034,37.52884057014724
3021035,0.349086445168246
3021036,256.8420029381796
3021037,13.955084622323445
3021038,26.85698241558173
3021039,7.196181493183603
3021040,58.97739835197173
3021041,8.519553733514524
3021042,325.24189498572014
3021043,278.47489679116563
3021044,15.98603459277598
3021045,10.047929247495732
3021046,461.6854861183311
3021047,104.74617307785921
3021048,3333.505172581332
3021049,1.4967345455918744
3021050,18.759251075845953
3021051,2.095003804141488
3021052,0.4014990285157839
3021053,3.962995127337239
3021054,2418.9723097956025
3021055,0.5497040507091084
3021056,393.92691827951194
3021057,4.690464237893831
3021058,448.7697273137887
3021059,637.4053465003528
3021060,146.8708608039871
3021061,107.98848571915912
3021062,90.83688902433533
3021063,2166.252901059186
3021064,15.353676998072087
3021065,1.0826889639946382
3021066,14.585774774890645
3021067,13.878613743362806
3021068,0.33313468272939933
3021069,106.68255669258038
3021070,0.7083948100380331
3021071,15.617805462051818
3021072,3.8217841986054646
3021073,164.40331376968604
3021074,5.120979288051925
3021075,171.40023885122616
3021076,119.73669715965477
3021077,4.183894189403537
3021078,4.725492832418242
3021079,156.41907627781848
3021080,39.79360219818353
3021081,1448.9220089584128
3021082,0.9548561418236557
3021083,3.5729491951586154
3021084,4.4269906604777125
3021085,0.43397305279286447
3021086,0.7945335106155051
3021087,1227.627951777926
3021088,0.5656965254613473
3021089,266.3030576038655
3021090,6.18900398023465
3021091,478.36944154774454
3021092,360.95042523750726
3021093,121.13683627530635
3021094,48.53744339471023
3021095,35.540674080817425
3021096,1885.3372876967837
3021097,5.056705808383276
3021098,0.8709336438701768
3021099,12.94782952847625
3021100,9.268129128337407
3021101,0.3365640557802743
3021102,112.85401218366559
3021103,0.8700722712324727
3021104,7.0008085265715945
3021105,1.8810260356443864
3021106,28.650300134702416
3021107,0.711584385006302
3021108,298.81677979644445
3021109,152.76994961281517
3021110,3.017178198485235
3021111,2.2401607502580534
3021112,158.8133247833604
3021113,32.08481352232578
3021114,570.0477765102322
3021115,0.7550002117816088
3021116,2.656798932584502
3021117,10.18302485159278
3021118,0.5251678265578514
3021119,5.581170368725125
3021120,4641.244821195663
3021121,0.793181061774853
3021122,886.595569859036
3021123,15.964764417334047
3021124,1117.10071053212
3021125,1474.4171384290191
3021126,415.8478606318277
3021127,333.2404662234126
3021128,177.1187790897076
3021129,5246.669585866681
3021130,34.58341895116174
3021131,3.057166696910504
3021132,27.55685685988284
3021133,40.83139786304327
3021134,0.46329048912496157
3021135,316.16988806501007
3021136,13.511369183229682
3021137,46.297480337423195
3021138,9.456739229096444
3021139,195.46112491341273
3021140,4.478119519842325
3021141,343.32712193775785
3021142,363.9385295372606
3021143,12.771312448105455
3021144,12.472642355649954
3021145,513.733425024498
3021146,114.31508013531851
3021147,3328.4635515948785
3021148,2.4855322868993146
3021149,23.169666225207017
3021150,7.323405628792364
3021151,0.5265238432921456
3021152,5.585531079903334
3021153,5142.284350722711
3021154,0.6849853619710653
3021155,1077.9955511264507
3021156,13.036638199302008
3021157,1637.6698400441612
3021158,1400.25141495221
3021159,532.7404930100015
3021160,320.67092124415194
3021161,98.7743839011046
3021162,8024.02958275419
3021163,21.340994276582975
3021164,1.9915705505841728
3021165,40.85290481642883
3021166,28.870769300487908
3021167,0.6095423888678586
3021168,409.4476191350946
3021169,0.7632318190343752
3021170,6.3035546376917
3021171,6.565143602196184
3021172,63.373740231518696
3021173,1.743841190499913
3021174,230.1941076278881
3021175,404.03454858813024
3021176,6.954634145775609
3021177,8.669246581392658
3021178,317.8389426675799
3021179,111.86321363883947
3021180,2000.922958480632
3021181,4.316710031576181
3021182,4.62143693456061
3021183,7.767586617893592
3021184,0.6695637533097014
3021185,3.431869404796439
3021186,4424.974935089909
3021187,0.6495462966666686
3021188,1116.8515913078031
3021189,11.429977530427813
3021190,1359.4371062516066
3021191,1144.5526371868923
3021192,403.43797410987463
3021193,282.6545357644809
3021194,97.34927449224686
3021195,5467.311198442675
3021196,27.690256486126565
3021197,1.709326614751713
3021198,35.17734989058497
3021199,27.902539376540293
3021200,0.5455693698206995
3021201,357.0367834633711
3021202,0.7261470532008882
3021203,7.029901614332556
3021204,7.323016177027181
3021205,81.53936059962045
3021206,1.5634699512951757
3021207,148.85731983814787
3021208,320.3366580183184
3021209,5.551638619104496
3021210,6.744700938891681
3021211,235.3801758387357
3021212,91.41995990021732
3021213,1570.9955145567965
3021214,3.6258979719862108
3021215,9.240877655845878
3021216,13.803113753564139
3021217,2.1533022143611498
3021218,22.885776505714702
3021219,10000.0
3021220,3.571963063286734
3021221,1359.012647218728
3021222,29.61454366530998
3021223,2236.3902824279994
3021224,2580.256545072956
3021225,434.7252524910082
3021226,581.5748636308134
3021227,398.0291380438281
3021228,10000.0
3021229,94.07005551523794
3021230,2.7999295042028125
3021231,70.08606680716255
3021232,69.7412000768724
3021233,2.402441059445621
3021234,678.4940346611564
3021235,69.38219743875942
3021236,59.979465100656554
3021237,35.76808471632243
3021238,213.79328306080245
3021239,28.822742509712533
3021240,781.4218857931544
3021241,779.1330226783036
3021242,25.913620047479103
3021243,35.49605401829117
3021244,1212.8785427899902
3021245,249.9432574345509
3021246,9091.759289518368
3021247,1.74682929520367
3021248,97.94742313816312
3021249,3.330751975442629
3021250,0.7354522826152239
3021251,0.5133121768994682
3021252,1675.4692937447956
3021253,0.5673920942563542
3021254,222.7427075618643
3021255,5.063248379753849
3021256,575.6296331934669
3021257,307.17053057008775
3021258,126.24045765553834
3021259,152.30822736125486
3021260,38.847353662559826
3021261,2192.9550861168127
3021262,6.511253346592211
3021263,0.644266246832994
3021264,15.257717136510571
3021265,8.1156649203055
3021266,0.3828290542327006
3021267,147.0290915345413
3021268,2.0477083703155583
3021269,5.284359973923165
3021270,3.2804799539249365
3021271,31.3973717419887
3021272,1.1260502447065281
3021273,56.925705887660584
3021274,107.53259515817246
3021275,1.4487523276564538
3021276,3.7495280995240705
3021277,117.88479702516172
3021278,23.638239557807065
3021279,519.3880172750374
3021280,1.309352298008427
3021281,2.9830539767862514
3021282,9.215667109994758
3021283,0.4321198979560477
3021284,3.5822807738145652
3021285,4189.224929528754
3021286,0.5760695461154266
3021287,778.6350134870383
3021288,7.703735758504049
3021289,1591.1643208627806
3021290,917.3081728681498
3021291,307.1718158283216
3021292,383.46964113212516
3021293,64.33802493475241
3021294,5997.236986837655
3021295,15.981411565345244
3021296,0.6421444082554421
3021297,40.04526722493547
3021298,30.03648702216732
3021299,0.36017439219914044
3021300,386.855124654027
3021301,1.7066729295991712
3021302,4.171648553334458
3021303,9.458714717213567
3021304,21.12420926543085
3021305,1.7419833286464521
3021306,408.90766936592786
3021307,371.8805753070139
3021308,3.8652753070492993
3021309,9.616313104944538
3021310,141.40091013084347
3021311,97.74747956691763
3021312,1451.2001669642332
3021313,3.15702933751788
3021314,4.246768745407354
3021315,1.6815873260624583
3021316,0.30133723311229355
3021317,0.817691353316899
3021318,1199.6775285089766
3021319,0.4980155269280938
3021320,168.01530042082484
3021321,4.060845033082435
3021322,537.6170426654936
3021323,222.2609197352503
3021324,121.4398009158267
3021325,147.77252895740486
3021326,21.496273213371456
3021327,1874.1736829893746
3021328,2.461331781268189
3021329,0.5090775034366264
3021330,11.89195712987802
3021331,3.2708408702522798
3021332,0.2881758162832225
3021333,111.3309061069262
3021334,0.5581106225138344
3021335,2.822337245703164
3021336,0.8715148211943441
3021337,32.92450090396084
3021338,0.43557943747604566
3021339,69.00496117865944
3021340,97.74225315670941
3021341,0.49285929441523335
3021342,0.8757584919142409
3021343,66.2984707441718
3021344,14.037119139662945
3021345,240.6878844325473
3021346,1.4218387187019965
3021347,1.1937344061148372
3021348,10.150795268153718
3021349,0.3987367952174822
3021350,3.296412735837103
3021351,2602.840484958521
3021352,0.542738627538157
3021353,333.3999823180684
3021354,8.434568493456538
3021355,1221.3897351208946
3021356,559.2881889579962
3021357,211.60369360132376
3021358,149.7611702623042
3021359,56.25598403619768
3021360,3774.6401458914434
3021361,5.04090086673504
3021362,0.9288135048041053
3021363,27.686253520746742
3021364,25.50795901730867
3021365,0.5493098886686456
3021366,301.775830681964
3021367,0.6224953296907807
3021368,4.689810071103031
3021369,12.970413868853669
3021370,26.8625694945286
3021371,1.2653605157748504
3021372,326.86299360113816
3021373,285.57849917430553
3021374,1.9971436180993372
3021375,5.445947188756175
3021376,241.4499995475889
3021377,31.75476836071506
3021378,1331.26212936118
3021379,1.7828690068828892
3021380,1.0903838429906294
3021381,3.6386419092420765
3021382,0.44175736578185615
3021383,2.238807746209551
3021384,2961.6987173774314
3021385,0.5643964346045097
3021386,724.8485138513297
3021387,4.819339136623231
3021388,835.7004949674767
3021389,655.8021562288602
3021390,218.51303555082058
3021391,127.16487533965636
3021392,59.174078001825336
3021393,4607.75478412088
3021394,6.7164295562073395
3021395,1.998301468661097
3021396,29.922352747528144
3021397,35.12284861986898
3021398,0.37902021199955005
3021399,195.91343327307698
3021400,5.061181913394774
3021401,4.416014698726351
3021402,3.492323229291775
3021403,34.119262826423814
3021404,1.7067291325357146
3021405,157.50678671242784
3021406,257.7819652083229
3021407,2.5241251205650665
3021408,6.687467885456052
3021409,137.4075411915289
3021410,30.01018254120278
3021411,603.8236482121181
3021412,5.051983743757177
3021413,2.0803547008158354
3021414,4.0012090576136465
3021415,0.32638219590875805
3021416,0.5313980932909147
3021417,1801.6352579986137
3021418,0.45234641728787806
3021419,142.40556231132692
3021420,2.927040000110237
3021421,580.4497944239736
3021422,213.31119400588656
3021423,105.7243171386525
3021424,143.64876732030586
3021425,70.59274239801437
3021426,2297.8312159860466
3021427,8.10744692841308
3021428,0.46778039458711884
3021429,11.611149766269735
3021430,9.44344280947602
3021431,0.3256407493254531
3021432,117.27104299940612
3021433,0.5405111749145213
3021434,3.108098441754647
3021435,1.0933296134512946
3021436,44.90582659500343
3021437,0.6423681178016789
3021438,189.91014598477136
3021439,106.54976074579594
3021440,0.6957341007253518
3021441,1.28255142286436
3021442,65.26277288906842
3021443,26.73297740057153
3021444,406.0622229994939
3021445,1.0715581432856611
3021446,0.832546733853844
3021447,5.024446923810801
3021448,0.4001133508682904
3021449,1.4925292431953865
3021450,4251.481259327267
3021451,0.5442471201100834
3021452,664.83046558245
3021453,8.149987825178618
3021454,971.338432216317
3021455,744.6463445109146
3021456,248.64374607743002
3021457,136.59326646540762
3021458,107.3997457896585
3021459,4559.7053897628975
3021460,10.388270894113695
3021461,0.534084064251883
3021462,17.311406066295234
3021463,16.1006411022264
3021464,0.49344390110527897
3021465,262.41654724281307
3021466,0.605231701043274
3021467,24.48096415034861
3021468,1.9505597965766814
3021469,68.07700233625665
3021470,1.340352721562598
3021471,189.63146003490698
3021472,251.4156941175791
3021473,2.319030274182274
3021474,3.7676532117559316
3021475,105.99932060993147
3021476,44.41090908466049
3021477,1265.9737927441515
3021478,1.291948732372425
3021479,1.7586223357171633
3021480,2.8367246449483026
3021481,0.4320287863593437
3021482,5.796828981619047
3021483,2252.1993866753783
3021484,0.5877163205759144
3021485,363.6515056566526
3021486,6.46664291490035
3021487,632.6825058664626
3021488,631.6507775666969
3021489,122.03945712589947
3021490,99.01734028105292
3021491,84.18122370463772
3021492,2644.268346994381
3021493,33.16753822817197
3021494,1.437745710250588
3021495,22.460624632039213
3021496,25.31165082381782
3021497,0.5917815201875375
3021498,181.61707260250688
3021499,18.101097066403682
3021500,16.86192355773576
3021501,2.6208402513747133
3021502,71.92537577825655
3021503,7.109924734855945
3021504,149.51132995176178
3021505,208.85645241549918
3021506,9.202114227201958
3021507,10.866767944359106
3021508,200.21930485094435
3021509,55.484637798958204
3021510,1851.5828916906262
3021511,0.7027615740060476
3021512,8.693405861994613
3021513,7.195795237303978
3021514,0.44544821406730434
3021515,10.241222601484582
3021516,2794.3108072748464
3021517,0.6092650428484264
3021518,492.5190510276045
3021519,11.484569463621257
3021520,1092.3160797989121
3021521,848.6209853502463
3021522,164.89614702174958
3021523,118.42321902655615
3021524,95.03903249831353
3021525,4250.971283245963
3021526,27.977211013150445
3021527,1.4182403267175592
3021528,37.07504382742847
3021529,37.13286797163871
3021530,0.4101866892050308
3021531,387.44208251466677
3021532,37.05152183525277
3021533,14.722150915193827
3021534,8.23925236825427
3021535,121.41072488513765
3021536,12.779431394606739
3021537,136.7644327905775
3021538,481.20113402931605
3021539,8.780362632682918
3021540,14.691939607958497
3021541,128.4576956473041
3021542,89.6712519399765
3021543,2070.801258839868
3021544,0.9458853626092069
3021545,17.022705412016393
3021546,8.86851736293036
3021547,0.5048730306372282
3021548,5.354329185332209
3021549,4093.28477775346
3021550,0.6090182269292752
3021551,751.4182811868945
3021552,7.012317844961641
3021553,1663.9001523201182
3021554,649.2368897164852
3021555,192.9631177707214
3021556,203.6187321478112
3021557,69.86924018802571
3021558,5381.661122685987
3021559,36.205695356494395
3021560,2.7576154853146035
3021561,25.45271899979914
3021562,17.81876718478141
3021563,0.6152613951639918
3021564,362.77936566173383
3021565,8.392055419277611
3021566,13.371050999104737
3021567,7.720800407915822
3021568,46.66561561110184
3021569,5.13050042819062
3021570,122.181902597091
3021571,333.56880021546823
3021572,8.46211879395525
3021573,10.977893335482852
3021574,214.31124976192393
3021575,53.71653263604766
3021576,1480.7997739173968
3021577,14.033465741231767
3021578,16.14841185589358
3021579,4.466707218758759
3021580,0.5304196245681138
3021581,4.943671374670428
3021582,3158.4898626287277
3021583,0.6241841841793551
3021584,448.52977604436563
3021585,7.202858166256199
3021586,852.1000884511753
3021587,940.9472128962125
3021588,223.84594366461926
3021589,194.79322096121354
3021590,116.57450924323358
3021591,3935.3198597150645
3021592,28.7497600095808
3021593,1.42648965559978
3021594,18.90475574560607
3021595,16.911639351068906
3021596,0.6689638119641872
3021597,251.13566222357468
3021598,30.83054785463117
3021599,24.126494889683343
3021600,2.7718187159320333
3021601,89.78489824338884
3021602,6.17255868778641
3021603,356.5983815547937
3021604,306.33188867695605
3021605,11.245871479754216
3021606,12.395040856462781
3021607,468.9678880948016
3021608,63.487680976235254
3021609,2808.202631691186
3021610,0.49826910821404924
3021611,30.731891115414022
3021612,3.9231420929190577
3021613,0.4246830383888812
3021614,2.079079076159402
3021615,4843.64037829156
3021616,0.5772490336474962
3021617,511.09558833666847
3021618,5.028937108549485
3021619,1823.2752096269485
3021620,661.6311618222143
3021621,284.3277299847488
3021622,172.94512210470322
3021623,62.20812171943106
3021624,6769.408081705194
3021625,10.735237013890831
3021626,1.6040616466974382
3021627,30.656687653917093
3021628,27.541006946377788
3021629,0.5205087362244697
3021630,407.0204348824383
3021631,0.7099657655327936
3021632,2.73967564405809
3021633,8.073165545289546
3021634,28.876530938063148
3021635,2.005797520802595
3021636,143.6573080089427
3021637,321.05138065056167
3021638,4.074315663761792
3021639,11.152443780985521
3021640,157.75325862372142
3021641,57.08760432755852
3021642,1064.8310233818172
3021643,2.875246759350731
3021644,4.203029052466283
3021645,9.709283821183824
3021646,0.45616083122049744
3021647,9.659124998742373
3021648,3140.6918886074004
3021649,0.6100089396658017
3021650,670.4675174139902
3021651,9.665853230150013
3021652,1242.776540357434
3021653,958.3151327550319
3021654,300.5793777216639
3021655,185.1832532290187
3021656,167.14067369656408
3021657,4768.392045257011
3021658,46.67067353038144
3021659,1.2791213946827595
3021660,35.67779874161002
3021661,42.289685557957405
3021662,0.3881101321865645
3021663,340.7227059358354
3021664,33.57839468057682
3021665,23.962113746386034
3021666,9.579774287224053
3021667,71.2574660412878
3021668,13.695124272433741
3021669,264.31486645890834
3021670,447.8149568240082
3021671,16.10141449175809
3021672,11.099750024009722
3021673,234.53887515759791
3021674,79.97167726844415
3021675,2556.431314792609
3021676,0.7875795783186947
3021677,7.352422473360765
3021678,6.400963106529388
3021679,0.4563976306105293
3021680,7.3541602792647165
3021681,2677.8526833872284
3021682,0.6142771293909595
3021683,495.6522189815366
3021684,11.269238533555791
3021685,753.3182930569019
3021686,863.1955615139186
3021687,187.8656980260609
3021688,159.99433661833706
3021689,104.90000422815156
3021690,3222.5213731496033
3021691,37.09335725872014
3021692,0.9437042023125846
3021693,24.452764246296006
3021694,20.04750407111943
3021695,0.39131263114213727
3021696,230.25928028163534
3021697,27.837588253310184
3021698,34.760801931812765
3021699,5.481067512602701
3021700,65.27201633287427
3021701,9.545254386206818
3021702,225.20783555413982
3021703,248.20794691406275
3021704,9.096038561914302
3021705,11.208619587076068
3021706,234.12654763475408
3021707,53.05629184002035
3021708,2399.4001342738047
3021709,0.6519598326365887
3021710,19.845944803571463
3021711,8.583871376511244
3021712,0.45356661279671273
3021713,4.653656582026148
3021714,5843.2052921315535
3021715,0.5653537452240192
3021716,790.6775380377086
3021717,14.238995298441038
3021718,1461.3256921852176
3021719,929.6288943368595
3021720,354.79120890069123
3021721,250.6032769618673
3021722,65.1408049498086
3021723,5995.8127327152715
3021724,10.084698416214467
3021725,0.5231081685386876
3021726,19.045549300085955
3021727,23.589578386146243
3021728,0.38865191752681316
3021729,318.1244661857789
3021730,0.7173054734504123
3021731,8.681825359955074
3021732,3.210206041220669
3021733,79.05780372895067
3021734,1.4461349523373306
3021735,225.49360265817845
3021736,354.0917813410923
3021737,4.112451737141624
3021738,3.384450038012839
3021739,276.5156025855327
3021740,156.11589844589395
3021741,1337.3379062435827
3021742,3.945587825731212
3021743,1.9120002137337426
3021744,19.92635460354382
3021745,1.010977886650579
3021746,26.654516338728264
3021747,10000.0
3021748,1.7485730784824691
3021749,2073.8310667620294
3021750,22.04917382272218
3021751,3012.6842321539953
3021752,3360.783080342094
3021753,690.5307489174695
3021754,815.679221693872
3021755,478.9248793922083
3021756,10000.0
3021757,84.10614520389657
3021758,4.86343937377978
3021759,140.5092118205082
3021760,142.816654089405
3021761,1.4606542955850883
3021762,912.7466063045964
3021763,57.45775857070349
3021764,26.039170077302558
3021765,58.89683203577775
3021766,280.1498279931617
3021767,27.267135766309217
3021768,986.9420225986112
3021769,848.2169838545201
3021770,61.420963576004795
3021771,51.96712378378365
3021772,1434.7075906674484
3021773,306.7384493070865
3021774,10000.0
3021775,1004.947675954751
3021776,120.7247836249619
3021777,22.176254590229526
3021778,0.7847294688888455
3021779,23.667626184273274
3021780,10000.0
3021781,1.5688696291448427
3021782,1590.0586601993414
3021783,25.593058944915764
3021784,3361.4476776633574
3021785,3061.1458182061488
3021786,961.08978012668
3021787,549.1753186116371
3021788,391.70399512106553
3021789,10000.0
3021790,119.70398122685405
3021791,1.879891250515417
3021792,85.9197761636888
3021793,101.26877790164076
3021794,1.5490061118218008
3021795,969.6250381273726
3021796,54.452973805194425
3021797,42.62435660257639
3021798,14.235058485728459
3021799,187.03664293959957
3021800,24.50196622828738
3021801,1361.4739652136525
3021802,1136.4877306041838
3021803,39.3688768867102
3021804,44.6221349377747
3021805,1647.6230243217674
3021806,301.9488597752737
3021807,8417.333824624733
3021808,1050.4434516100503
3021809,120.12482151130497
3021810,19.39273656313077
3021811,0.7686269055701969
3021812,30.537366237565003
3021813,8427.131829049516
3021814,1.415002171415683
3021815,1262.7260012080255
3021816,14.240305761590418
3021817,3076.3323371061965
3021818,2209.138542601128
3021819,1178.0683216655152
3021820,231.66910129207258
3021821,326.21495107703487
3021822,10000.0
3021823,69.56748909751596
3021824,2.5914647769709083
3021825,59.52201400285034
3021826,48.28313525945508
3021827,0.987067769159157
3021828,927.3080601492046
3021829,62.49051331326439
3021830,38.576755653723595
3021831,19.63622090336355
3021832,129.78703317557145
3021833,13.564647041676704
3021834,1098.914020932905
3021835,1169.8091687964384
3021836,42.128228451156815
3021837,73.07427420988726
3021838,1084.1380302324858
3021839,155.82476364020255
3021840,3970.3146208464373
3021841,831.401384175654
3021842,74.12034217732982
3021843,19.36930641905131
3021844,0.7682002354163454
3021845,27.57512927616253
3021846,10000.0
3021847,1.476836321707521
3021848,1503.4266063021241
3021849,17.506447752531344
3021850,2987.371129355356
3021851,2785.2210502804533
3021852,863.6424831789853
3021853,476.0695141340735
3021854,306.92028151353014
3021855,10000.0
3021856,58.81003767384652
3021857,2.137857721687312
3021858,74.64804470094178
3021859,95.07024030490174
3021860,1.71562347328317
3021861,823.1522852109015
3021862,53.32222911684097
3021863,34.368149147343
3021864,22.375675217802588
3021865,201.1455274464641
3021866,17.32808421269738
3021867,1012.0442946712076
3021868,1075.627877379484
3021869,38.49265402856719
3021870,44.470031901674886
3021871,1350.7356488386483
3021872,256.2738630745108
3021873,7244.833159503463
3021874,1124.7757733319456
3021875,92.13304465160971
3021876,20.590290071974646
3021877,0.7594377109724022
3021878,31.449030555620563
3021879,7257.5763344100305
3021880,0.9562244791690233
3021881,1178.7977168458572
3021882,18.104898477226524
3021883,2975.5585116681423
3021884,1893.98045282121
3021885,948.4717905714608
3021886,199.77328355048513
3021887,268.7772249849779
3021888,10000.0
3021889,73.9501940573018
3021890,1.2653823403844515
3021891,60.39283922779273
3021892,49.50149876384766
3021893,1.3316603665887834
3021894,865.87855334774
3021895,52.44715334960514
3021896,19.514222081264805
3021897,19.66260874729683
3021898,116.52584663975803
3021899,8.879826694878346
3021900,1094.0560102784148
3021901,1164.3163484577929
3021902,32.86406914921934
3021903,42.46145760801269
3021904,1163.2789350652668
3021905,132.2121951102033
3021906,3016.5675495469227
3021907,1013.7473119427
3021908,35.3085422584379
3021909,12.455388203347676
3021910,0.7556009595488474
3021911,17.464357498869564
3021912,9090.73198404047
3021913,1.4562130678608027
3021914,1296.2058290839882
3021915,19.56971976173737
3021916,2109.604026679006
3021917,2559.665041524169
3021918,539.978620089741
3021919,549.1010956002416
3021920,361.32387443076414
3021921,10000.0
3021922,76.02132229175598
3021923,1.909260474687589
3021924,58.937132745283456
3021925,62.18126747340151
3021926,1.5544233094977258
3021927,613.4098925310727
3021928,33.545863403061226
3021929,30.501293074587196
3021930,18.74326928289422
3021931,234.08470121797524
3021932,19.49236494098873
3021933,812.9642876987036
3021934,680.4655660958206
3021935,30.644000109687177
3021936,40.950233304768844
3021937,1117.7318064052533
3021938,221.13083104117084
3021939,9129.820798015224
3021940,416.9558916760151
3021941,77.71141491551258
3021942,7.793634934234456
3021943,0.6093955273612268
3021944,4.895867335879901
3021945,1998.0314236982158
3021946,0.6356755911830079
3021947,367.17911184473564
3021948,16.603149275005062
3021949,980.8478874010916
3021950,599.4674955659561
3021951,238.17026256907135
3021952,100.71232656644999
3021953,90.95203163964216
3021954,3256.188852977027
3021955,25.27772888066444
3021956,1.2999226764575431
3021957,27.8766617126684
3021958,28.189894443454342
3021959,0.5331850859064655
3021960,246.9330165172623
3021961,14.222530665121445
3021962,7.252985408436306
3021963,10.485219404851183
3021964,59.60964992390122
3021965,8.55386831560386
3021966,234.18312498583643
3021967,287.3655450981257
3021968,4.063436550502365
3021969,7.681562206512359
3021970,233.820162216244
3021971,58.80703560474393
3021972,1560.15638351501
3021973,1.0248453261846182
3021974,8.428861499026887
3021975,13.282150755509193
3021976,0.7083535962926103
3021977,17.806535762987036
3021978,5820.42792896603
3021979,0.9687313765139002
3021980,636.9216918551842
3021981,27.774656619200044
3021982,2124.0547323249825
3021983,1346.7725532803174
3021984,583.5208973408787
3021985,140.92177149101235
3021986,139.9027963694691
3021987,8531.683105328992
3021988,80.21215747797109
3021989,1.8585488915367283
3021990,60.597053215980075
3021991,50.42887059963461
3021992,1.0027305258487211
3021993,553.5989647745162
3021994,40.028744381550375
3021995,8.812589102171072
3021996,5.19615798871318
3021997,128.60082003285723
3021998,11.629618469979759
3021999,562.2655803174092
3022000,714.5191479381392
3022001,18.891591209281497
3022002,34.96463546171937
3022003,472.45390482705204
3022004,87.21235765054848
3022005,2514.8797905861966
3022006,770.4617624346442
3022007,24.90417748326338
3022008,7.40388498558962
3022009,0.7010250035660367
3022010,8.412503035339471
3022011,5942.496191752018
3022012,0.8485889544996946
3022013,1083.3761112926238
3022014,7.577066638064339
3022015,1653.0336106310456
3022016,1947.3100455223585
3022017,314.6716848456597
3022018,412.3809295628801
3022019,272.4082345758816
3022020,6438.311136020719
3022021,46.18568282201936
3022022,1.765302005734048
3022023,41.59952017450105
3022024,47.46593378840544
3022025,0.8764110700126064
3022026,412.5784708068071
3022027,7.034239914472175
3022028,42.124133453659255
3022029,5.001681339522676
3022030,164.6336379205411
3022031,13.560069615538515
3022032,625.7173247973412
3022033,424.9634416628755
3022034,27.77287200411266
3022035,16.267812950677605
3022036,808.6239622321925
3022037,146.60216635983355
3022038,6259.393444432508
3022039,5.682592987758802
3022040,51.12391114111333
3022041,14.14700170965932
3022042,0.0
3022043,11.514192580154994
3022044,5498.7382929075975
3022045,0.0
3022046,1055.2730184001546
3022047,11.0568888579533
3022048,1809.0347795442613
3022049,1438.9296952843458
3022050,444.6583550047128
3022051,257.57457334056227
3022052,318.9051745138809
3022053,8311.977936230282
3022054,44.62145680095897
3022055,2.0529753517561495
3022056,51.744988597451595
3022057,57.99142316414107
3022058,0.7228817178780416
3022059,479.6875332555945
3022060,12.662028490134242
3022061,54.49914151076063
3022062,7.450429630440892
3022063,204.70503312187725
3022064,10.375713872209214
3022065,495.93787699137164
3022066,453.2320552280954
3022067,15.880297768370644
3022068,32.128566396383306
3022069,566.9801952888638
3022070,131.70888909186195
3022071,5230.9710971993345
3022072,5.921502673012313
3022073,10.59370740014339
3022074,12.879308424793983
3022075,0.5026780742939612
3022076,7.571444127753366
3022077,3051.816766122337
3022078,0.6461576411411829
3022079,634.7844770498373
3022080,8.272144910740906
3022081,1231.4032860892103
3022082,736.5834994531402
3022083,303.49433796349064
3022084,131.58643692654638
3022085,129.64667354235593
3022086,4312.77448423826
3022087,22.289575883571587
3022088,1.9097751084294419
3022089,34.52678103628203
3022090,32.62987810722843
3022091,0.5176082768009441
3022092,276.8396285711031
3022093,8.253252012299903
3022094,12.43538919876553
3022095,6.384079478897812
3022096,107.0682583981203
3022097,5.294218719479839
3022098,323.0432908303881
3022099,319.1762705334264
3022100,6.961083528151171
3022101,10.117328251277918
3022102,270.1395231329737
3022103,80.49628036984825
3022104,2537.429722183403
3022105,0.9900587530697372
3022106,3.8987517051975806
3022107,10.406455814957493
3022108,0.4188254512215278
3022109,1.7403562975261382
3022110,4346.303313118527
3022111,0.0
3022112,384.91305495337656
3022113,4.699377257810164
3022114,1615.9277486776812
3022115,362.7749556977235
3022116,308.753037854196
3022117,81.42567339266579
3022118,40.91942204787546
3022119,4661.1743789514885
3022120,8.686572190171967
3022121,0.8679893993640644
3022122,25.7495866131354
3022123,13.779492500488255
3022124,0.39160635099604496
3022125,343.10272903378245
3022126,0.6832762704471786
3022127,3.5352363978490664
3022128,4.563189045038021
3022129,22.487273565489076
3022130,1.6104403987252323
3022131,65.49924253626901
3022132,275.36301427618815
3022133,0.4531747646429899
3022134,3.377723578134219
3022135,72.84795002971002
3022136,98.56655854791141
3022137,809.7503825811618
3022138,1.1431422455830407
3022139,1.7552256664939776
3022140,7.803004490292466
3022141,0.5328270398442863
3022142,10.339364514925123
3022143,4442.2849298674455
3022144,0.6503637002260325
3022145,626.8812300538254
3022146,12.946275522433355
3022147,1469.7216450938415
3022148,1302.2824367032065
3022149,453.7643144983152
3022150,244.6377023980579
3022151,183.68646703016677
3022152,5782.247364520776
3022153,41.84954170390661
3022154,1.103379990602487
3022155,39.35152843107945
3022156,45.06344328355058
3022157,0.5356007183996883
3022158,397.31209185330204
3022159,40.81647879504942
3022160,19.70698017136965
3022161,17.390945489412065
3022162,104.16518110018913
3022163,8.055913581264873
3022164,508.8313447038252
3022165,461.46008215853
3022166,12.07568390834926
3022167,21.20643940518283
3022168,666.583633178513
3022169,115.47454450188422
3022170,3203.213490291441
3022171,0.4480902538083222
3022172,50.89629319875037
3022173,3.909098356133918
3022174,0.4731489809876125
3022175,5.45113621942967
3022176,3771.4547807213403
3022177,0.6462309125931489
3022178,585.2954120729477
3022179,12.097796438724359
3022180,826.5994366869314
3022181,1150.7026376017861
3022182,160.4860498646409
3022183,239.4261900097394
3022184,189.2921315416777
3022185,3348.516404692273
3022186,33.368811967564426
3022187,1.4612017719541548
3022188,25.387244474104083
3022189,26.387123103276075
3022190,0.7824092117492445
3022191,240.71879228984218
3022192,15.655870126701922
3022193,35.26702291407051
3022194,8.30164857169788
3022195,175.15650269140954
3022196,11.903115044988581
3022197,401.1946027466546
3022198,229.42364200298402
3022199,6.34005059812175
3022200,16.101367138131078
3022201,518.7375383664462
3022202,110.4545591752996
3022203,4367.009082838975
3022204,0.44093980306713876
3022205,36.71318894463724
3022206,4.567679962571562
3022207,0.524121739203641
3022208,13.335479491205891
3022209,5539.614124865815
3022210,0.7060140578728056
3022211,866.8585946681098
3022212,14.103535332121703
3022213,1272.3071643375263
3022214,1616.7450520298712
3022215,317.48449228311205
3022216,411.5412138379802
3022217,162.9098927259187
3022218,5577.139873109137
3022219,43.4466026031654
3022220,3.7272139024946442
3022221,43.60551111083568
3022222,52.05995725142658
3022223,1.0172897742001727
3022224,409.96372857828317
3022225,39.42064030045579
3022226,37.818748480900496
3022227,22.222230078104165
3022228,110.19340742474583
3022229,18.59145913246887
3022230,430.38684550321943
3022231,455.77453141516804
3022232,28.747779741245555
3022233,23.432581766799682
3022234,669.6621185295942
3022235,173.33083052727426
3022236,5211.345344402414
3022237,0.5808844496941199
3022238,41.07952110493551
3022239,13.982128979316231
3022240,0.7885005948744638
3022241,12.755066350512354
3022242,4179.238677889434
3022243,0.6922101984159996
3022244,611.9427644070582
3022245,12.106058597132037
3022246,1887.8704223164063
3022247,924.7044735179165
3022248,585.8681983843043
3022249,206.09234295043098
3022250,103.09082681647627
3022251,7807.417304296198
3022252,13.703460061737399
3022253,1.9192149054883363
3022254,51.262453890185604
3022255,60.413625408148235
3022256,0.44423973837950204
3022257,498.2775390847286
3022258,15.427487852128484
3022259,5.227772492695695
3022260,13.689693365353273
3022261,53.82317520102236
3022262,2.729767003403922
3022263,353.6947549709848
3022264,539.4380657691328
3022265,8.660006986518443
3022266,10.869992440056874
3022267,471.62529612009064
3022268,124.41280964252684
3022269,1747.2673553580862
3022270,208.8607713100348
3022271,20.809818788020127
3022272,2.870407168277876
3022273,0.5051961053947052
3022274,4.749738189483278
3022275,1990.4658549182548
3022276,1.045149832462666
3022277,361.5808897249275
3022278,8.486667744713902
3022279,618.913322397447
3022280,702.404794426473
3022281,156.5718056743309
3022282,159.6436619151625
3022283,107.35544245155295
3022284,2317.7380339698298
3022285,17.040316260243713
3022286,1.1702488678285305
3022287,21.50667215612134
3022288,20.973528393893595
3022289,0.7345103046929777
3022290,179.27363211150686
3022291,15.10816377882429
3022292,15.407110269417771
3022293,8.78088880639751
3022294,66.63028786191164
3022295,5.707780326782465
3022296,224.59298095236196
3022297,162.60255138118418
3022298,4.379818825024854
3022299,7.286184441256685
3022300,298.0454906342718
3022301,60.22949051192026
3022302,2221.0901836216553
3022303,0.4169197973870443
3022304,19.92831412989997
3022305,1.4092742639982778
3022306,0.3293290953008789
3022307,1.904708017876547
3022308,1114.9583498271093
3022309,0.5136189646651229
3022310,96.47816466188613
3022311,2.5422544734971133
3022312,646.7070666368281
3022313,245.28900247776053
3022314,226.95412045411638
3022315,64.7074941032472
3022316,27.15896198146129
3022317,2489.5876542759693
3022318,2.341068354233762
3022319,0.4834947134432226
3022320,6.414626631154857
3022321,6.325983631263167
3022322,0.23606009588583937
3022323,156.87448147697117
3022324,1.9582329930560352
3022325,0.9041409052812965
3022326,1.4086552048720848
3022327,5.4624941180542175
3022328,0.4799395113978861
3022329,154.82001628752744
3022330,162.0256388453729
3022331,0.6197748933105285
3022332,2.408096244203593
3022333,120.86985837129858
3022334,20.354157291067413
3022335,206.47710775172501
3022336,5.851497870125576
3022337,1.4633395689962572
3022338,4.545070646319654
3022339,0.38779624590289036
3022340,4.801729515933717
3022341,3822.172325488233
3022342,0.5638653243290292
3022343,528.1426201675536
3022344,8.589582700961422
3022345,1590.3460190661083
3022346,554.0945965396322
3022347,451.0939888882494
3022348,262.4262817553692
3022349,57.18492441776836
3022350,6403.275251968453
3022351,13.763746640595029
3022352,0.6371598682350905
3022353,13.791484978323911
3022354,20.00745725448009
3022355,0.29416082779222147
3022356,459.4599342226042
3022357,6.593247837372409
3022358,1.6955602615675438
3022359,5.386506766740447
3022360,22.156718345401647
3022361,1.9706440884182248
3022362,475.481335171641
3022363,360.3746066445161
3022364,2.3490226365580895
3022365,12.402839515638078
3022366,247.0565591170452
3022367,77.84784238821187
3022368,1130.339628353735
3022369,33.042429563833835
3022370,5.244994677880785
3022371,4.812272778010568
3022372,0.32994304832257293
3022373,1.2217890849371174
3022374,1449.1195230803999
3022375,0.545232624005279
3022376,202.70294967618878
3022377,6.520521826196478
3022378,775.906127681739
3022379,367.8221403010972
3022380,184.46953072137734
3022381,81.76301381741703
3022382,29.613742518393693
3022383,2689.1417463908665
3022384,4.416155102698078
3022385,0.46070214137633436
3022386,12.387506790931116
3022387,14.502422823769752
3022388,0.2995467309116698
3022389,170.00048281104904
3022390,4.627570478977505
3022391,1.447666688035404
3022392,9.006304042891653
3022393,15.70823131753766
3022394,1.1948680425564113
3022395,119.31823859062736
3022396,169.10501100849368
3022397,0.7347471953842875
3022398,4.776979939057621
3022399,126.34759316359896
3022400,25.345245861721995
3022401,287.30928850150275
3022402,3.807557793065449
3022403,2.4214090632519194
3022404,3.5144974742148145
3022405,0.319717923483807
3022406,3.820037067615676
3022407,1483.873050564423
3022408,0.5239860209169022
3022409,137.50680498714343
3022410,4.037984575523412
3022411,675.9031641516992
3022412,240.04803807748954
3022413,162.65562691164945
3022414,55.69789992245829
3022415,26.455762261225555
3022416,2526.6665256361252
3022417,4.244846638477815
3022418,0.3599772918095957
3022419,11.491705041609661
3022420,12.222804679452697
3022421,0.26287507516011677
3022422,135.6347842302631
3022423,1.7589421310820088
3022424,0.8376596126151589
3022425,1.993156437328028
3022426,15.227558547598896
3022427,0.6334472336629258
3022428,148.06706580236906
3022429,194.75763455206544
3022430,0.43643358256763126
3022431,3.6125054243122845
3022432,61.68301807824977
3022433,20.93989638292439
3022434,162.4354340160279
3022435,7.231432204624957
3022436,1.6923408981237649
3022437,2.3809053776076565
3022438,0.3276902236648407
3022439,1.598351196192167
3022440,1377.3222458265375
3022441,0.5438332975228596
3022442,159.42442231679925
3022443,4.840874305254509
3022444,1028.0749804618822
3022445,334.9687882049828
3022446,223.65917733789416
3022447,39.05267894406647
3022448,26.698437823821283
3022449,2779.008103324735
3022450,2.7773210626454814
3022451,0.41024421327817107
3022452,7.141959371290127
3022453,21.554302901946123
3022454,0.29169656597996807
3022455,198.3304468450911
3022456,1.0510750100830988
3022457,1.264602429651903
3022458,2.399631193028554
3022459,9.65609792004201
3022460,1.3822051988088644
3022461,213.74567188599488
3022462,258.57871287120486
3022463,0.7896809136571266
3022464,3.345949158196599
3022465,51.71855142521966
3022466,78.21141816623805
3022467,352.76223602390394
3022468,7.320352155531713
3022469,3.255466829456245
3022470,4.206702329776432
3022471,0.8122902511604426
3022472,3.036072981797419
3022473,1616.145540854499
3022474,0.5679582006138849
3022475,148.69952225759457
3022476,4.305531795284067
3022477,835.4263716337425
3022478,342.5309304172562
3022479,261.4915957602103
3022480,127.83422402903695
3022481,53.356365650995045
3022482,2730.4283055641818
3022483,4.576048876588248
3022484,0.6314008736469106
3022485,12.271304271968779
3022486,13.72026342200273
3022487,0.31379468038919706
3022488,235.70562522365236
3022489,6.975326371464347
3022490,1.7332080402144583
3022491,2.915490354304956
3022492,13.5499249300565
3022493,1.4112522004827257
3022494,136.19653796427397
3022495,196.1014630801456
3022496,0.5673542023613023
3022497,5.3750398915487665
3022498,99.47683033922516
3022499,34.39940140562318
3022500,552.9770938085101
3022501,9.543044854835854
3022502,2.447656322186717
3022503,3.8403311294173905
3022504,0.3038640917484752
3022505,1.1472374916900598
3022506,1289.2480694598376
3022507,0.5150282063406112
3022508,148.94514448451386
3022509,3.345301871010473
3022510,662.3003434070831
3022511,231.8545033383595
3022512,141.51758631657466
3022513,283.9813907416477
3022514,19.45544634443849
3022515,2018.3695417579113
3022516,5.139795798868366
3022517,0.396637274706253
3022518,12.131922112853589
3022519,13.528687727504288
3022520,0.26896897553706123
3022521,155.2437350546928
3022522,0.3911775050319745
3022523,1.3887359648009103
3022524,2.384865916349054
3022525,14.806370127048341
3022526,1.180059449278775
3022527,47.23484826513919
3022528,122.74331482211917
3022529,0.8929789575796909
3022530,2.6923414034211874
3022531,56.4167641802714
3022532,37.24975071899796
3022533,409.87137243221343
3022534,0.7718448275534822
3022535,0.6598883220885203
3022536,5.767861440833814
3022537,0.5336873233066026
3022538,3.7666637979472064
3022539,2849.224351677586
3022540,0.5361410370220691
3022541,312.28299717214344
3022542,3.472540657164485
3022543,1125.7985426623577
3022544,660.6059298974304
3022545,458.27121532940845
3022546,275.7157568531956
3022547,91.22304009050032
3022548,4264.048213214534
3022549,8.33655981809212
3022550,0.7404417499430319
3022551,18.262541498257296
3022552,18.952580206549793
3022553,0.29114360045762805
3022554,271.707023049651
3022555,1.294954812914625
3022556,1.5084624742843578
3022557,6.576122086887572
3022558,16.40797863866741
3022559,2.4748851327371546
3022560,222.71268045466098
3022561,285.59309294731975
3022562,1.2549312083068225
3022563,7.160413477973211
3022564,357.25173360583585
3022565,53.790008450180444
3022566,1047.9384157179204
3022567,29.97440118724658
3022568,7.745801265071691
3022569,1.7621350176275614
3022570,0.2985880714448496
3022571,2.5945273904702146
3022572,1663.0589970271806
3022573,0.3700222999503373
3022574,404.080581763091
3022575,4.603098994004508
3022576,480.9934024253801
3022577,418.42414184606105
3022578,160.7384443149796
3022579,209.01188972565305
3022580,37.274845570490285
3022581,2184.3989352443687
3022582,7.893622730123186
3022583,0.5943024266000994
3022584,18.26400636249357
3022585,15.513209706375784
3022586,0.26914676627271183
3022587,157.11180930613045
3022588,6.420227763389687
3022589,2.0106589820661664
3022590,5.25469325430287
3022591,26.569148197660667
3022592,1.0903043674286115
3022593,62.49070159046638
3022594,141.44787875115153
3022595,2.24964348643461
3022596,4.635417374981934
3022597,114.64935222535424
3022598,36.74856567977335
3022599,1016.4647280623896
3022600,43.56075220029504
3022601,8.644069402540376
3022602,4.508274030389144
3022603,0.4957340475117135
3022604,2.110778093086964
3022605,2310.3385722364783
3022606,0.5499284511388566
3022607,173.42193753317505
3022608,3.633298308999695
3022609,880.2491688415682
3022610,322.57612179484875
3022611,273.1979376363836
3022612,88.76980610451719
3022613,38.04751735270001
3022614,3036.5019113151257
3022615,8.040363583488372
3022616,0.5565861073553799
3022617,11.515164870404407
3022618,14.878232275279677
3022619,0.34689737913075835
3022620,169.5023575190553
3022621,7.729949438088585
3022622,2.3427683389785496
3022623,3.727931170641163
3022624,14.818326245855125
3022625,1.4336856234781128
3022626,121.47037534077323
3022627,172.75240764359262
3022628,1.2699698134052344
3022629,5.66964215739632
3022630,76.31052414976692
3022631,22.950213099991668
3022632,411.8178021072272
3022633,2.92443078336769
3022634,3.7039607677833195
3022635,4.514516570779351
3022636,0.41581599898298177
3022637,6.716724338990236
3022638,2610.540424852291
3022639,0.6001889350898433
3022640,570.076095698057
3022641,8.693482714188379
3022642,755.6986513115544
3022643,745.3525039274518
3022644,201.2745256120484
3022645,161.75546465520011
3022646,87.14867426237609
3022647,3288.321111844748
3022648,29.79735789052945
3022649,1.3552834248811838
3022650,16.041646743496514
3022651,21.27174397308626
3022652,0.4603627468013852
3022653,219.97878123913992
3022654,16.635185385372715
3022655,8.835506047092869
3022656,4.320125743381661
3022657,48.28015716836346
3022658,6.893614173579509
3022659,335.3864253474335
3022660,220.35542035023064
3022661,6.60026729014492
3022662,7.681005433338786
3022663,395.90182970404385
3022664,107.12470699147178
3022665,2034.8467761499242
3022666,0.39138464990057564
3022667,30.124265965976054
3022668,5.2814430119025655
3022669,0.38431079813603475
3022670,3.138106121757708
3022671,3560.8642561462075
3022672,0.5242390061129251
3022673,468.72791807735916
3022674,5.511711458155528
3022675,1236.5807549931983
3022676,670.3185059737906
3022677,500.98995523309264
3022678,141.37568723374477
3022679,61.751152193190904
3022680,5583.132407622665
3022681,11.213923592083145
3022682,0.7061000836969402
3022683,15.744186495596367
3022684,16.21894096769907
3022685,0.25750904841912037
3022686,327.5531398198665
3022687,2.7186034806560193
3022688,5.815767714068152
3022689,6.167838886684967
3022690,24.056168559962753
3022691,2.0406789180172185
3022692,248.303578649159
3022693,344.43572283110666
3022694,2.929856723548761
3022695,3.8472995507009453
3022696,283.1193617969117
3022697,55.970304377529935
3022698,904.0740540474922
3022699,73.90110812614611
3022700,9.625871505996274
3022701,7.347903661254122
3022702,0.49183012997308406
3022703,2.989219276331355
3022704,3090.3045216612945
3022705,0.5184619929378749
3022706,436.100241652219
3022707,4.291292312430551
3022708,1184.942446809609
3022709,570.1380359099719
3022710,298.10695202537227
3022711,408.5508443710529
3022712,58.504242652326724
3022713,4246.047370204526
3022714,10.551104580487412
3022715,0.5883481299511197
3022716,32.86164107259813
3022717,35.23465618495284
3022718,0.26858887628260314
3022719,318.1501497624541
3022720,4.370279966672445
3022721,1.5736545693933308
3022722,7.234330616631912
3022723,38.777479896853826
3022724,1.9278542439130626
3022725,101.22477500668725
3022726,294.8257631227937
3022727,1.6157338838441837
3022728,4.4102811751133455
3022729,144.4624638544144
3022730,137.14273289782616
3022731,1080.0423626528843
3022732,1.02215826591837
3022733,4.724992535274325
3022734,4.293679889120775
3022735,0.4754415067711534
3022736,2.6923608287116316
3022737,1636.220409679765
3022738,0.49389946511003163
3022739,132.76941482113364
3022740,5.75783164966864
3022741,640.1588047075106
3022742,309.1892694092686
3022743,140.47877523934582
3022744,60.78849711882746
3022745,32.931274056946286
3022746,2438.200973132611
3022747,2.9820616032176015
3022748,0.4488097739398128
3022749,19.845461703155095
3022750,14.655992072205148
3022751,0.3005930269877223
3022752,168.12193350780169
3022753,1.4778055761946318
3022754,2.742433794709832
3022755,4.525860447176791
3022756,29.45378901514387
3022757,2.14690355001465
3022758,112.21156513992909
3022759,169.49246766365616
3022760,1.1078259223238283
3022761,4.183485490227045
3022762,128.06341381385303
3022763,26.7256428092253
3022764,426.1346326162096
3022765,8.136080534201852
3022766,1.7859905213011849
3022767,1.4160072029236392
3022768,0.32036015720882727
3022769,1.2622532590049194
3022770,1267.7626793105774
3022771,0.4949054649136823
3022772,246.0747740429223
3022773,6.353740061208544
3022774,440.36304905786506
3022775,416.5614690390265
3022776,124.24622687782103
3022777,40.92604196856121
3022778,45.7946370997207
3022779,1908.2190024905458
3022780,16.411828668781993
3022781,0.4876844965798208
3022782,10.948758820751209
3022783,14.987310862408034
3022784,0.3082556548315593
3022785,124.71090828778054
3022786,10.382702486204519
3022787,0.9861966763841893
3022788,3.7928797981502376
3022789,31.70289248147785
3022790,3.122671743305342
3022791,351.3824011236189
3022792,137.10593027102746
3022793,2.9461870125792906
3022794,4.006422637857613
3022795,271.9688169964356
3022796,21.76090668385021
3022797,1102.2699687170577
3022798,0.3902760391173795
3022799,4.978338586410562
3022800,2.0412343629423595
3022801,0.34759084358463543
3022802,4.897614415896594
3022803,3150.4338972044725
3022804,0.5853257639299269
3022805,686.0973243698751
3022806,10.478706755440015
3022807,942.0582541413976
3022808,1206.429965797493
3022809,240.76579747147895
3022810,209.8738207138215
3022811,126.13160339183536
3022812,3625.9021359012004
3022813,25.894995128115497
3022814,0.7520882847809773
3022815,17.42996531106111
3022816,31.78482859347954
3022817,0.3554548039655063
3022818,226.62094809872409
3022819,8.867496251058103
3022820,23.433009074601998
3022821,8.918097602628709
3022822,48.65481532867163
3022823,9.163353221242527
3022824,321.6278051479288
3022825,241.4076079168853
3022826,15.088361179810702
3022827,7.63929126412128
3022828,473.17674861946085
3022829,97.5246077846669
3022830,3020.9740387051024
3022831,0.9660727467045686
3022832,18.609871124483824
3022833,1.0772444193868884
3022834,0.14436327927579287
3022835,1.374404119281046
3022836,1564.632110909687
3022837,0.3537301011190293
3022838,281.67787108704323
3022839,2.7119274651559224
3022840,307.37051326063784
3022841,423.9966486839593
3022842,105.92537282466955
3022843,69.04799234618349
3022844,43.07032522400558
3022845,1346.724080655531
3022846,9.058373898725094
3022847,0.44151088024171364
3022848,7.058061597772012
3022849,13.575666049852503
3022850,0.1761687101645674
3022851,75.37436737201233
3022852,0.2991303020436193
3022853,6.50675700844269
3022854,1.317434838882738
3022855,83.03757517404249
3022856,3.444039859573624
3022857,103.86725146700377
3022858,81.30492114412783
3022859,1.9733137831904413
3022860,2.8133013403749345
3022861,102.79198668158273
3022862,20.832362261178464
3022863,823.7627856394209
3022864,0.18994012392471504
3022865,2.0010658241466057
3022866,2.79285408818006
3022867,0.2654792762946887
3022868,0.35659341832384117
3022869,689.5982632914454
3022870,0.4071404828573507
3022871,190.4128904183261
3022872,3.5277110014880653
3022873,294.37451920515616
3022874,216.09225946710524
3022875,86.5772915867766
3022876,28.441282178837888
3022877,24.13292654533031
3022878,1196.4962287982594
3022879,4.757371542075806
3022880,0.34961270301508124
3022881,8.40353304777975
3022882,5.264623530613726
3022883,0.1767030961435732
3022884,73.10379146161745
3022885,0.37324606263407883
3022886,4.317220252921843
3022887,1.0512735882505893
3022888,10.427955892321926
3022889,0.3251639925478501
3022890,195.98819815300314
3022891,97.0223915377614
3022892,1.4496734194932002
3022893,1.1399101992733085
3022894,115.16856843634913
3022895,18.036737219473412
3022896,354.1200538347004
3022897,0.4978130113429025
3022898,1.362506785696224
3022899,4.194182121351337
3022900,0.33177581864083006
3022901,3.872853787619481
3022902,3027.3884296329215
3022903,0.491668731686783
3022904,646.7338693226061
3022905,9.81506062762881
3022906,833.5126285687913
3022907,976.7219949215167
3022908,252.42265938596145
3022909,221.62462516659286
3022910,94.57583755818615
3022911,3743.65829787076
3022912,25.400631522862547
3022913,0.9953856706254236
3022914,13.638692999315849
3022915,30.211281389268436
3022916,0.4825322127607433
3022917,217.66709635864876
3022918,6.273397292685813
3022919,23.461197099498605
3022920,4.782438705930452
3022921,67.56284072734066
3022922,3.1379079847278213
3022923,258.0438818274513
3022924,230.7519572904197
3022925,8.080326420022601
3022926,6.9803251974812275
3022927,369.63901992122817
3022928,71.19141540318871
3022929,2485.5507270781627
3022930,1.020342026155216
3022931,15.640882042154919
3022932,3.5523879051860545
3022933,0.32565087418876226
3022934,2.2478104692066148
3022935,3092.4042721651012
3022936,0.48480842682571995
3022937,585.9618719845328
3022938,7.2749471806669055
3022939,904.960208744033
3022940,770.6540848117085
3022941,291.6278099754281
3022942,289.76978933128754
3022943,46.36127436807405
3022944,5439.888128003159
3022945,13.457348931013128
3022946,0.5191973548944367
3022947,25.6498931456449
3022948,16.616282794781302
3022949,0.29841708639662357
3022950,233.498733056032
3022951,0.3845637190857585
3022952,3.1880726533005097
3022953,3.3146945564411445
3022954,22.203695151825652
3022955,0.7826319151947227
3022956,145.76068155224687
3022957,263.3066911077876
3022958,3.214795757073073
3022959,4.061411973349596
3022960,160.86664645893728
3022961,73.76240347861767
3022962,1204.7353520655704
3022963,1.4816369654531663
3022964,3.055726492915454
3022965,4.170788605008424
3022966,0.5282912397988567
3022967,1.9316754994376437
3022968,2779.8044656097195
3022969,0.48600281372805654
3022970,661.3457096454636
3022971,5.24153808538432
3022972,823.6725290710046
3022973,654.1421831733046
3022974,239.05975326843182
3022975,348.3175529185819
3022976,50.39750970243834
3022977,3491.9657076572903
3022978,13.700004260448152
3022979,0.6129666864074439
3022980,28.05942271776992
3022981,13.0233119962638
3022982,0.2970288698849968
3022983,226.778112676411
3022984,0.3856774686723377
3022985,3.353576117308322
3022986,3.6677278997605747
3022987,43.48267949319785
3022988,0.6414388043158725
3022989,111.79619585149202
3022990,217.79283446599558
3022991,3.5787146016044886
3022992,4.837770272526221
3022993,159.00555814311713
3022994,55.83994529994646
3022995,877.7544903187465
3022996,1.4894924961039533
3022997,4.067862049501608
3022998,6.8880603288006075
3022999,1.5660484017329257
3023000,16.074696890638087
3023001,7367.901411985302
3023002,3.0021936646156893
3023003,1071.8388183287166
3023004,21.63293136843816
3023005,1810.1036391950765
3023006,1987.7595696810185
3023007,318.82631275011113
3023008,421.80175524381536
3023009,293.88921789940537
3023010,7236.851787403633
3023011,70.8751596600895
3023012,2.397406903890027
3023013,42.21791139749014
3023014,57.12295934008826
3023015,1.3941671814199752
3023016,476.79705757475057
3023017,35.820535666365885
3023018,31.7777247118608
3023019,26.00518164323699
3023020,127.51151646634993
3023021,17.792966473342567
3023022,610.5015159258339
3023023,502.43036631332586
3023024,13.876064219021323
3023025,23.659924901729585
3023026,1043.3995795986914
3023027,197.17283321201535
3023028,7063.329467415844
3023029,0.6979973546471483
3023030,80.12442934311642
3023031,1.7171132838041117
3023032,0.5291667257588728
3023033,0.7801930779049541
3023034,1268.1304650621717
3023035,0.4936772223977874
3023036,161.4822799278102
3023037,3.3372820392952702
3023038,416.7637570257676
3023039,235.40841425948648
3023040,106.5597216076815
3023041,189.03704013476795
3023042,30.65598245115731
3023043,1799.6392797596473
3023044,5.108079286521028
3023045,0.4363550611558244
3023046,11.366546078233231
3023047,5.357086055435867
3023048,0.2641018519042333
3023049,118.92208489094666
3023050,0.5315842557060783
3023051,1.4450909932335565
3023052,2.3550041170744036
3023053,23.414249385508505
3023054,0.6951377450586286
3023055,40.553896476688266
3023056,82.52816461019067
3023057,1.4258470245016726
3023058,3.5058764250339327
3023059,76.51641470486419
3023060,14.832572074195891
3023061,426.4651561225666
3023062,0.8628483572228983
3023063,2.3585592320317366
3023064,4.772187666196283
3023065,0.3701211149923797
3023066,1.7140497507931
3023067,3179.2352986321243
3023068,0.5121473368069996
3023069,521.5273734534942
3023070,5.779939703135847
3023071,994.5260698005151
3023072,600.6652166852463
3023073,206.50562373787483
3023074,398.48286381345804
3023075,45.52741475223234
3023076,4101.178904987523
3023077,11.631198662012316
3023078,0.3934680145475017
3023079,18.32896350296037
3023080,16.69867227331428
3023081,0.2612732272775385
3023082,247.4088876339543
3023083,0.6250423193983883
3023084,2.9915805824546413
3023085,5.071802518452847
3023086,9.542116538345343
3023087,0.7629483151948568
3023088,287.90662525427575
3023089,233.9810126591101
3023090,2.660346877166025
3023091,4.204513935091361
3023092,98.8096461470691
3023093,56.45402770397155
3023094,935.113409195076
3023095,1.2614841472708513
3023096,4.773743820024368
3023097,1.1756584268066825
3023098,0.18464686616736295
3023099,1.4330335654107265
3023100,925.8557589528341
3023101,0.4033626688047962
3023102,111.3809682321607
3023103,1.9915229116497482
3023104,446.93844319371925
3023105,168.09259581252752
3023106,86.91644570529351
3023107,405.43610649986067
3023108,15.761825628653504
3023109,1485.3862869205223
3023110,1.0674651766333734
3023111,0.270060100328988
3023112,6.6070200336745835
3023113,3.6749153379380353
3023114,0.17039089637869498
3023115,93.37314457775238
3023116,0.2754312513040364
3023117,0.6822272487843261
3023118,0.8460251241883663
3023119,8.594749610680054
3023120,0.3494121893569617
3023121,58.71551777954584
3023122,80.53306594546711
3023123,0.330184100868508
3023124,1.1648191880695147
3023125,44.039370269879086
3023126,11.178293325182127
3023127,164.8286708889089
3023128,0.7952536915802488
3023129,1.321692667702128
3023130,5.6511961208367465
3023131,0.298363828660834
3023132,1.2114047668822916
3023133,2050.879080627648
3023134,0.47357866916730196
3023135,223.7731922026232
3023136,4.15639860552149
3023137,920.1039372168602
3023138,371.5987096328537
3023139,153.36581141379637
3023140,406.1663057310701
3023141,30.655902323805638
3023142,2906.4718899547584
3023143,2.0116115772300853
3023144,0.7371267560125082
3023145,26.366036271466484
3023146,15.016268160121445
3023147,0.27526754957609584
3023148,198.12747484527938
3023149,0.3562668329746581
3023150,1.4122241189838363
3023151,10.228651907802272
3023152,15.943146135431096
3023153,0.9042343707155924
3023154,193.8030059939374
3023155,211.59248148329493
3023156,0.8690257789131217
3023157,3.6712830653782165
3023158,166.12251273557004
3023159,27.23963161313282
3023160,1042.7101290841697
3023161,0.8550198896046035
3023162,0.8547200568525425
3023163,2.7706618492041426
3023164,0.408270606638733
3023165,1.4549968989920665
3023166,2487.3715580698513
3023167,0.5670462345201032
3023168,638.6216560737048
3023169,6.643497039314641
3023170,888.6895832758298
3023171,590.2310284291434
3023172,202.78104003492834
3023173,184.02476955595043
3023174,54.19850758149274
3023175,3685.3673211920577
3023176,4.6288460481693585
3023177,1.7115109088034175
3023178,19.405476983960426
3023179,33.659646071573434
3023180,0.3610067729145132
3023181,189.71948109318498
3023182,2.2806968865492765
3023183,5.444099538286191
3023184,4.386894830731911
3023185,18.738984180796947
3023186,1.4740076062012337
3023187,154.3798025985744
3023188,256.2491355473481
3023189,3.9033899269016272
3023190,6.177765627666317
3023191,135.41483116577157
3023192,26.174583731150072
3023193,536.5038582311247
3023194,3.1218070750302496
3023195,2.6536100753852283
3023196,2.537405603123155
3023197,0.2127410438666819
3023198,1.4835834039928766
3023199,1370.8936197524115
3023200,0.36360738123970243
3023201,102.4894007264268
3023202,1.4905955269844164
3023203,452.6214306321739
3023204,165.89011003894217
3023205,81.91736503538579
3023206,207.38080473245134
3023207,26.130187514051986
3023208,1892.307283173582
3023209,2.7116686131109082
3023210,0.4096747458962
3023211,10.175831816984164
3023212,4.789542279552498
3023213,0.1912698189106328
3023214,94.13907220283994
3023215,0.2969145935336167
3023216,0.5994191569245124
3023217,0.7099187442276429
3023218,10.917495320898176
3023219,0.7874365593641232
3023220,150.92507503022216
3023221,86.78286712674533
3023222,0.38091932618784025
3023223,0.6381027477588644
3023224,40.09597402122799
3023225,16.040852648586284
3023226,314.4420518512455
3023227,0.7639335638010321
3023228,0.4383693559674921
3023229,3.5877872451719552
3023230,0.3302293890220846
3023231,0.6499839787778435
3023232,3049.470323918875
3023233,0.506337333155322
3023234,469.1694367571809
3023235,7.419483854072003
3023236,773.7086455046992
3023237,518.130605124127
3023238,177.1369977497784
3023239,165.63295058416008
3023240,72.35695899084672
3023241,3428.1586252960215
3023242,3.3435979041226784
3023243,0.4851491608065015
3023244,18.118564189793098
3023245,11.2372212136399
3023246,0.43432417083806607
3023247,202.36201782079002
3023248,0.3983146882718845
3023249,11.802390847265634
3023250,1.1691679460147804
3023251,33.42374024068064
3023252,0.8386974255922175
3023253,176.03512223502202
3023254,205.66759912579852
3023255,2.765815239946259
3023256,3.1963331222303486
3023257,105.84783976322602
3023258,40.05304596295183
3023259,986.6686989340469
3023260,1.0575860884333852
3023261,0.7703238590970375
3023262,2.7705717393061216
3023263,0.39276510890715727
3023264,5.558501313275082
3023265,2375.278756943364
3023266,0.5832401022625926
3023267,487.4172079468501
3023268,5.8806636870546
3023269,782.9223790964804
3023270,802.0571596913293
3023271,147.8692768755448
3023272,114.57930815874477
3023273,87.80744007124775
3023274,3000.531245273036
3023275,36.18867652822724
3023276,1.0028085025991837
3023277,22.485364102158293
3023278,24.064575839036205
3023279,0.3787492726739684
3023280,200.60926373393508
3023281,16.80478836614037
3023282,13.3055895321791
3023283,4.037843346606954
3023284,68.03436737159646
3023285,6.2575234629385665
3023286,165.0240406384262
3023287,243.80361230842536
3023288,9.61658962188538
3023289,10.69715833543075
3023290,213.94625929552413
3023291,64.10578419029092
3023292,1854.840836580553
3023293,0.47716503211218225
3023294,9.874400158162995
3023295,4.578916637690175
3023296,0.3587809612000547
3023297,6.402854139542326
3023298,2084.723502942313
3023299,0.541331471254991
3023300,416.2204266130522
3023301,11.0401066631313
3023302,867.3238274111442
3023303,689.8047403748512
3023304,146.1325027662657
3023305,80.35992824072213
3023306,86.28115317285236
3023307,3264.09906434599
3023308,17.394789632686074
3023309,0.9666713373978315
3023310,31.16168997071269
3023311,31.843957472411862
3023312,0.3153053987215477
3023313,286.874240059848
3023314,18.10910395800001
3023315,8.269867391524105
3023316,5.356242895756209
3023317,52.462017029329346
3023318,7.490768115795761
3023319,143.76307234390177
3023320,356.3025145800252
3023321,6.404099691180449
3023322,6.224842740885821
3023323,110.79976661973018
3023324,70.17280249541714
3023325,1672.3860827747703
3023326,0.4284828403552061
3023327,12.137643473630218
3023328,6.807072833685398
3023329,0.4050840993193595
3023330,4.654421488181564
3023331,3477.555915939084
3023332,0.538061502526031
3023333,644.7112881534692
3023334,4.665342438415667
3023335,1464.6061762054392
3023336,585.2353723400205
3023337,187.9348387928268
3023338,722.4175545344591
3023339,54.17964215572063
3023340,4690.037812641498
3023341,30.177335024180135
3023342,1.2316323827106381
3023343,18.984817242411353
3023344,16.39284611041549
3023345,0.33356500360290325
3023346,315.07974626758505
3023347,3.705122129328088
3023348,9.460161937840795
3023349,5.436059397505932
3023350,29.521642532572056
3023351,4.015088716559003
3023352,142.85988905184996
3023353,296.6521581091489
3023354,4.88938306339095
3023355,6.566852450556571
3023356,186.62167934394432
3023357,47.18108328364822
3023358,1327.6040314774796
3023359,18.457344432462563
3023360,12.301909186869949
3023361,2.2870373026113207
3023362,0.45711172237067527
3023363,4.525031027467276
3023364,2224.906416583082
3023365,0.601912689806265
3023366,340.3102709863958
3023367,6.294188098964648
3023368,695.9388915506199
3023369,692.6427377032109
3023370,152.62452076210877
3023371,129.29021528037697
3023372,64.99675016790168
3023373,2750.9436562905494
3023374,17.323463536626655
3023375,0.9872164862640317
3023376,9.42581857656352
3023377,10.065514440821486
3023378,0.49907211098617893
3023379,184.79441177186732
3023380,14.043314096166052
3023381,13.556352322128372
3023382,1.8243359719477588
3023383,41.835576658100635
3023384,4.1687272128816275
3023385,302.40614770248914
3023386,199.8785408972031
3023387,7.471391911910246
3023388,6.407155574414508
3023389,343.24401295044
3023390,38.5343762839831
3023391,1917.880142714648
3023392,0.36483117380099006
3023393,21.585697827836544
3023394,2.257548218703637
3023395,0.3922472211342513
3023396,3.0456588189776235
3023397,4189.063451823608
3023398,0.5278544737328674
3023399,426.9445759412887
3023400,4.319793448437045
3023401,1445.0094625243378
3023402,607.0504910116048
3023403,246.38528253638623
3023404,235.1301796371583
3023405,52.03555023177923
3023406,5485.697455963541
3023407,6.09967947725161
3023408,1.219141297240911
3023409,23.8691992627096
3023410,24.34919549612952
3023411,0.30262835472181576
3023412,363.48004915978674
3023413,0.44168581253202865
3023414,0.8846562535250496
3023415,7.387194268523357
3023416,17.626141853231726
3023417,1.1962236946864633
3023418,122.20331781975892
3023419,304.7441816119378
3023420,3.0030931543619457
3023421,6.451440847432599
3023422,150.7790582558355
3023423,54.34202480176111
3023424,1017.4628386767305
3023425,1.1641223589691316
3023426,4.850647081108178
3023427,4.965352886254914
3023428,0.3517415153263917
3023429,6.924377568709953
3023430,2160.7448913537446
3023431,0.5280825163989469
3023432,432.83153623666396
3023433,8.844952747426468
3023434,862.5752370105274
3023435,691.0497934263049
3023436,187.54661731827935
3023437,130.27426973490842
3023438,96.5917263723498
3023439,3115.3554463420896
3023440,26.75005229434489
3023441,0.7529540943627416
3023442,21.06712600267319
3023443,29.461269117119457
3023444,0.30364777832856726
3023445,211.86120103317506
3023446,12.12019652083119
3023447,8.231416106870265
3023448,6.699150420643358
3023449,39.196860896456016
3023450,8.48276070011236
3023451,179.08671853782076
3023452,259.93597086157774
3023453,11.036836363211032
3023454,8.549294212240245
3023455,181.2176214669813
3023456,52.74303079505236
3023457,1860.0747627705161
3023458,0.7835892044565966
3023459,5.418342821904783
3023460,3.070860752685547
3023461,0.35667368961844914
3023462,5.308426809869376
3023463,2220.3559515422066
3023464,0.5373227878353758
3023465,438.7987951246794
3023466,7.844118603891919
3023467,660.6309368212258
3023468,738.6045902678586
3023469,149.17573245729946
3023470,125.36169805018135
3023471,90.7261355892102
3023472,2802.715609551619
3023473,29.3663579145259
3023474,1.0266266100437362
3023475,18.5004485836829
3023476,19.19861296476837
3023477,0.31037281178517817
3023478,192.54829397842838
3023479,11.189714446674635
3023480,21.516079416716398
3023481,6.464857210242259
3023482,38.427575563503275
3023483,8.118322232687039
3023484,188.40330412041072
3023485,188.86728652878048
3023486,6.559199904057819
3023487,7.205530112110263
3023488,188.34693708147663
3023489,41.508675483925316
3023490,2153.542517185921
3023491,0.43426389391360987
3023492,12.456536441299095
3023493,3.4956423910933054
3023494,0.33777219582694945
3023495,1.9589900251674746
3023496,4632.384742031414
3023497,0.5146132344385383
3023498,561.45599033304
3023499,8.444150965908818
3023500,1159.0612777239835
3023501,732.5012572744619
3023502,288.0533827222432
3023503,398.8235040415018
3023504,56.80356853745968
3023505,4665.724965888436
3023506,7.882914536970554
3023507,0.4341818913094996
3023508,13.564835684299023
3023509,15.923053687920982
3023510,0.29061838003583434
3023511,242.78311077861312
3023512,0.4221331982734371
3023513,3.4615030392220434
3023514,2.0980990288370345
3023515,42.50904676727233
3023516,1.6335630006799533
3023517,188.1814765468527
3023518,261.7894090758668
3023519,3.569764672439319
3023520,2.7067853048732915
3023521,184.4631605256382
3023522,117.30377781802329
3023523,1002.8931254739894
3023524,2.681685924811991
3023525,0.7758882367220401
3023526,13.0000625353428
3023527,0.6420771346066364
3023528,13.943664304685758
3023529,7392.930936386577
3023530,1.2777775257819457
3023531,1428.3443232716581
3023532,18.09413138973725
3023533,2141.2356374850133
3023534,2218.4436517919316
3023535,480.1854868773375
3023536,541.3579148875895
3023537,300.54039587097975
3023538,7629.83937107556
3023539,72.17303900598355
3023540,3.5501939621879948
3023541,92.0405724137756
3023542,89.67296526028846
3023543,1.0957212392655546
3023544,582.918073526108
3023545,33.2773598864199
3023546,15.962063314809958
3023547,42.5065455778548
3023548,185.86720919937483
3023549,19.77374552269464
3023550,692.2758438365495
3023551,520.7407924894723
3023552,29.844041230085562
3023553,34.063931938044156
3023554,935.4168571448761
3023555,256.6837009023865
3023556,7703.087648460558
3023557,463.0831800946772
3023558,81.11059856923127
3023559,12.476602149841177
3023560,0.506544598394473
3023561,13.93182772633261
3023562,7464.862128489029
3023563,1.034811078641312
3023564,1054.5175995534155
3023565,16.99786166492344
3023566,2312.5874308678717
3023567,2051.2693831674264
3023568,629.0326907858622
3023569,352.7480547664457
3023570,245.40811393191316
3023571,8515.911510161448
3023572,94.63701930703215
3023573,1.097799500409296
3023574,47.63024184164641
3023575,74.5390614431172
3023576,0.7659836204690544
3023577,599.4685566680222
3023578,24.122785000761926
3023579,18.70333785212834
3023580,13.608829323373097
3023581,119.3886101233632
3023582,16.287287507865095
3023583,872.3289716716213
3023584,727.1323870501583
3023585,19.075240926800255
3023586,28.528048025795066
3023587,1123.3949402343867
3023588,208.985204571424
3023589,5841.386448858921
3023590,591.2649940379591
3023591,83.14045918802282
3023592,9.70992595833054
3023593,0.464265237790442
3023594,16.50145192929059
3023595,5147.419075749237
3023596,0.9560547545211298
3023597,803.1521082082356
3023598,12.824891621991707
3023599,2008.8528140539624
3023600,1444.1189494168866
3023601,699.1702087609517
3023602,137.8875734139887
3023603,199.23247121801285
3023604,7535.747351061248
3023605,37.781510073403865
3023606,1.3394631918073776
3023607,25.64173371881843
3023608,28.744039295632547
3023609,0.661940623158737
3023610,547.1018258911986
3023611,27.821029373492884
3023612,15.376521939717023
3023613,12.680083955504767
3023614,81.81520269647515
3023615,8.30148996615766
3023616,849.0202342105788
3023617,648.1647873124334
3023618,18.751921405064266
3023619,36.48747843059125
3023620,710.4037894028462
3023621,111.91444620609735
3023622,2308.681880991434
3023623,332.46492762387663
3023624,36.71716658054496
3023625,10.705028032590803
3023626,0.5215249410684111
3023627,15.669737016023126
3023628,6929.051605070608
3023629,1.0138169330216509
3023630,992.6408813022923
3023631,15.86051251091978
3023632,2088.1011701312245
3023633,1886.6094170503545
3023634,580.0891837722792
3023635,318.7423878614696
3023636,199.7327575154746
3023637,7878.825404554937
3023638,41.5681900459236
3023639,0.913271326645795
3023640,49.56183972329731
3023641,65.32178551281709
3023642,0.8531021172837143
3023643,560.3994544013698
3023644,24.996045051115743
3023645,19.27325349719141
3023646,14.866780782076255
3023647,116.53922936993217
3023648,9.868576974437385
3023649,721.5634809818031
3023650,666.875198815212
3023651,17.85184947628226
3023652,20.396557753841726
3023653,1017.650819665256
3023654,199.83982301320026
3023655,4959.216788113052
3023656,481.93069792522857
3023657,70.6924265539235
3023658,9.642543345507285
3023659,0.4088362069216232
3023660,13.834799328304362
3023661,3905.4312230118157
3023662,0.580517453462694
3023663,755.016158927284
3023664,13.101349739390407
3023665,1866.7547981120983
3023666,1065.2021208990654
3023667,541.2858667514212
3023668,104.73142463516919
3023669,143.17902597107437
3023670,6713.302291906128
3023671,30.46685072578914
3023672,0.689027580160978
3023673,26.503120081578405
3023674,25.461719246011196
3023675,0.4959309403822314
3023676,482.642274259024
3023677,21.935423203631487
3023678,6.058122369354324
3023679,14.163338321790826
3023680,68.71490382455808
3023681,3.9488482380080656
3023682,697.1377904542505
3023683,635.4827075337074
3023684,15.874637396238416
3023685,24.243432445527375
3023686,727.9513807110652
3023687,81.59926557020259
3023688,1708.0412209473438
3023689,493.1382933038275
3023690,18.19800909714967
3023691,7.67967002835112
3023692,0.5335480298803832
3023693,10.611692218295428
3023694,6697.08052644686
3023695,1.1147790708638505
3023696,1071.9126501173876
3023697,20.077169027462404
3023698,1699.9696071719266
3023699,2051.203866742973
3023700,383.0948714949703
3023701,409.9267434710403
3023702,257.5075863910486
3023703,7614.123137707169
3023704,71.74249486836435
3023705,1.45090226684431
3023706,43.555439152628985
3023707,52.833616649232454
3023708,0.70832004990418
3023709,456.7008822749054
3023710,18.7469616021721
3023711,20.347764528651307
3023712,10.108670206197388
3023713,154.13652138002385
3023714,16.163881388768225
3023715,716.1659958039047
3023716,511.15275866402146
3023717,21.113096580976652
3023718,26.256573623207185
3023719,935.8235092226595
3023720,200.03714313918817
3023721,7183.430349164396
3023722,299.0245192635848
3023723,76.60763749490127
3023724,4.3362779101060935
3023725,0.4678190629464519
3023726,5.372909994490245
3023727,1685.3679182463284
3023728,0.8852216789795047
3023729,331.0061053481204
3023730,18.101886088944408
3023731,740.2451046455888
3023732,515.7876794729775
3023733,201.28330099555353
3023734,80.41859477188223
3023735,73.53875209211694
3023736,2735.141595437054
3023737,21.947918763128424
3023738,1.0200801141586457
3023739,23.5139802820892
3023740,22.804255984061943
3023741,0.5181405935402787
3023742,193.4791790547062
3023743,11.565706304568085
3023744,8.055508343976022
3023745,8.712849057642494
3023746,35.046021898469114
3023747,6.207333506590089
3023748,211.18724815596048
3023749,205.63714314784596
3023750,2.5382907705995916
3023751,5.382100859777342
3023752,184.14963993572374
3023753,58.99816761155025
3023754,1286.9201733037821
3023755,0.6960508581197857
3023756,7.872378730114131
3023757,7.156013589762101
3023758,0.4953841864565598
3023759,11.025716812554801
3023760,4009.3341370286316
3023761,0.766755037174375
3023762,512.8101315987983
3023763,22.576146985834146
3023764,1484.1268217111835
3023765,1016.9204285848427
3023766,393.2881542166468
3023767,107.55559876173797
3023768,121.97108588326415
3023769,6835.828531125337
3023770,59.07858794262601
3023771,0.7610535312225056
3023772,43.246880224480456
3023773,37.22687547777815
3023774,0.5174352527499947
3023775,361.595526446196
3023776,22.180584730913395
3023777,7.067576430631451
3023778,3.389232763562483
3023779,85.65418611815946
3023780,9.7305379686099
3023781,456.9959979387761
3023782,500.04866200268424
3023783,11.388820930010212
3023784,18.82497019137401
3023785,371.2679190714924
3023786,69.03880982381682
3023787,1908.9313628645375
3023788,446.6994271007642
3023789,12.71581037529122
3023790,5.288491627125089
3023791,0.4952001850738423
3023792,3.7377830824199596
3023793,3957.2604746893203
3023794,0.7083023105989292
3023795,819.7258745876795
3023796,7.77530197620557
3023797,1239.6753166395272
3023798,1368.6353993196753
3023799,217.3510552694041
3023800,294.02515371779987
3023801,187.11323011795696
3023802,4581.860364977127
3023803,36.24756857048259
3023804,0.828071452497638
3023805,23.592118987412377
3023806,43.949376281275335
3023807,0.5837227977034667
3023808,274.03610556144093
3023809,1.9572144620127387
3023810,24.726402424959094
3023811,3.8604788973092536
3023812,77.99116281697505
3023813,9.056816863531276
3023814,484.1744464319385
3023815,265.703732615266
3023816,17.346620770292425
3023817,8.264073848498217
3023818,621.9191103622826
3023819,110.09661642625197
3023820,4327.731420655911
3023821,3.083582044651337
3023822,39.16480959863429
3023823,7.196788683480345
3023824,0.0
3023825,8.162585083823657
3023826,3970.1999672067814
3023827,0.0
3023828,769.4132662652682
3023829,7.262974677767015
3023830,1279.5882915780944
3023831,1024.1718727820069
3023832,291.8636028784399
3023833,190.49909112316698
3023834,225.46329938502168
3023835,5406.58454579934
3023836,34.70675102267888
3023837,1.3277471101664557
3023838,38.6525307592796
3023839,36.223480538354515
3023840,0.42258754528278847
3023841,286.4507784717513
3023842,7.300799492261062
3023843,27.85045394013996
3023844,4.878452177826977
3023845,149.77983308295785
3023846,6.2239553578780935
3023847,359.8335552592555
3023848,294.84700688321
3023849,10.59407896777975
3023850,17.650319560730757
3023851,392.32696321783123
3023852,113.05725985166023
3023853,3690.2854362881194
3023854,2.919960006805874
3023855,5.686680474675037
3023856,6.056327060781456
3023857,0.35285739222784346
3023858,3.8962497008652908
3023859,1942.6763195845765
3023860,0.5233814913050532
3023861,405.6614666795813
3023862,3.841884031976527
3023863,787.9379473871566
3023864,462.001953874915
3023865,182.45455358646035
3023866,82.77335620377909
3023867,74.54264691242928
3023868,2800.1813599489337
3023869,13.45214024198808
3023870,0.9510551081191991
3023871,17.81414977657366
3023872,18.087241157002484
3023873,0.32489471856938745
3023874,186.92845657515812
3023875,3.449769992558142
3023876,5.999248718847876
3023877,3.4266366019120564
3023878,47.72985028914493
3023879,3.1562632258517023
3023880,194.12257096704928
3023881,198.52141301158065
3023882,4.629414570754223
3023883,4.716360118978384
3023884,145.8689663240916
3023885,45.31809858258294
3023886,1585.4024582673596
3023887,0.49300214635271533
3023888,2.542178884868159
3023889,3.9828676970396044
3023890,0.29529368505546305
3023891,0.6953742667983485
3023892,3316.3369912189714
3023893,0.0
3023894,236.29266477172766
3023895,2.29242860193651
3023896,1017.0980923060973
3023897,248.8468767709934
3023898,203.17059139143527
3023899,78.50326186451193
3023900,21.608893805894937
3023901,3092.6975969658815
3023902,5.956908980716818
3023903,0.7572283787530253
3023904,18.743033972356123
3023905,9.760626515048772
3023906,0.4715404493813977
3023907,199.22270174571696
3023908,0.4361777744408215
3023909,0.9616810257164576
3023910,2.5097062866131723
3023911,10.180619051912537
3023912,0.6272874179231167
3023913,47.19645558194708
3023914,183.47980586008737
3023915,0.4036529525943097
3023916,1.6235114886232467
3023917,51.175108395895435
3023918,83.88426851828275
3023919,498.46168275827296
3023920,0.5344643949343282
3023921,0.9961198039711077
3023922,4.145456510983256
3023923,0.40210049277062854
3023924,5.542611743897364
3023925,2976.592114219703
3023926,0.6072396146952914
3023927,478.8958572944141
3023928,7.532760784802155
3023929,1014.7964623358081
3023930,907.1358161285002
3023931,305.91068186196856
3023932,171.1215002170731
3023933,122.84592854976799
3023934,4137.433228983055
3023935,31.429104362563013
3023936,0.7857344565397075
3023937,28.019647372661602
3023938,39.47183895531463
3023939,0.40406781145496407
3023940,285.7706727130147
3023941,18.880550084442543
3023942,9.25532714240985
3023943,14.744149268123184
3023944,49.58966249460399
3023945,5.81724878340575
3023946,355.6019052422589
3023947,301.9846437299149
3023948,7.567398491870183
3023949,10.53058052976981
3023950,487.00515615971625
3023951,73.69072307789565
3023952,2262.361729683157
3023953,0.36964536969504386
3023954,35.92803018000462
3023955,3.4894264538529254
3023956,0.5091790609068779
3023957,4.136951700842564
3023958,3682.1544291804357
3023959,0.7571915713656008
3023960,658.7950268091905
3023961,14.635720702790582
3023962,1051.2065533521547
3023963,1291.6602477226668
3023964,188.81424167707422
3023965,291.2716033999806
3023966,191.15152006411836
3023967,3729.219090255618
3023968,36.9098265909322
3023969,2.3072922297841227
3023970,27.651603619412864
3023971,26.933902605965613
3023972,0.91347789227992
3023973,248.8098050691458
3023974,13.352192082364521
3023975,26.35905781200393
3023976,6.548968718052112
3023977,97.21789304880721
3023978,11.41168100505911
3023979,461.0969412761503
3023980,268.1881649606017
3023981,8.779730292067912
3023982,13.478944269056209
3023983,633.9562158358793
3023984,123.1580202288336
3023985,4647.320972939844
3023986,0.5182715992406748
3023987,39.102282563148314
3023988,3.692759757957689
3023989,0.7473462825263493
3023990,10.06006058286798
3023991,3992.8055166399085
3023992,0.7028493921978638
3023993,741.8546674507987
3023994,15.52540297919399
3023995,1078.765306050369
3023996,1277.3992941587876
3023997,241.17910816608963
3023998,294.64369828223266
3023999,137.53251017169785
3024000,4220.240159009777
3024001,35.24339574848602
3024002,2.673727119177506
3024003,27.986847283236116
3024004,43.643177896811224
3024005,0.6108768963198352
3024006,314.3994622850042
3024007,22.174420733621826
3024008,21.932571171582737
3024009,18.33496536759433
3024010,79.76019980441144
3024011,11.548686988336703
3024012,363.99990590789366
3024013,335.3128542798656
3024014,14.695403887663947
3024015,19.097283329230095
3024016,527.815805651797
3024017,132.68621434823314
3024018,3929.102776360822
3024019,0.5915676625184295
3024020,33.348132107135385
3024021,8.914116177257101
3024022,0.22305583641575755
3024023,7.1569467785554215
3024024,3150.7111415874515
3024025,0.6271260691098075
3024026,469.8405265958985
3024027,9.612259278400693
3024028,1483.9269345601324
3024029,743.1826681328484
3024030,469.07170818464493
3024031,262.37295651645144
3024032,69.94910788424076
3024033,5849.012776915248
3024034,9.117343663211775
3024035,1.1830329917558884
3024036,36.65998507812901
3024037,32.44161192682327
3024038,0.32092134718593324
3024039,365.7896814813267
3024040,8.73740196757656
3024041,4.530601288522162
3024042,8.40339286164684
3024043,34.695720758294975
3024044,3.020993113215443
3024045,289.74401761015037
3024046,399.0970599297083
3024047,5.338844640830512
3024048,6.89939463949421
3024049,319.34297081174395
3024050,91.4242825477185
3024051,1260.8094867655923
3024052,141.63709146771177
3024053,11.792160233507067
3024054,3.4368999304154237
3024055,0.46051870380178905
3024056,4.187647791660877
3024057,2022.7507865771775
3024058,1.2347063397308438
3024059,328.81598308096875
3024060,15.463665926082705
3024061,672.3473222494678
3024062,635.3147207910472
3024063,128.4439895543533
3024064,129.54644623408086
3024065,106.69506504353099
3024066,2340.3381486614876
3024067,17.969054564527255
3024068,1.4087862980785189
3024069,18.064318507882906
3024070,26.553850257198985
3024071,0.48504154515113773
3024072,173.8397973640926
3024073,11.658451451729242
3024074,13.299604952223872
3024075,9.321920178026748
3024076,77.4635160770965
3024077,4.654703104603428
3024078,248.8951558147706
3024079,159.77808403982803
3024080,4.169052100190524
3024081,11.053233925019134
3024082,264.24907774232753
3024083,56.24321537115658
3024084,2010.52265689196
3024085,0.42301529309789043
3024086,20.594437700347775
3024087,1.8008084494968446
3024088,0.33226352618195587
3024089,1.4671381320484456
3024090,1151.5364637843518
3024091,0.5561470808339909
3024092,95.85517784460478
3024093,2.396352668724839
3024094,635.1340879281535
3024095,269.08188341415797
3024096,191.38245549364
3024097,39.17084026512716
3024098,30.386619552560024
3024099,2434.1627412533076
3024100,3.1569430548660344
3024101,0.47847526126833784
3024102,5.819142813364634
3024103,6.274458635444078
3024104,0.2644326568862101
3024105,154.59872903602044
3024106,2.7103835951643522
3024107,0.4118101477691925
3024108,0.7837693008936364
3024109,7.944944189088042
3024110,0.4747841996017701
3024111,159.10446998880298
3024112,158.77082209969984
3024113,0.7630470322600705
3024114,3.0717945168139935
3024115,111.71425860434829
3024116,20.508128276212258
3024117,277.78834131123403
3024118,7.721768714404992
3024119,2.987383815982922
3024120,5.332831623639402
3024121,0.4100825315897916
3024122,5.57734739431882
3024123,3748.509707531864
3024124,0.605717632524889
3024125,690.2022584406801
3024126,7.997650108023672
3024127,1657.9957554846978
3024128,566.8549715287797
3024129,460.0382712548971
3024130,301.8474122803815
3024131,65.75527071156657
3024132,6200.45827534516
3024133,15.208969362772388
3024134,0.7901407563403265
3024135,21.75836808333534
3024136,15.876587782937202
3024137,0.4061212657988541
3024138,445.5460236078149
3024139,8.07608135413149
3024140,2.3113581803427796
3024141,5.736937845407587
3024142,23.550996315527076
3024143,1.8368191601006605
3024144,574.9299661629434
3024145,370.03891325943994
3024146,1.4475693944525005
3024147,11.66333044745668
3024148,400.647156005436
3024149,91.7551195198281
3024150,2114.0532992158014
3024151,25.37978425946558
3024152,4.861668553735734
3024153,3.12202479167349
3024154,0.32006039607169323
3024155,1.3609413545142541
3024156,1428.3255628248069
3024157,0.5996884622850265
3024158,167.80312328535797
3024159,7.704695968404625
3024160,737.5286439313852
3024161,349.65005582225683
3024162,166.59302260118866
3024163,46.975670717765325
3024164,31.420303399817907
3024165,2423.84139827699
3024166,5.326699231880614
3024167,0.5732638574687368
3024168,11.005149292637817
3024169,16.598026007901197
3024170,0.39166744739877035
3024171,153.25681407756036
3024172,5.122946302766964
3024173,0.7397942344760038
3024174,12.080700202910734
3024175,20.625443603955326
3024176,2.1307606976984514
3024177,150.19071617997355
3024178,172.35078371156152
3024179,0.9786293183680156
3024180,4.9926578484302695
3024181,133.07217377452756
3024182,32.31330105937604
3024183,381.93682519163144
3024184,12.181294391910729
3024185,2.486989270770332
3024186,3.678582910229304
3024187,0.3081945237586272
3024188,2.232681247393638
3024189,1275.458099428054
3024190,0.5710633643270107
3024191,128.26273558458928
3024192,4.620976915649825
3024193,664.6758502498731
3024194,234.82454891649292
3024195,146.09666164607475
3024196,48.731655057966414
3024197,28.25234750604824
3024198,2445.164252351667
3024199,3.584445544882228
3024200,0.3523496787144994
3024201,9.898576323281727
3024202,7.439449715200506
3024203,0.23739016424264683
3024204,132.31803917706551
3024205,1.3013006926960458
3024206,0.47516864786685215
3024207,1.578031125393489
3024208,17.513372677990105
3024209,0.6853282902580489
3024210,159.43037088329112
3024211,176.89357988324898
3024212,0.5406646192246478
3024213,5.347656529592026
3024214,74.190600418911
3024215,21.135980977629202
3024216,240.86712894472137
3024217,7.122929574628912
3024218,1.5035029274040266
3024219,2.708498760949831
3024220,0.3284619173690983
3024221,2.459334458522428
3024222,1363.2527279720794
3024223,0.5771206934100427
3024224,164.74639429095254
3024225,4.052532257170485
3024226,920.1798651391709
3024227,341.79641913722503
3024228,217.5381928233653
3024229,29.819319395359972
3024230,32.494405727473996
3024231,2754.799847849581
3024232,3.307884248301473
3024233,0.519171926661738
3024234,7.873654161797998
3024235,16.89302436176375
3024236,0.2501526009094089
3024237,178.01016401343804
3024238,1.1964926823802144
3024239,0.7539600933057125
3024240,2.492517872525778
3024241,13.61549015190218
3024242,1.4484363413318782
3024243,165.3271371500732
3024244,237.16248815278493
3024245,0.6570692519011765
3024246,4.2061599258718685
3024247,54.15471606146764
3024248,81.69849788759213
3024249,478.89711915133387
3024250,1.2717375850369148
3024251,3.0143370715968683
3024252,3.228274213101619
3024253,0.3772306581964438
3024254,2.873762651719967
3024255,1585.3583516440995
3024256,0.5956779900487017
3024257,146.17731242689888
3024258,3.2153286739183518
3024259,767.3239567332715
3024260,327.27654034839367
3024261,231.07198133158676
3024262,95.20915711880139
3024263,54.85290425890976
3024264,2571.2434067186055
3024265,4.661244463858461
3024266,0.4652182924143333
3024267,16.00455800025331
3024268,18.10760143683201
3024269,0.2712983221178306
3024270,200.52610315900486
3024271,5.2011848573237796
3024272,0.7326393836567554
3024273,3.0962604086193704
3024274,15.909309690214698
3024275,1.3040814591637209
3024276,130.34755236141987
3024277,179.090829838619
3024278,0.45063387753669604
3024279,4.647725937549946
3024280,112.36315976480327
3024281,43.48788886835041
3024282,964.031411870132
3024283,7.565518959555039
3024284,3.3279884108177393
3024285,3.3156111508197377
3024286,0.33879718368182105
3024287,0.583823761452668
3024288,1289.4933512582054
3024289,0.56441475148873
3024290,152.35734932168648
3024291,4.220229801143254
3024292,725.931881259365
3024293,221.3801507779882
3024294,152.7397553750852
3024295,115.48956755134039
3024296,21.528478151288876
3024297,1904.500696514957
3024298,3.7269191506589894
3024299,0.3699929269576109
3024300,9.768748752613963
3024301,10.255677115937873
3024302,0.23091244418146098
3024303,139.63600693587762
3024304,0.47820107241811927
3024305,0.6975682607537859
3024306,2.5918678172820044
3024307,14.139077317769432
3024308,1.0639417453169213
3024309,50.90504413440899
3024310,119.39847652967723
3024311,0.38861462246271355
3024312,2.5372891840800524
3024313,60.20188643164955
3024314,33.63650893998896
3024315,781.1784442074407
3024316,0.5537937219821685
3024317,1.0063613690285873
3024318,5.00257850692164
3024319,0.5217407286175646
3024320,3.7265228157072685
3024321,2634.5238474672137
3024322,0.5894311294650323
3024323,297.5144494875975
3024324,4.05122669817159
3024325,1085.467977206739
3024326,629.373103454636
3024327,419.224352404473
3024328,202.93243828220477
3024329,99.0703378826247
3024330,4120.259015002772
3024331,8.897699010624445
3024332,1.4079974700084463
3024333,20.577909841971174
3024334,19.683236433173626
3024335,0.29937144419625594
3024336,259.17218861906036
3024337,1.5090074624093786
3024338,0.7104691613874274
3024339,8.327033870717884
3024340,16.012567155732658
3024341,2.249435202209528
3024342,241.28003288593885
3024343,254.5965961559995
3024344,1.456681998913179
3024345,5.980775445134197
3024346,314.11163814753587
3024347,48.29598982946821
3024348,2056.6423004923904
3024349,33.34513644184584
3024350,8.169049994298483
3024351,2.135427468587433
3024352,0.6049963783947866
3024353,4.0073598053757
3024354,1854.2743119951506
3024355,0.4264599059207477
3024356,478.8502390393709
3024357,5.092206553955087
3024358,573.3110831974783
3024359,519.3940133015219
3024360,184.6219573097808
3024361,158.94339983076367
3024362,41.377930433220186
3024363,2583.435598785162
3024364,7.775200498244322
3024365,0.6002063583727717
3024366,12.437770941689879
3024367,16.40497319320232
3024368,0.2774729559080329
3024369,161.00161701943108
3024370,5.078573688203463
3024371,5.144019379077661
3024372,5.766635356424679
3024373,40.27762649674794
3024374,1.5271422851425247
3024375,76.204927322372
3024376,146.40703202458124
3024377,2.4716161424344314
3024378,5.3729682742878175
3024379,146.89227202558902
3024380,51.39918791302861
3024381,2300.6656090829783
3024382,35.77201993335166
3024383,8.843782996119664
3024384,4.711165861299597
3024385,0.3672499919083215
3024386,3.895658183024167
3024387,2189.098718985865
3024388,0.5883258261948473
3024389,164.60898227580043
3024390,5.751529956539484
3024391,821.3866134547471
3024392,300.4166521126448
3024393,288.6280730570421
3024394,58.250304659625314
3024395,38.737226739866195
3024396,2938.7395709961474
3024397,7.072443432006916
3024398,0.9714958169026678
3024399,12.18759928426544
3024400,11.691028787109241
3024401,0.2791944538393265
3024402,169.36923489191764
3024403,5.504543416206985
3024404,1.009596210089985
3024405,3.080591876187378
3024406,16.901556018978134
3024407,1.759360237279905
3024408,123.31670639783377
3024409,158.46250143487674
3024410,1.1846630304371568
3024411,4.020798628138962
3024412,79.0378664410321
3024413,27.26606854088362
3024414,549.6845003834118
3024415,14.448772111399231
3024416,3.507891287122601
3024417,3.697914636881868
3024418,0.43329806454326286
3024419,4.801036742639667
3024420,2284.054580046024
3024421,0.6577664748535175
3024422,548.1426461437235
3024423,10.535138085242895
3024424,709.4474363999036
3024425,695.4725638452919
3024426,187.53187457823566
3024427,141.76688875525704
3024428,79.1283955281585
3024429,3149.7071211138527
3024430,23.001780486140674
3024431,0.824615998639181
3024432,15.79522511360807
3024433,23.296874328596616
3024434,0.4889980773698147
3024435,199.49344669769874
3024436,17.45981265762405
3024437,9.360364529836964
3024438,4.124332521343766
3024439,52.02877842089652
3024440,6.258980055214175
3024441,346.65645385671047
3024442,209.91382231890844
3024443,6.529455459145801
3024444,6.392936394124403
3024445,360.2281528477366
3024446,90.22612629960821
3024447,1827.7879845010689
3024448,0.3843606112749435
3024449,27.574382929488632
3024450,5.707262832529099
3024451,0.3352785384047521
3024452,2.7984274483399103
3024453,3194.3327184626132
3024454,0.5884454016138256
3024455,412.86961583740487
3024456,4.486150140388886
3024457,1093.9155315315634
3024458,601.8326505999298
3024459,540.4943971312
3024460,80.31021394864311
3024461,61.95166357867943
3024462,4947.171770577817
3024463,8.995835574273046
3024464,0.7170155403153612
3024465,18.19299437841827
3024466,15.987439313595152
3024467,0.30820904395103604
3024468,282.9858688671177
3024469,2.3284058451819023
3024470,9.125287629134926
3024471,5.758244710359519
3024472,26.952963360140686
3024473,1.1096127229466832
3024474,248.1243153689862
3024475,315.4849351202646
3024476,2.167308764890229
3024477,4.071075346729025
3024478,243.63318533313733
3024479,54.75037739115164
3024480,1435.8433427734526
3024481,66.31696712541607
3024482,7.709091521822115
3024483,6.8455227860490835
3024484,0.5341978329140927
3024485,2.4393192347137442
3024486,2989.6775341677176
3024487,0.5824250399932609
3024488,404.2741744806145
3024489,4.215735305386643
3024490,1070.4225000461172
3024491,535.2558431995594
3024492,298.1283270153482
3024493,282.4805787424947
3024494,66.66758879655302
3024495,3871.7910215273296
3024496,11.649024021755146
3024497,0.4514788474341649
3024498,33.082403608243915
3024499,28.050525179291796
3024500,0.29471125109739066
3024501,283.58446131027574
3024502,2.904102877144155
3024503,5.415486656732162
3024504,7.959375989258334
3024505,48.922287358643764
3024506,1.2862126202377582
3024507,101.19391769129041
3024508,251.96207172082075
3024509,1.3628999745989434
3024510,5.403875998144056
3024511,141.06629028081124
3024512,129.40757533339513
3024513,2110.705150897824
3024514,0.6250494216564937
3024515,4.135506901808307
3024516,3.8524744955900085
3024517,0.37673095499351794
3024518,3.5145321561538148
3024519,1626.9744191492655
3024520,0.5353869783574188
3024521,113.9283716828298
3024522,3.9545217792823077
3024523,569.0498711063443
3024524,273.8004627181319
3024525,128.93525661301337
3024526,54.97690962516218
3024527,40.587924396388956
3024528,2212.0372833339443
3024529,4.239101674532704
3024530,0.7952968021608247
3024531,22.222962217962177
3024532,16.040853551475188
3024533,0.27771678172995684
3024534,156.5805838927869
3024535,0.979073192731478
3024536,1.0661758443881226
3024537,3.636523255866613
3024538,28.44291891673417
3024539,2.2618346822982627
3024540,95.93694166554548
3024541,136.89009591099614
3024542,0.7226197629432507
3024543,4.651215333664721
3024544,121.85873670665414
3024545,31.581581589799388
3024546,577.9636015656913
3024547,16.050156622132448
3024548,1.4915364123201234
3024549,1.1849399899966861
3024550,0.3347402070340758
3024551,2.6537985976563467
3024552,1270.3856202251504
3024553,0.5336083279327163
3024554,230.38640889164424
3024555,8.783344030609396
3024556,444.88542602060284
3024557,401.66872831927117
3024558,108.38271297447123
3024559,43.60690652138118
3024560,55.85967544452268
3024561,1823.4788467612982
3024562,21.80265910742149
3024563,0.6251791345694633
3024564,9.251098792209332
3024565,13.994577832160651
3024566,0.279923455059845
3024567,116.78830661205723
3024568,10.52512234494155
3024569,0.6360581750845826
3024570,6.31254537478957
3024571,36.89208609231757
3024572,2.9224511010987406
3024573,460.7527848756717
3024574,134.17302295563425
3024575,2.6554795385358703
3024576,3.3401760560487177
3024577,311.2109286797909
3024578,22.917598233376324
3024579,1041.9173490714688
3024580,0.39577438840232176
3024581,6.0531752067389535
3024582,2.2377454828861403
3024583,0.395792104606587
3024584,2.870557770593635
3024585,2909.8944084409463
3024586,0.6196524371401655
3024587,655.3818985702969
3024588,14.090754264211268
3024589,926.578360460937
3024590,1129.9189494196344
3024591,241.38724735184311
3024592,190.51330871597685
3024593,131.77181675673478
3024594,3480.895508762386
3024595,23.71215957839563
3024596,0.9979294501612104
3024597,18.361258851059514
3024598,36.78451252845403
3024599,0.35184617048595584
3024600,217.74596612217334
3024601,10.180653392217938
3024602,22.701644747452875
3024603,7.032380240494448
3024604,58.72765501138461
3024605,9.006900731696504
3024606,326.55353586628354
3024607,239.66828295148028
3024608,13.452018655319474
3024609,7.504448541820906
3024610,452.674519276688
3024611,97.05925973990055
3024612,2879.1161270518005
3024613,0.6900730973983846
3024614,19.917702878590298
3024615,1.876628005289886
3024616,0.27110043166586206
3024617,1.3871785882909229
3024618,1344.3513898879892
3024619,0.5616744011190471
3024620,251.52451346203387
3024621,3.2480398349974156
3024622,281.2115655841545
3024623,406.12199814299925
3024624,100.7768595080026
3024625,61.178211721924995
3024626,45.3809707718556
3024627,1263.902354305248
3024628,7.443908659228061
3024629,0.5999919535161545
3024630,7.227804907098895
3024631,11.689626333094019
3024632,0.2746277372895068
3024633,61.601568304150845
3024634,0.4985126960290539
3024635,7.007699216637761
3024636,1.878204913896724
3024637,81.13754022945565
3024638,2.881593982396651
3024639,106.2584038948848
3024640,83.17662839594932
3024641,1.939618929808243
3024642,2.5593790346952043
3024643,98.88837111537299
3024644,18.697718176041942
3024645,757.5496470037649
3024646,0.46690822174402125
3024647,2.897433656365838
3024648,2.592904467570617
3024649,0.2747521026470333
3024650,0.3440182605904464
3024651,696.7214997095091
3024652,0.45406764595728294
3024653,183.02765423481105
3024654,4.170619572162103
3024655,265.684557024642
3024656,207.91489793571162
3024657,78.15155428516103
3024658,28.137857581125584
3024659,23.225190975981985
3024660,1101.083105847729
3024661,3.7547331530430763
3024662,0.5685282663926465
3024663,9.541772088837392
3024664,5.871133105302478
3024665,0.304529441524283
3024666,70.05226074503395
3024667,0.3794493114726356
3024668,2.086506130546198
3024669,0.7586573438180411
3024670,9.345419992021682
3024671,0.38454135113075794
3024672,159.59689084705744
3024673,108.35407518379014
3024674,1.4221981866072084
3024675,0.9159953287788295
3024676,109.65177823850138
3024677,17.372704225700133
3024678,326.42614509807754
3024679,0.29764698153837194
3024680,1.46470958714127
3024681,4.354076071445325
3024682,0.39375753501637145
3024683,3.3546993098817572
3024684,2637.8309866607915
3024685,0.6290719402790028
3024686,562.1812747992789
3024687,10.489000308343957
3024688,766.642907194582
3024689,847.164460044388
3024690,248.32872242023134
3024691,198.6349112340854
3024692,81.94831792658876
3024693,3330.375336088545
3024694,22.52401170155264
3024695,1.7194828684967471
3024696,15.910417211562711
3024697,27.8991436548948
3024698,0.3452702173474148
3024699,192.7890004639945
3024700,4.575061949563284
3024701,24.266080652764018
3024702,4.977226837921803
3024703,62.65302255459702
3024704,3.2053753966098584
3024705,228.5154987176028
3024706,217.65715247511838
3024707,7.780641561829273
3024708,6.645992131679616
3024709,335.023711112867
3024710,65.35134826158487
3024711,2061.693016732023
3024712,0.5177680567117984
3024713,11.21316478914903
3024714,5.938147884271459
3024715,0.35817770793133274
3024716,5.1409788816716935
3024717,3033.101665468056
3024718,0.5564944833056122
3024719,576.5379963663065
3024720,8.121475439572414
3024721,1044.310789962332
3024722,834.4394372869708
3024723,325.6636155151884
3024724,275.8538957785148
3024725,57.4198330167139
3024726,4693.630116035396
3024727,12.71956940148299
3024728,0.929979372954306
3024729,27.348108336952315
3024730,14.07461747190647
3024731,0.5767635904385695
3024732,263.5243252283877
3024733,0.483601906835053
3024734,6.3007825265797495
3024735,3.5638905806105083
3024736,30.41929839260655
3024737,1.15071606070686
3024738,195.19523376422333
3024739,310.7066330336806
3024740,2.9867420949045704
3024741,3.2733488012040106
3024742,186.05366590099544
3024743,72.29178319420424
3024744,2458.5832833713384
3024745,1.5381329434698114
3024746,4.5330103758878995
3024747,4.476274895140833
3024748,0.3967336412228091
3024749,2.008064779369506
3024750,2909.4447425450626
3024751,0.5544716069083057
3024752,686.8330648554098
3024753,7.680320268424983
3024754,917.3630151134961
3024755,661.3927544254348
3024756,279.6706946700953
3024757,243.63468926862586
3024758,55.614529612381546
3024759,3740.5809979994847
3024760,15.027298906155542
3024761,0.6773703023200488
3024762,27.39619416735517
3024763,16.256868074573806
3024764,0.30079819453315715
3024765,239.08438466157403
3024766,0.48167376426048886
3024767,9.139681049548972
3024768,3.2457262215835474
3024769,48.07101604706699
3024770,1.5369530951550865
3024771,117.04467540295093
3024772,216.9451263473344
3024773,3.1222281301955284
3024774,3.883473009509893
3024775,171.15660604475715
3024776,62.401928356057645
3024777,2032.941106656491
3024778,1.2192882832705954
3024779,4.241687395673868
3024780,6.978773354590132
3024781,1.222604689821507
3024782,12.392817021818068
3024783,6521.94598792079
3024784,3.2558372794198367
3024785,991.8386621097959
3024786,28.248190209130154
3024787,1594.563581222965
3024788,1764.2424064542215
3024789,294.7433833093874
3024790,376.5690537047787
3024791,263.6580049910752
3024792,6557.474806343766
3024793,69.14020262029884
3024794,2.7812005155465225
3024795,40.649870030340345
3024796,54.78198406460474
3024797,1.4869296032120611
3024798,421.5635859275111
3024799,29.38074460985962
3024800,35.12305196979626
3024801,23.14232993627085
3024802,136.3629671847919
3024803,18.952613279496248
3024804,561.7433755994084
3024805,449.3982373185011
3024806,14.938090973752502
3024807,20.53863085834786
3024808,943.6128822368637
3024809,207.84582210751668
3024810,6223.060153907617
3024811,0.8196977008441391
3024812,75.34458491829349
3024813,2.6646792560147476
3024814,0.6519151750540318
3024815,0.7405288778242874
3024816,1586.6800669031652
3024817,0.5543992152931572
3024818,158.0784824383432
3024819,4.243552263912177
3024820,623.5779557027131
3024821,257.70292958341605
3024822,116.04083696161452
3024823,105.4783279680982
3024824,40.272689588285076
3024825,2194.132068968703
3024826,3.602257316469996
3024827,0.5400354821006816
3024828,11.637703657393843
3024829,7.171943211700707
3024830,0.32607523052879217
3024831,140.07268787123058
3024832,0.46717056740259133
3024833,0.6990013936500117
3024834,2.0068289955565657
3024835,18.615911983857213
3024836,0.8045978427290637
3024837,62.55964661553506
3024838,101.71281969317646
3024839,1.1178177795964994
3024840,3.4883842352349084
3024841,102.17124651512542
3024842,19.223077180636704
3024843,1017.4283994833418
3024844,0.6782893228744264
3024845,2.9877546769536516
3024846,5.160796365561394
3024847,0.5205067539218632
3024848,1.8693059207160359
3024849,3058.042596271289
3024850,0.5769861659506923
3024851,540.6024919233698
3024852,7.037043070280859
3024853,981.7442952096537
3024854,590.7293931773936
3024855,201.9455219685126
3024856,321.60915688220143
3024857,73.71943675378243
3024858,4097.058689786216
3024859,8.897419100167264
3024860,0.6880038316241626
3024861,17.91685186037138
3024862,17.670939201795584
3024863,0.2879322401426905
3024864,244.71202637809955
3024865,0.4687920785592328
3024866,3.274608758358865
3024867,10.115812109734179
3024868,13.401274613515291
3024869,0.8721635641462651
3024870,291.168959866951
3024871,221.10746069903217
3024872,2.3435603614727936
3024873,5.183264558517808
3024874,108.33607969869485
3024875,54.009886470419595
3024876,2204.0151932340004
3024877,1.3157311815259545
3024878,3.4297276697558217
3024879,1.1930740043284453
3024880,0.18234717329728414
3024881,0.4074062214575816
3024882,917.6602641820409
3024883,0.430925097195391
3024884,102.80953532905043
3024885,2.2332366899722773
3024886,496.29544947003956
3024887,146.52443498810158
3024888,82.12086005424023
3024889,188.37654145206625
3024890,14.89562454889626
3024891,1755.526403682723
3024892,1.2711079554305045
3024893,0.2786889392792259
3024894,4.4186246182482085
3024895,2.9347127551908323
3024896,0.17622558602318117
3024897,86.5506906556982
3024898,0.3396980597881974
3024899,0.34603971123405597
3024900,0.5385505884339206
3024901,7.593276930550282
3024902,0.26361562556152757
3024903,65.4537795797992
3024904,78.924249376199
3024905,0.6014802604390178
3024906,1.4048332304841935
3024907,46.316145863338086
3024908,11.844785115883006
3024909,361.0660215082447
3024910,0.6042660600581671
3024911,1.1222370668975181
3024912,6.225103929402101
3024913,0.2920915252385723
3024914,1.273624284719181
3024915,2058.96167166769
3024916,0.5043422406818213
3024917,219.66748382690608
3024918,7.700595317624601
3024919,944.0140351528539
3024920,371.9656501036728
3024921,174.95004390872032
3024922,172.20342824251122
3024923,41.30162484050963
3024924,2855.7079044317197
3024925,1.7930648955008461
3024926,0.4875835196277678
3024927,23.79693352876633
3024928,12.354940564104906
3024929,0.2760716885185994
3024930,191.89014584358983
3024931,0.41713926154780034
3024932,0.6629111690614207
3024933,8.858971101100062
3024934,18.83733263780681
3024935,1.0336834296185853
3024936,216.60827525007318
3024937,198.07487696422965
3024938,1.0328515164315184
3024939,3.3169143814360322
3024940,176.58970031242956
3024941,33.69462926114219
3024942,2087.01225552935
3024943,0.616921419342598
3024944,0.9659550872633346
3024945,2.938049809795884
3024946,0.6666670300425689
3024947,1.501406929021101
3024948,2163.5765912658458
3024949,0.6021583044536032
3024950,583.731641389313
3024951,6.119867352674284
3024952,847.1286822227548
3024953,528.2403785645499
3024954,198.3709365294373
3024955,112.35155211772512
3024956,55.68676780761663
3024957,3568.12264669987
3024958,5.474546186007309
3024959,1.9134308023280944
3024960,22.60024150106901
3024961,39.00533420399736
3024962,0.3657866307429987
3024963,186.22327131997315
3024964,1.3941126019587233
3024965,5.674087898928836
3024966,3.315717307428422
3024967,17.566057084879407
3024968,1.4594069680051027
3024969,154.53886466826944
3024970,244.15606164953311
3024971,3.343849821722525
3024972,4.77615945968565
3024973,120.13855756235972
3024974,33.10721505078745
3024975,973.0544549547194
3024976,2.792101264463607
3024977,2.677726917002692
3024978,2.820719809678808
3024979,0.21870067113497696
3024980,0.4243653140107956
3024981,1217.2443920999203
3024982,0.4057068839853834
3024983,102.8950764711179
3024984,2.320798445341916
3024985,382.43042785051114
3024986,139.2455588103344
3024987,87.02629746008097
3024988,133.77624582644938
3024989,26.86745914036696
3024990,1737.339616145914
3024991,3.342378100403445
3024992,0.38735050017675443
3024993,9.424071146321968
3024994,5.2653069128817584
3024995,0.23883644631072523
3024996,87.32914095231371
3024997,0.3680069168575923
3024998,0.36075144909472345
3024999,0.613247124719973
3025000,15.265636674224607
3025001,0.6410780466313128
3025002,169.61234830557444
3025003,81.45348314490714
3025004,0.5944632528964594
3025005,1.718031985114453
3025006,34.547611817947356
3025007,16.972603408087824
3025008,558.6117608221859
3025009,0.5209121831220324
3025010,0.7171658327011923
3025011,2.960144390792533
3025012,0.33573690539840517
3025013,0.913204231368466
3025014,3001.629551705234
3025015,0.5521282176510685
3025016,520.47190460811
3025017,5.085735389404104
3025018,817.4762548773242
3025019,607.3192702190931
3025020,196.065774413595
3025021,149.56068847317712
3025022,58.20229641165021
3025023,3693.825050389197
3025024,7.840271631676263
3025025,0.4341658816569706
3025026,18.11496149597754
3025027,11.551106236493146
3025028,0.31734110567071333
3025029,208.2296729785215
3025030,0.47712996594600354
3025031,20.486737569127456
3025032,2.62072091030033
3025033,35.14910261691866
3025034,1.2686016429122826
3025035,205.92180867128567
3025036,208.01166963730816
3025037,2.5417075468318915
3025038,4.3610432276446796
3025039,132.88971578046582
3025040,47.039654561076915
3025041,2243.7983411723158
3025042,1.4985497790511326
3025043,0.7379100140621264
3025044,3.157993706907352
3025045,0.3899237809501131
3025046,4.663431566943815
3025047,2174.9087397466405
3025048,0.8985583626517182
3025049,457.53787614836983
3025050,8.191127771805816
3025051,809.5346711145974
3025052,755.8360440813415
3025053,142.08912150809883
3025054,109.21535087787991
3025055,107.51902107459495
3025056,3072.3992001130587
3025057,41.27160133201885
3025058,1.1234700113142786
3025059,19.581547003925557
3025060,23.290133436379953
3025061,0.5625844278665757
3025062,204.85075030748757
3025063,18.48372844712632
3025064,17.49688640116721
3025065,3.7186037774187763
3025066,72.13333839790425
3025067,8.380757535599393
3025068,200.78943147502372
3025069,258.3948225177953
3025070,8.449713976277941
3025071,10.64031702522065
3025072,213.66314716789975
3025073,68.66424105206136
3025074,1810.3034732078327
3025075,0.46904718949780694
3025076,8.514510802515638
3025077,4.414517539625319
3025078,0.3846307135420265
3025079,5.167720167381838
3025080,1827.190991751932
3025081,0.611228027022505
3025082,374.5952431795241
3025083,10.319114907336733
3025084,791.3522500431502
3025085,687.5742535378034
3025086,133.54801139278288
3025087,74.18525774926626
3025088,88.28923277095407
3025089,2908.194470096411
3025090,17.27428867974501
3025091,1.0421999589196098
3025092,28.44239437083398
3025093,31.415528789479975
3025094,0.3438411232281715
3025095,255.88535417024403
3025096,16.93803981640432
3025097,11.046852464386493
3025098,5.890487639595122
3025099,55.72148779961457
3025100,7.2826387270070025
3025101,118.46313903729865
3025102,282.2392330833679
3025103,6.674715058191916
3025104,7.475513550884861
3025105,98.59361305343151
3025106,67.49218071591842
3025107,1534.1200613720068
3025108,0.804138355200654
3025109,10.222572772653097
3025110,6.806560605398106
3025111,0.5801264171711432
3025112,4.3230093894925075
3025113,2963.029359203212
3025114,0.6066796588186527
3025115,599.9637104486146
3025116,5.736233604194643
3025117,1317.924133909679
3025118,583.0200231561909
3025119,187.011111763198
3025120,405.59997839574646
3025121,62.89839728679405
3025122,4527.60219367823
3025123,29.83880045280676
3025124,1.3606546584456733
3025125,21.421278807200984
3025126,14.522712116669021
3025127,0.5619550854280161
3025128,335.2493992470693
3025129,5.273114701060606
3025130,14.244080572875937
3025131,4.565536242173819
3025132,38.087822865035086
3025133,3.6839721504974667
3025134,149.97728827012799
3025135,285.6067447119255
3025136,5.919885802630417
3025137,7.238449218596017
3025138,177.6643273894901
3025139,47.796527764619455
3025140,2522.808596821052
3025141,7.835440524457587
3025142,12.845330196272238
3025143,2.8498659837894857
3025144,0.40897216476520754
3025145,4.952584468783047
3025146,1918.6503054643001
3025147,0.6505319451942897
3025148,301.0094204010618
3025149,5.152928025320215
3025150,682.1659698010287
3025151,604.0706780452024
3025152,158.98586430891487
3025153,113.94705610244006
3025154,69.12856892666488
3025155,2637.696601584925
3025156,16.971727331024287
3025157,0.6492784965767776
3025158,14.992772898435016
3025159,9.996455954953433
3025160,0.4301973432806809
3025161,177.46381528987587
3025162,14.168866156816774
3025163,13.374154910585382
3025164,1.9717311720709916
3025165,48.0275469845096
3025166,5.64006165512939
3025167,270.61774300222874
3025168,200.20872655912837
3025169,4.912876057943333
3025170,5.777818018193304
3025171,318.81453327500446
3025172,42.647357251705365
3025173,1684.8134955882047
3025174,0.3635536947692285
3025175,19.27086073441224
3025176,2.7837588376456597
3025177,0.41942166571874523
3025178,3.4753093299959814
3025179,4256.011692204818
3025180,0.5962234335711745
3025181,407.7001627770113
3025182,4.534548853603409
3025183,1856.6662602084937
3025184,571.8558601274298
3025185,258.92500395651444
3025186,183.0311543447354
3025187,63.271626891167564
3025188,5155.481866788702
3025189,6.6110941303175785
3025190,1.1788816509007916
3025191,25.182612584789563
3025192,26.882277554081455
3025193,0.3556924779547498
3025194,350.9429220351792
3025195,0.5779961787563527
3025196,0.5514874154972077
3025197,8.482573950187954
3025198,23.557211850176927
3025199,2.1731199661285436
3025200,121.92633527023881
3025201,282.45646036953065
3025202,2.9459208741577707
3025203,8.167067028490823
3025204,146.39484155541362
3025205,55.57948511923095
3025206,2038.205822132149
3025207,0.9972901687277611
3025208,2.6119427825738586
3025209,5.016077443586639
3025210,0.3746013980916585
3025211,3.9883648841796813
3025212,1839.88710499507
3025213,0.5959775699159058
3025214,377.323058663898
3025215,5.3456943172245115
3025216,799.8798244939096
3025217,590.455391598292
3025218,180.28615853903486
3025219,110.50138029529444
3025220,86.32867569318776
3025221,2870.3368640433296
3025222,27.224235966085125
3025223,1.1011340640637641
3025224,21.521955240937164
3025225,28.17222927690626
3025226,0.44556183574726005
3025227,198.74494615475348
3025228,14.007176964055619
3025229,8.497252856577909
3025230,4.859353052522208
3025231,42.296122700162385
3025232,7.244007831080314
3025233,153.99651752927153
3025234,240.6805584785676
3025235,10.16353762105256
3025236,6.276031417111925
3025237,162.64059238343916
3025238,45.937986685377055
3025239,1593.6804292190805
3025240,0.6152545594983798
3025241,5.406526521498101
3025242,3.144114694719145
3025243,0.38127110031442624
3025244,5.340129390872708
3025245,2017.2297825828634
3025246,0.6056284008063921
3025247,395.19866938267614
3025248,7.205641154612902
3025249,645.3702904836227
3025250,701.0261100716807
3025251,146.67331450088255
3025252,102.12905399745524
3025253,93.28288746653185
3025254,2528.9128391286495
3025255,23.767607324090086
3025256,0.7652741002986269
3025257,20.630390419556925
3025258,19.6750522173066
3025259,0.33826375492161687
3025260,174.3114507478483
3025261,12.595519007939654
3025262,24.39701242177893
3025263,3.4671146669066673
3025264,38.21181184513797
3025265,6.631002691177129
3025266,181.94694669236262
3025267,185.50767544676296
3025268,7.265554452761659
3025269,7.027292477481563
3025270,186.68696377697748
3025271,47.837624249754455
3025272,1882.9116377297682
3025273,0.5082684851193585
3025274,12.720915457794334
3025275,2.953353973579368
3025276,0.348154777141344
3025277,3.6406156863178354
3025278,4351.487732856164
3025279,0.5646740928277014
3025280,508.93759769251557
3025281,9.720193251829178
3025282,1059.1584930632325
3025283,646.581477933388
3025284,258.981257929962
3025285,202.58939918245557
3025286,57.43225791467448
3025287,4295.445479580318
3025288,6.655189930386772
3025289,0.4943513286251794
3025290,16.40225009951699
3025291,13.608319241041906
3025292,0.29963566212387166
3025293,219.81052331038006
3025294,0.5314227539880624
3025295,12.399169684778263
3025296,1.3707156645730383
3025297,36.591281393644046
3025298,1.9351366239263712
3025299,186.96419361629273
3025300,247.47099032922588
3025301,3.786957791643257
3025302,2.6233739860214516
3025303,208.2596686214355
3025304,115.95399738438906
3025305,1824.546699103776
3025306,1.7306587966078455
3025307,0.9872534837154278
3025308,10.784165565032492
3025309,0.7532891057814634
3025310,11.843325489574676
3025311,6951.143164264864
3025312,1.7126550928093798
3025313,1258.9942153602333
3025314,25.17905749778821
3025315,1928.0478467162065
3025316,1942.8887102727172
3025317,429.19928635726245
3025318,456.75958390096736
3025319,306.10269579071235
3025320,7612.475595160737
3025321,71.37482034257974
3025322,2.573866700346723
3025323,100.9019121906903
3025324,90.66823208006811
3025325,1.08338593312267
3025326,520.4083266611066
3025327,31.192982033888136
3025328,16.769971563612174
3025329,43.90822517552268
3025330,188.21513161795707
3025331,18.75070151569466
3025332,636.0211718194548
3025333,461.08744020001086
3025334,24.90311136492727
3025335,31.708034125590473
3025336,833.3893951515066
3025337,263.45617400134586
3025338,6765.754800798336
3025339,352.63765679161935
3025340,77.0942571224748
3025341,10.288441738129897
3025342,0.5789584711916966
3025343,12.747469657187018
3025344,6616.192043864834
3025345,1.2991895128792594
3025346,927.558480073523
3025347,21.603606451000807
3025348,2055.938089064058
3025349,1777.9045612656287
3025350,552.4739765568661
3025351,291.5111868777543
3025352,208.87855786764348
3025353,8248.273505813155
3025354,87.50308539030655
3025355,1.3487281160426545
3025356,46.84263053677584
3025357,75.11660935819813
3025358,0.6173961464308073
3025359,530.5523374541965
3025360,25.6734501320595
3025361,22.08262374023243
3025362,14.130784454394707
3025363,125.11743586450591
3025364,15.54506736746209
3025365,780.0771679359608
3025366,608.6064207685395
3025367,19.75864415944216
3025368,23.66746613698829
3025369,1002.6407184355967
3025370,181.71848895327005
3025371,4670.067181745532
3025372,474.92184005963554
3025373,72.9883819330168
3025374,10.457832245106868
3025375,0.5322721978876136
3025376,14.985481289598834
3025377,4597.95387300312
3025378,0.7657018781014783
3025379,704.4922684375515
3025380,12.975562296554807
3025381,1719.9181365565885
3025382,1197.275493959421
3025383,608.629367722471
3025384,107.75960707742455
3025385,184.11417925200095
3025386,6904.342166756096
3025387,42.84688496827589
3025388,1.2115176001230255
3025389,26.364368001156727
3025390,26.412339717293243
3025391,0.5894284410791883
3025392,472.20263672542757
3025393,27.288794571586784
3025394,17.008430832178146
3025395,11.384289287452415
3025396,75.12518509884998
3025397,8.347260851214651
3025398,779.3836225900103
3025399,574.0812923758037
3025400,17.72164509088798
3025401,38.49508965717543
3025402,592.9785707660105
3025403,103.98970319796364
3025404,1921.9333287221298
3025405,324.70722437124783
3025406,35.667587732071894
3025407,8.498547058454342
3025408,0.5925785651867713
3025409,14.017833911896576
3025410,6311.038085422428
3025411,0.8643520499214277
3025412,907.160482937423
3025413,20.13728287808423
3025414,1896.7641816782589
3025415,1719.167980321908
3025416,502.6456254148128
3025417,280.3756352899847
3025418,189.88163425942008
3025419,7734.524482297589
3025420,36.51017555845373
3025421,1.3761535341092843
3025422,56.67195247097171
3025423,60.49369479306884
3025424,1.1006437846298327
3025425,492.46713167591616
3025426,23.49743316217361
3025427,19.84206062394469
3025428,14.551408913092457
3025429,134.53435558725093
3025430,9.01927724831405
3025431,674.545849097553
3025432,599.0072503846545
3025433,17.6568391902141
3025434,21.125487509662385
3025435,904.0908991387962
3025436,192.70844644471327
3025437,4306.7873326595245
3025438,416.239636383449
3025439,60.671083669474925
3025440,8.761127984806281
3025441,0.47453338552764635
3025442,12.437583025994233
3025443,3362.3647074967107
3025444,0.6902863537242306
3025445,621.7568893302316
3025446,15.08935111333339
3025447,1602.1250782877341
3025448,932.043262188155
3025449,433.7776946609135
3025450,85.05680679606843
3025451,125.22024059172605
3025452,6243.552736951269
3025453,27.040688930772163
3025454,0.4989418644220187
3025455,27.153661711746135
3025456,28.364634690059496
3025457,0.4875923080722676
3025458,430.8628861815713
3025459,19.98595420540065
3025460,6.212449695722431
3025461,8.343194815827406
3025462,69.12945804603521
3025463,4.052521830425771
3025464,636.3122175479374
3025465,539.087883264142
3025466,13.515136444988864
3025467,19.304161527159643
3025468,606.1416027834607
3025469,67.9553240104346
3025470,1395.1654738626585
3025471,356.3292521857045
3025472,15.534071904358225
3025473,9.082863220101864
3025474,0.5828316842540726
3025475,10.488911999532359
3025476,5793.821608864921
3025477,1.3714284307408549
3025478,980.5724627869422
3025479,23.61098023706878
3025480,1611.1995325864825
3025481,1846.6472132277074
3025482,347.4974618815074
3025483,379.40060800324034
3025484,247.0905378006797
3025485,6768.957551693415
3025486,71.77048503420892
3025487,0.9133042737798885
3025488,44.78033067876438
3025489,50.02794183803804
3025490,0.6302718523313457
3025491,427.6495409701855
3025492,17.819887151542716
3025493,17.56908646160901
3025494,10.68144422356061
3025495,138.7640942610037
3025496,14.657603595289652
3025497,622.3860396679286
3025498,454.2795707327344
3025499,14.530658432336255
3025500,24.162079017727137
3025501,837.5533907438223
3025502,182.88427429566724
3025503,6129.185688852253
3025504,246.3910028177484
3025505,65.79740690757698
3025506,5.596619193877479
3025507,0.41551843743838945
3025508,4.966325066581181
3025509,1596.9239129188013
3025510,0.6578611630220774
3025511,317.8182190727737
3025512,19.467703086397837
3025513,698.8530318261033
3025514,485.92680080786135
3025515,190.43812342876654
3025516,73.49263470836198
3025517,58.30621515522624
3025518,2527.3790812934844
3025519,19.307728267139737
3025520,0.6758964682204803
3025521,24.561605505644074
3025522,20.920387544591314
3025523,0.4140452432879701
3025524,176.12576060163804
3025525,12.03962808207017
3025526,5.310119016682181
3025527,7.820397977272786
3025528,33.62563792177915
3025529,6.049262621915096
3025530,199.3322478159069
3025531,203.33334859852712
3025532,2.5566402458701436
3025533,5.64498034784045
3025534,195.8336776580408
3025535,45.957084876813255
3025536,1259.1253766092916
3025537,0.7687842516258448
3025538,8.691194568385718
3025539,8.454049359450273
3025540,0.5208883459560637
3025541,10.358809706122699
3025542,3639.0630700529086
3025543,0.7673609216072439
3025544,449.2126628709049
3025545,30.406527341542848
3025546,1345.2526743708163
3025547,951.1150107690488
3025548,368.6416521139115
3025549,88.87121013182332
3025550,106.23959332201231
3025551,6136.444097274874
3025552,62.86938318194755
3025553,0.96149884432623
3025554,43.32139240596567
3025555,32.14161307699559
3025556,0.592991340023729
3025557,320.40007195101293
3025558,22.593761001488257
3025559,4.602321713838595
3025560,2.8251094565678248
3025561,86.95381223594057
3025562,7.581751197437683
3025563,423.3866929578385
3025564,402.4084835128399
3025565,8.763054329357306
3025566,17.999312254199385
3025567,336.65693214862983
3025568,66.89926925558642
3025569,1681.3524479680686
3025570,307.349215845513
3025571,13.750386062771625
3025572,6.642751549229257
3025573,0.5208728769766513
3025574,4.7240989436749175
3025575,3516.561152418367
3025576,0.7752704281980934
3025577,716.6633625575785
3025578,8.750445835099335
3025579,1177.434638634807
3025580,1287.593677991991
3025581,197.3027092333386
3025582,289.85449944210313
3025583,180.85885244657135
3025584,4255.285064633265
3025585,32.03749147944256
3025586,1.1599134438935037
3025587,27.200440080632386
3025588,39.68046304052346
3025589,0.7100219005763537
3025590,262.85090620448216
3025591,2.4929222231208743
3025592,25.801860778069482
3025593,4.60958954148408
3025594,77.99880365773562
3025595,7.311966070683387
3025596,474.39157937733756
3025597,233.65226938957986
3025598,16.600130832625773
3025599,10.653054858799873
3025600,561.1191853794352
3025601,90.37767283886961
3025602,4009.2474898325668
3025603,2.7117757975580776
3025604,41.6330187678618
3025605,4.9311198025321925
3025606,0.0
3025607,7.2628929058435965
3025608,3562.546003422878
3025609,0.0
3025610,654.6457638026329
3025611,9.495404056343173
3025612,1208.243289148925
3025613,921.0163485413892
3025614,283.8524909147417
3025615,156.86110249783795
3025616,202.81482133877049
3025617,4677.660629740078
3025618,26.060144432771807
3025619,1.677753330769475
3025620,40.88891102299546
3025621,38.246609204193504
3025622,0.4601736561698654
3025623,269.6262419305002
3025624,5.534725106614571
3025625,27.06015214963625
3025626,4.331082745988457
3025627,134.6959377322555
3025628,6.5994973387164695
3025629,339.8296207792782
3025630,264.9442943899634
3025631,9.61474905209027
3025632,15.517150906878053
3025633,340.83350735669706
3025634,106.85724797849771
3025635,3214.8764379882405
3025636,3.194993641279155
3025637,6.74970285292231
3025638,5.6537797672014936
3025639,0.3868044781560031
3025640,3.1434639742133346
3025641,1693.7031992079892
3025642,0.6019477435009224
3025643,371.46228003030046
3025644,5.172374318398256
3025645,716.3058176241143
3025646,433.93000541524736
3025647,178.54704897972204
3025648,77.38877978402896
3025649,73.53995343383887
3025650,2420.392724968029
3025651,13.948937769458869
3025652,0.7950485387084023
3025653,15.103575758291223
3025654,20.943425985325952
3025655,0.38090911739697825
3025656,163.44944681903883
3025657,3.467053768819941
3025658,7.1395247377552105
3025659,3.8909349513049047
3025660,36.44072609790869
3025661,3.322890778822253
3025662,182.4645820112484
3025663,172.08574949007138
3025664,4.12338883622809
3025665,5.042879039263588
3025666,136.20705011950935
3025667,38.695142749201906
3025668,1359.6618365967893
3025669,0.6574858128013897
3025670,4.223202955713122
3025671,4.542364500754449
3025672,0.3000480099384872
3025673,1.6197468501860368
3025674,3082.2921391431755
3025675,0.0
3025676,241.4576324787465
3025677,3.40722472796523
3025678,1039.4190383954979
3025679,226.6221902540307
3025680,196.79619159509323
3025681,74.3884193966466
3025682,23.09583786369941
3025683,3173.51395640897
3025684,6.001841208446097
3025685,0.44901144140523047
3025686,17.37325834591144
3025687,10.796694660589017
3025688,0.27915263835316595
3025689,191.31210945370265
3025690,0.5185578611692028
3025691,0.4891404802843677
3025692,2.878261171200241
3025693,15.946348609345245
3025694,0.646350125632299
3025695,46.83926968924116
3025696,161.63909927237697
3025697,0.37939693787625517
3025698,2.0534975015381267
3025699,54.03112362407565
3025700,84.24835268044579
3025701,870.7471017016322
3025702,0.3846426359738508
3025703,1.000866966034681
3025704,4.152674785753338
3025705,0.41237906228488536
3025706,6.282191446267562
3025707,2711.9240402353407
3025708,0.6576890808079978
3025709,458.2033781818223
3025710,9.487726945801679
3025711,965.9266931572208
3025712,828.143660968648
3025713,301.233734156058
3025714,141.7949344519883
3025715,119.77893186251526
3025716,3936.9174891046055
3025717,27.473796785038346
3025718,0.7138450405231278
3025719,19.191924591918603
3025720,38.31332491504034
3025721,0.5504267243658588
3025722,257.81404628082805
3025723,18.830961851896603
3025724,10.944603919665692
3025725,13.269188381023769
3025726,49.73692832958444
3025727,5.258471529211063
3025728,373.21840491443004
3025729,308.9614948304656
3025730,8.450768376789235
3025731,10.874323095911787
3025732,424.89748415515874
3025733,76.85321783299447
3025734,1852.83234322958
3025735,0.3637960886848678
3025736,33.91301881593075
3025737,3.8836045208625625
3025738,0.443589658405893
3025739,4.882276366056213
3025740,3492.1575727320774
3025741,0.6870359418496421
3025742,608.5615679344314
3025743,14.43976117285525
3025744,1041.4542146014992
3025745,1211.0302217010296
3025746,176.07041382547487
3025747,258.8674957693766
3025748,189.78480080505594
3025749,3555.2712685270744
3025750,33.53073276203156
3025751,1.9984134336354167
3025752,26.63659478184103
3025753,31.338793462348466
3025754,0.7911482874211762
3025755,225.09028668217715
3025756,11.58276193051662
3025757,31.91509309893404
3025758,9.404999978854711
3025759,98.71391126266309
3025760,11.46348781839162
3025761,415.55168283193365
3025762,242.27972821798477
3025763,7.719112954954491
3025764,12.200374086969251
3025765,572.4894177789325
3025766,113.98244707253332
3025767,4291.884196866971
3025768,0.5373237965432647
3025769,39.29277676446293
3025770,3.418506184119064
3025771,0.5261874592319441
3025772,7.626146196554341
3025773,2729.5397335971215
3025774,0.7260440484438128
3025775,680.0189632351269
3025776,17.743548098913315
3025777,1030.1359238364334
3025778,1157.805506911372
3025779,226.38129555995613
3025780,252.52270942128573
3025781,134.23688593234792
3025782,3469.3756150862364
3025783,29.205172824591962
3025784,2.5260056837987492
3025785,29.514894849767554
3025786,30.90519651826071
3025787,0.6884763850789194
3025788,286.00581009016037
3025789,26.379514646385953
3025790,23.102007184702344
3025791,17.27052715611702
3025792,91.18524650071404
3025793,12.81310978328899
3025794,336.1519595253984
3025795,281.2862589019008
3025796,13.588015385051017
3025797,19.09909054566173
3025798,463.8282969698186
3025799,114.36276466350094
3025800,3471.3952746242257
3025801,0.40228825393924716
3025802,26.875649059980102
3025803,9.430754492339934
3025804,0.2840804597123209
3025805,6.575591706475757
3025806,3040.1995912889533
3025807,0.6904937128305704
3025808,447.89786889383464
3025809,10.227036723718168
3025810,1376.1685342761916
3025811,715.0923626437475
3025812,472.38669049321436
3025813,199.4180304257738
3025814,78.47446203577468
3025815,5703.416545072849
3025816,8.664249238265969
3025817,1.2477492550619578
3025818,50.05020025454277
3025819,42.985434887551975
3025820,0.3617761019914264
3025821,363.2207827150947
3025822,9.544582972347483
3025823,8.047282789751355
3025824,9.432962205460283
3025825,34.161038736980906
3025826,3.533674625470555
3025827,317.69210749727233
3025828,422.36878115047335
3025829,5.169670553298699
3025830,6.040200162870948
3025831,344.19708770278464
3025832,92.75493437897447
3025833,2209.6783660578913
3025834,120.76615422188253
3025835,11.574575311229747
3025836,3.2387014062636434
3025837,0.48698839471826233
3025838,3.009143493388249
3025839,2313.8955961280453
3025840,1.1988923625814933
3025841,399.38630385690766
3025842,12.93869937946442
3025843,780.153691563533
3025844,814.8595116839043
3025845,141.91985264777256
3025846,140.17354181260401
3025847,143.89508788962576
3025848,2802.56852974553
3025849,20.201589976239916
3025850,0.9921243307966128
3025851,26.70143612574169
3025852,26.647283571903632
3025853,0.5427744200782803
3025854,202.0423359039927
3025855,14.361615146851484
3025856,28.46693634850854
3025857,9.332611816746594
3025858,92.20818665798473
3025859,5.910308016827858
3025860,276.94921671976977
3025861,172.68878176310614
3025862,5.450471486052512
3025863,11.14780965841739
3025864,315.3686515341129
3025865,60.13064719378035
3025866,4092.1507195423396
3025867,1.34889356623429
3025868,24.151853981001963
3025869,3.5893361408351
3025870,0.37891480354349444
3025871,2.081898910320951
3025872,1326.2301319873866
3025873,0.657095053833622
3025874,94.13985728933997
3025875,5.313331637458019
3025876,667.8850371413145
3025877,364.169162161835
3025878,217.04128976366954
3025879,35.6650776913743
3025880,35.65055786881931
3025881,2814.379425755726
3025882,4.15731692106042
3025883,0.5161421124782187
3025884,11.969112009331388
3025885,10.809499341439563
3025886,0.30568896075189733
3025887,161.24932115833715
3025888,5.18150158335458
3025889,2.746946077314633
3025890,3.22345412274176
3025891,12.493339908720454
3025892,1.6231563178548702
3025893,169.0347060415184
3025894,161.46013832505724
3025895,1.7493723233117604
3025896,3.949300037677225
3025897,121.31294144954897
3025898,21.518302089564852
3025899,242.60195512424082
3025900,1.6113474623905166
3025901,3.081089665020055
3025902,4.674720683355554
3025903,0.41544166026034846
3025904,5.930182566429207
3025905,3666.404991500245
3025906,0.7147573772294815
3025907,631.0839156640614
3025908,8.879560563620576
3025909,1743.538195193013
3025910,651.0316076471889
3025911,439.7156163811281
3025912,179.028276023655
3025913,72.96032211210729
3025914,6397.256750375567
3025915,17.282823460212953
3025916,0.5084978923257396
3025917,23.421837564049927
3025918,20.34532805550601
3025919,0.32845135929405195
3025920,461.83592890063034
3025921,10.009305592842535
3025922,2.409489688929155
3025923,8.041585156296806
3025924,29.977338725832325
3025925,1.6258824268303198
3025926,581.0883012885926
3025927,392.0119269458418
3025928,2.1220583774782504
3025929,10.809835201437723
3025930,386.2050235559184
3025931,90.79709196697864
3025932,1305.8617277824853
3025933,25.176833196558878
3025934,6.415766183497739
3025935,3.9381796699398004
3025936,0.5263004365116155
3025937,1.3790985940931169
3025938,1423.415840519396
3025939,0.6970915071389401
3025940,165.27130960719708
3025941,6.507315620409774
3025942,770.5686787127305
3025943,442.0921775898859
3025944,171.09424425994592
3025945,43.86494594999569
3025946,32.43193045645261
3025947,2651.7130085918247
3025948,6.447159028330034
3025949,0.7228643014432304
3025950,9.882164845127972
3025951,16.241449456824
3025952,0.32370606621567816
3025953,158.77812409285175
3025954,5.940790741409561
3025955,3.5804410522487222
3025956,8.372982549828741
3025957,24.886139955348597
3025958,1.5307752142108864
3025959,124.03332549609243
3025960,167.53321002929368
3025961,0.8572313116749443
3025962,4.235409647224625
3025963,128.40266961849707
3025964,30.11144847304156
3025965,295.6531518316701
3025966,8.675695339357937
3025967,3.036275043741195
3025968,3.454064866750759
3025969,0.35794746666687266
3025970,2.2733891828715924
3025971,1328.3559788112284
3025972,0.6738561542388137
3025973,114.18612752661535
3025974,4.9525832523773685
3025975,650.6328132632086
3025976,285.3811753778072
3025977,140.23898086728548
3025978,40.233103981570814
3025979,27.376884900460123
3025980,2557.626759158802
3025981,4.196757964615323
3025982,0.42698825394734646
3025983,10.641710483988321
3025984,8.158469397624561
3025985,0.28763330143385446
3025986,126.5080104920798
3025987,1.058889603972672
3025988,3.5701262876938853
3025989,1.6472963681908093
3025990,21.679573352757316
3025991,0.5874941539672627
3025992,116.39586955210846
3025993,176.2109890372507
3025994,0.4720501808597969
3025995,4.012893012693522
3025996,54.740730975062455
3025997,20.159649039714225
3025998,175.53552764889434
3025999,1.7379259987143183
3026000,1.7131040865409222
3026001,2.606430113597864
3026002,0.3770483138981718
3026003,3.330584120599832
3026004,1425.899941286586
3026005,0.6779491226501416
3026006,151.0956660021854
3026007,4.567252251690171
3026008,900.4007645989304
3026009,434.01886761564344
3026010,225.07215527537397
3026011,25.421600140748634
3026012,36.07196167301646
3026013,2701.609664589005
3026014,3.2633553937495385
3026015,0.47586398440308
3026016,10.632209097198185
3026017,16.982259471737287
3026018,0.30174988675982223
3026019,174.44919119449725
3026020,1.6278200720619007
3026021,3.572084135250497
3026022,3.9812496947840064
3026023,15.221060806674693
3026024,1.2676332876377203
3026025,133.47146542369472
3026026,246.0141889980831
3026027,1.0979140704416197
3026028,4.588311881811622
3026029,54.1092929045723
3026030,80.54910189582512
3026031,360.3652086945796
3026032,7.870314438523277
3026033,3.66819587678799
3026034,2.0856534815088343
3026035,0.7745019386385144
3026036,2.467769189485537
3026037,1579.968740252261
3026038,0.6942994856373056
3026039,138.5747507730482
3026040,3.974900626641875
3026041,784.1331736114035
3026042,374.45250933894977
3026043,220.76049440991594
3026044,84.53371086152862
3026045,55.43301120244961
3026046,2619.8724620367148
3026047,4.8627080609347235
3026048,0.7466360047109224
3026049,17.678531793666696
3026050,20.83761480182212
3026051,0.4105773374979475
3026052,195.75491948123067
3026053,5.988244125009491
3026054,3.6244437991898453
3026055,3.7782769861527434
3026056,20.586223693811544
3026057,1.2440429956177335
3026058,119.12400864870598
3026059,172.58875702001035
3026060,1.0401090748233155
3026061,4.22374776354821
3026062,98.11224211706777
3026063,43.77438405997442
3026064,638.2658030754777
3026065,7.87966530296122
3026066,3.4153312616478657
3026067,5.394855398859521
3026068,0.34749372903079884
3026069,1.6955315270424471
3026070,1453.3221461773182
3026071,0.6604104811281619
3026072,144.42427160147827
3026073,5.518117307176105
3026074,758.3614740081425
3026075,248.30373138314872
3026076,149.4482603135388
3026077,117.63439914586445
3026078,25.529687802970486
3026079,2139.082084123249
3026080,7.442532849445478
3026081,0.45095468656049453
3026082,15.75843509334088
3026083,15.383880456508704
3026084,0.45781957140567037
3026085,146.26287849059202
3026086,0.5794000146790164
3026087,3.2455514146763793
3026088,2.3453971192186236
3026089,23.412971894517106
3026090,1.7824630559510983
3026091,53.94945726458298
3026092,135.46662298219243
3026093,0.7759450546725086
3026094,4.695163595847956
3026095,65.76488965700933
3026096,30.934011667276003
3026097,527.304243060982
3026098,2.1770027640167404
3026099,2.668871550203787
3026100,4.162854595683525
3026101,0.5901674980029944
3026102,2.554528850447709
3026103,2370.8402248460375
3026104,0.6932567731503239
3026105,281.9956117683581
3026106,5.304665388064359
3026107,1016.7917932375648
3026108,1018.1594412326069
3026109,415.5632498014545
3026110,147.6889056786543
3026111,82.31032347525395
3026112,3839.575464495933
3026113,7.9412490590366875
3026114,0.5778378145761333
3026115,21.96158777483929
3026116,20.240031121370137
3026117,0.32801384437350095
3026118,240.6189910257779
3026119,1.340827623450809
3026120,3.0933772095079077
3026121,7.638577567079694
3026122,24.05121735097898
3026123,2.4746939616359738
3026124,218.57339975894115
3026125,232.72676076899157
3026126,1.8210816557102656
3026127,5.262998752379558
3026128,276.71353690741046
3026129,49.15200366847587
3026130,1239.592252813998
3026131,28.02891914131976
3026132,7.544432341537356
3026133,2.729214792031185
3026134,0.3443388703122898
3026135,3.6189883490333106
3026136,1753.7548198698269
3026137,0.43637934660636146
3026138,444.7560919165975
3026139,4.977055954553229
3026140,524.6348314885388
3026141,611.5757636318782
3026142,175.49463028073455
3026143,137.33063750084682
3026144,37.07592602751015
3026145,2535.0519700910077
3026146,7.653866579801329
3026147,0.6519737651681206
3026148,14.70294324097127
3026149,18.656732350696853
3026150,0.29527166413111705
3026151,150.32146272932474
3026152,8.348003005051789
3026153,4.36999570988506
3026154,6.555863019108251
3026155,49.66995526159663
3026156,1.4025365760473165
3026157,70.950686016276
3026158,137.60709639084163
3026159,2.4726264100224364
3026160,4.549342162508639
3026161,139.01020963472538
3026162,49.170626012032926
3026163,1340.1772349641653
3026164,25.169110544340825
3026165,7.897150610055095
3026166,4.8682637831141164
3026167,0.42961956812785285
3026168,3.7180685991739653
3026169,2034.7953848777076
3026170,0.6916292595808333
3026171,139.00776810627934
3026172,4.469361592257586
3026173,761.7438507785045
3026174,331.5291251345079
3026175,246.53023432473137
3026176,45.14134120380942
3026177,37.31004801704425
3026178,2822.3484917040178
3026179,7.634525711289111
3026180,0.6004624531972201
3026181,11.469346579652768
3026182,11.70018531613423
3026183,0.3458597607436071
3026184,152.57792635735143
3026185,4.790808758648934
3026186,3.125066546181849
3026187,3.990400392083492
3026188,19.82984509164477
3026189,2.1104133248247616
3026190,114.92458130390831
3026191,151.49950080397653
3026192,1.0458756610011288
3026193,3.761431901385863
3026194,75.19960837718085
3026195,22.194198110059357
3026196,370.36190840805716
3026197,16.19490765077452
3026198,2.8937560837798473
3026199,3.8310019749168176
3026200,0.48737038732505494
3026201,4.3536796355243625
3026202,2523.913599341537
3026203,0.7805733069197405
3026204,603.5984483840888
3026205,10.99781677394262
3026206,833.352073319262
3026207,797.1479312746337
3026208,210.27661458373498
3026209,147.8286066656589
3026210,104.33430697460007
3026211,3459.2491353639516
3026212,28.57172708638435
3026213,0.7187848949989013
3026214,19.507521234049875
3026215,27.955610437746017
3026216,0.6569817024212132
3026217,225.1450783544452
3026218,16.184062350052027
3026219,19.50184213543851
3026220,5.992657369414781
3026221,64.31110710610984
3026222,6.744351054748244
3026223,385.78867624303587
3026224,247.4825205254356
3026225,6.885564822204733
3026226,8.822784867854596
3026227,416.55525720888784
3026228,110.77813735557736
3026229,3289.3249590104583
3026230,1.1108706228444758
3026231,33.21511847016292
3026232,5.1837867614429785
3026233,0.38135864366333655
3026234,4.786197242009976
3026235,2931.0702122645794
3026236,0.6924107055028297
3026237,391.62370860327246
3026238,6.272575441166806
3026239,1018.0931903646024
3026240,791.6483465467289
3026241,499.17502134444516
3026242,58.45605181093292
3026243,56.49120967777603
3026244,4568.071685647176
3026245,9.573729174142517
3026246,0.9780548004169473
3026247,18.000317474209627
3026248,13.594258926312612
3026249,0.34471777663672165
3026250,275.3293187009402
3026251,2.451155033485449
3026252,7.96525737934036
3026253,5.794464554290089
3026254,37.07425191715912
3026255,0.8624978138960983
3026256,232.0072717198582
3026257,306.43413137463915
3026258,2.530856967322683
3026259,3.426919452853706
3026260,212.13436459197567
3026261,48.12631957469817
3026262,884.4639873097783
3026263,78.36664256112257
3026264,8.28027717347722
3026265,6.003795468183585
3026266,0.46704271287850807
3026267,2.6688795586253735
3026268,2690.350480886699
3026269,0.6859963053306293
3026270,378.9761143354447
3026271,3.808935887110018
3026272,1059.966923499294
3026273,648.7856339703791
3026274,273.9651877232139
3026275,230.62762163779666
3026276,72.18579595322151
3026277,3500.3533744869037
3026278,10.858199953848684
3026279,0.7379136381612696
3026280,31.79466848376367
3026281,25.15507765894659
3026282,0.3456712222556928
3026283,265.49794593340727
3026284,1.9816329737022949
3026285,4.167794346765644
3026286,6.190381661121751
3026287,68.21475473740061
3026288,1.4066667426714758
3026289,95.14866804042214
3026290,229.59859584073618
3026291,2.20840012259059
3026292,4.5667503274014285
3026293,130.0762167954806
3026294,120.36474370487839
3026295,1288.8050553616772
3026296,1.1885686453919626
3026297,3.5702273766168293
3026298,3.5840663744989416
3026299,0.3794316028255781
3026300,2.0861871234172193
3026301,1547.2068799842864
3026302,0.6358795565914341
3026303,113.08638004019045
3026304,5.020938122641827
3026305,668.7365242065441
3026306,321.0365187716813
3026307,142.02303961426333
3026308,51.86890705206927
3026309,39.30318430635241
3026310,2274.520186396303
3026311,5.150267066173348
3026312,0.5668983497656856
3026313,24.2286282493448
3026314,17.82264209493783
3026315,0.3430633036251612
3026316,160.7374652650545
3026317,1.2006177981351398
3026318,3.7895128247797114
3026319,3.0011906631666476
3026320,37.675208811826494
3026321,1.4644593683834928
3026322,103.45076271638607
3026323,147.22931564821906
3026324,1.265280963947205
3026325,4.542738941666017
3026326,114.45780914299613
3026327,29.6181751848711
3026328,423.6583563176845
3026329,19.540466907588037
3026330,1.3038439768724501
3026331,2.2802576806611294
3026332,0.38331260758955416
3026333,1.3709822570452341
3026334,1383.314282649417
3026335,0.6369557564868571
3026336,273.54876012172866
3026337,6.845999825511268
3026338,518.4686613930464
3026339,444.92801369856164
3026340,118.84561169147933
3026341,44.619632682598635
3026342,54.606696657013075
3026343,2136.431698812495
3026344,24.62607737317084
3026345,0.5132269342195901
3026346,11.78166613852246
3026347,13.897430612183278
3026348,0.33356377194797643
3026349,122.64138034658914
3026350,10.650010852685526
3026351,4.59397881469454
3026352,6.0015492291153985
3026353,42.44771693811494
3026354,2.652954691119994
3026355,654.4237387278288
3026356,146.47837426678186
3026357,2.806390095105414
3026358,4.974422187797718
3026359,316.9301453032595
3026360,28.182890174112977
3026361,1730.8031201330532
3026362,0.9538963896931606
3026363,6.166980596592917
3026364,2.4319799162686495
3026365,0.39216279438127677
3026366,3.170236631099718
3026367,3185.1832010622775
3026368,0.7882385124011231
3026369,736.4899076492297
3026370,11.796084943493618
3026371,1132.286079805728
3026372,1280.8688108929111
3026373,277.8641730805882
3026374,214.0978828288709
3026375,163.4482210684357
3026376,3818.3065093879495
3026377,22.56826796147955
3026378,0.8843493806679877
3026379,20.117292239913084
3026380,39.3738100366196
3026381,0.3961150133380886
3026382,272.39759325063267
3026383,10.964986013721315
3026384,44.09015679056286
3026385,8.127106952073818
3026386,75.58304148632429
3026387,9.07368775350579
3026388,391.070908477958
3026389,280.5814473197054
3026390,16.322855955485007
3026391,9.446317502633192
3026392,504.6691976361476
3026393,106.09174352078148
3026394,5710.84323015145
3026395,1.6772453218348113
3026396,21.105308378718185
3026397,1.4062742844610072
3026398,0.3248934742663964
3026399,2.6980164192596936
3026400,1545.6314739745762
3026401,0.6306947187819837
3026402,321.8424036695487
3026403,3.7619479443361765
3026404,360.5710235590461
3026405,502.3894979897243
3026406,126.17739877207329
3026407,79.47606881501511
3026408,52.053175069926205
3026409,1698.0613678256882
3026410,8.87418557175914
3026411,0.5232253189361912
3026412,8.939433661103926
3026413,17.608840447224342
3026414,0.3372531328400278
3026415,76.50170795048135
3026416,0.6006085271822914
3026417,29.446014435964326
3026418,2.5088762263533364
3026419,103.7540220929061
3026420,3.476349163778872
3026421,156.88975362740808
3026422,94.76180921670709
3026423,2.3771658535602658
3026424,3.3988620190423813
3026425,131.97825436140297
3026426,25.191501096778357
3026427,2077.7045844132226
3026428,0.9281034036819086
3026429,3.3212123899479646
3026430,3.7153851742293087
3026431,0.32384702046058905
3026432,1.3060145583897036
3026433,748.6957553814852
3026434,0.5583992255042026
3026435,187.30823977915537
3026436,4.749362755381109
3026437,269.3210001959379
3026438,223.91209317334716
3026439,77.40679779135425
3026440,27.469518570955962
3026441,25.628993095180668
3026442,1235.1331199413696
3026443,4.009288203326289
3026444,0.4197845902271488
3026445,10.417253027797365
3026446,7.603637470780187
3026447,0.24643745999378083
3026448,69.97904914471694
3026449,0.44582303134090784
3026450,8.647729978338761
3026451,2.7767285135285458
3026452,19.445453973940104
3026453,0.43614785525247735
3026454,195.40722625389907
3026455,105.51102641130998
3026456,1.7075436146720673
3026457,1.4911038613712666
3026458,111.13811642308346
3026459,16.36110924005602
3026460,751.4597329818326
3026461,0.7094984818132992
3026462,1.8633785000482443
3026463,4.753110236059332
3026464,0.41226886717721656
3026465,4.381010097123875
3026466,2691.101344975279
3026467,0.6712214138359601
3026468,587.9058495346912
3026469,8.830088018984775
3026470,838.2221019415306
3026471,883.6630401110277
3026472,263.6888238197121
3026473,217.9720518556095
3026474,100.64017894326689
3026475,3325.6448099671143
3026476,20.32708408468332
3026477,2.0076596347130646
3026478,24.928009708394896
3026479,25.499873853455533
3026480,0.43010680906756005
3026481,203.66864407521922
3026482,3.456483153332438
3026483,36.443952953161
3026484,5.207930997119792
3026485,79.59781889578868
3026486,3.0756989337025713
3026487,242.45141849385377
3026488,217.8810656651493
3026489,9.289924246668654
3026490,7.925735777813279
3026491,351.18288253330866
3026492,73.63261693975271
3026493,3938.9105205935157
3026494,1.3055845990474215
3026495,15.730988999962747
3026496,5.177241928467934
3026497,0.4011867217020672
3026498,3.9563040676902315
3026499,2634.904687006636
3026500,0.6581072545850143
3026501,531.0538141153232
3026502,11.150923228031656
3026503,936.1606871763811
3026504,896.7055426426958
3026505,300.2806087430436
3026506,203.62482991604008
3026507,54.73041751810313
3026508,3875.073998711366
3026509,7.822266173097528
3026510,0.606487986310094
3026511,29.40245004435129
3026512,14.997091794584877
3026513,0.5522874746330672
3026514,225.61310906299587
3026515,0.5707935727570794
3026516,6.29647716875379
3026517,5.094433732317608
3026518,34.27480734317076
3026519,1.0745012917510965
3026520,180.2350961460508
3026521,294.9821034562927
3026522,3.8744240592256523
3026523,3.658174638496469
3026524,159.65028056421616
3026525,67.20015331718872
3026526,1351.3080936496744
3026527,2.08957343434204
3026528,2.723530739067673
3026529,4.106425466705287
3026530,0.7773314454863814
3026531,2.406465030913067
3026532,2688.334892133156
3026533,1.0323437763091832
3026534,584.4142068298004
3026535,8.108024499215801
3026536,856.7099497931717
3026537,727.5354475074239
3026538,233.47668095583384
3026539,158.8391486188428
3026540,53.315591428215264
3026541,3361.103530302562
3026542,11.341476560489614
3026543,0.6064027182557705
3026544,22.396933057024796
3026545,16.91890419338406
3026546,0.687140406271269
3026547,206.99488908517
3026548,0.9320570770576218
3026549,6.779545010090753
3026550,4.373728091201874
3026551,56.84036805549172
3026552,1.1197095742639689
3026553,102.90039460196444
3026554,198.58088434858868
3026555,3.305316473934785
3026556,4.103352083148938
3026557,143.3377465307889
3026558,55.00013787853743
3026559,1114.0335161304356
3026560,1.2508335079795727
3026561,4.221773823982305
3026562,7.45249494829374
3026563,1.3255698577934232
3026564,11.549686503108056
3026565,6984.978810488713
3026566,3.4713308621253365
3026567,1194.1377593437496
3026568,32.39306489663617
3026569,1843.2662823483447
3026570,1958.7975929966708
3026571,323.9857509991153
3026572,433.3542053795362
3026573,299.48699772541886
3026574,7173.01437068308
3026575,74.26953659151772
3026576,2.998964756394078
3026577,44.606579540815325
3026578,54.846128906005355
3026579,1.5295092353290425
3026580,457.55043556853497
3026581,33.89786217202601
3026582,64.98852061015704
3026583,28.04959970412683
3026584,159.88639419537424
3026585,19.000814395296352
3026586,602.7354122100487
3026587,512.5833623076393
3026588,16.697022978810264
3026589,22.321223751305777
3026590,960.1261628831448
3026591,207.66958664010576
3026592,9777.919028727514
3026593,1.2149776081739379
3026594,77.64439169736221
3026595,2.450533111499833
3026596,0.3746264252791938
3026597,1.7811925547303844
3026598,1611.8882723449665
3026599,0.6487878318655588
3026600,140.99835364066635
3026601,4.1273901087185045
3026602,585.6615722379631
3026603,326.0459964988155
3026604,115.99090707369808
3026605,96.50724151589722
3026606,42.71265936269546
3026607,2125.9949957334215
3026608,4.260404832191572
3026609,0.5441222845829478
3026610,9.99783471954018
3026611,9.073881382803279
3026612,0.3336161368056644
3026613,131.5409993974532
3026614,0.5457893868340313
3026615,3.171215192140481
3026616,3.0659596248296364
3026617,25.609673121508436
3026618,0.6315669960100552
3026619,51.090760303407365
3026620,91.55125293897473
3026621,1.4197986009251802
3026622,3.3990250396308355
3026623,92.9870801532179
3026624,16.657037181022616
3026625,619.6516289886814
3026626,2.03569246291513
3026627,2.879710583262698
3026628,4.960541410653881
3026629,0.45154199693916686
3026630,2.145752425875611
3026631,2809.083194649866
3026632,0.6752253667522505
3026633,457.24981741228254
3026634,7.041328395353003
3026635,938.206443755468
3026636,694.0895526446061
3026637,192.63922590145273
3026638,223.0653965286263
3026639,71.61124833825014
3026640,4035.2273610965117
3026641,7.730095258974745
3026642,0.5065481078085643
3026643,17.38759722191184
3026644,20.011954325348725
3026645,0.33550549615137915
3026646,228.12112966352458
3026647,0.5485091721188201
3026648,4.345966863879541
3026649,8.336836673081464
3026650,17.63259094560599
3026651,0.7369383452069895
3026652,267.83942738323856
3026653,211.09759634044656
3026654,3.3982996357434696
3026655,5.46366141464343
3026656,91.02188223940307
3026657,58.41031663080662
3026658,1185.713231933618
3026659,1.347090863489322
3026660,5.335835629687935
3026661,1.4228473798178496
3026662,0.22992361171823428
3026663,0.6136594405156629
3026664,860.2846252104948
3026665,0.5329399164425553
3026666,104.62384055873872
3026667,1.6804000707394091
3026668,511.185838986377
3026669,186.91384094274815
3026670,85.85924159758261
3026671,139.1513048966572
3026672,16.67120854674386
3026673,1725.2750719884905
3026674,1.2515461534960837
3026675,0.38851940319844924
3026676,12.93956371532354
3026677,4.182356832952656
3026678,0.22781873201736103
3026679,86.33527004840718
3026680,0.4230013598478377
3026681,3.0505074681302187
3026682,1.7075428811847866
3026683,8.796824532966637
3026684,0.4031758744412665
3026685,58.35322214972547
3026686,80.89332544881984
3026687,0.36176212260891866
3026688,1.0336013738450096
3026689,40.065178766779056
3026690,9.782318298878637
3026691,186.22268470162945
3026692,2.10208272702993
3026693,0.7638388409685722
3026694,5.47900670915818
3026695,0.34081191247486997
3026696,1.2137096838886203
3026697,1865.779791366393
3026698,0.6076679083234231
3026699,199.67411613313922
3026700,6.963012202297718
3026701,855.3356141861614
3026702,509.1769821732023
3026703,163.29698666087813
3026704,118.28549069682968
3026705,42.679423866574126
3026706,2696.009018196194
3026707,3.1784594974267595
3026708,0.6782019937374194
3026709,27.134324737889667
3026710,12.67997167157472
3026711,0.2974956371395327
3026712,189.39403024336883
3026713,0.5037545916998506
3026714,3.123315307406387
3026715,10.571198714246373
3026716,43.66184758296688
3026717,0.8613491232431691
3026718,227.1783482642794
3026719,180.66993019198776
3026720,1.821996205398322
3026721,3.481512052280009
3026722,193.04458120459265
3026723,27.510758200358197
3026724,1182.2633272847063
3026725,1.5352910957226995
3026726,0.8725493185793779
3026727,2.8001286140972685
3026728,0.4857752641558329
3026729,2.2488956067943877
3026730,1993.1517963244103
3026731,0.7145231119672635
3026732,573.7538948038554
3026733,5.8769190805630185
3026734,810.9532394981145
3026735,709.1588009655114
3026736,197.59065742744968
3026737,94.11559303361099
3026738,60.93174178336185
3026739,3392.9055038929246
3026740,5.233136161963532
3026741,1.6014716545221723
3026742,30.21001419957543
3026743,36.191771576732435
3026744,0.47840232605614885
3026745,180.8246936159842
3026746,1.613240150374462
3026747,5.638881622023296
3026748,3.7533706007334566
3026749,25.936403037866683
3026750,1.8951289998533078
3026751,155.171331885593
3026752,240.53466962747666
3026753,3.228197056629758
3026754,4.583601223849786
3026755,127.47028441316372
3026756,26.59137058079147
3026757,650.3369841333149
3026758,2.8169278698104474
3026759,2.4654719006534833
3026760,2.864730856164542
3026761,0.2525967884324497
3026762,0.5595127059916919
3026763,1165.4666258145598
3026764,0.48769445282403034
3026765,81.27133531173651
3026766,2.3127508982699347
3026767,405.7331996311711
3026768,186.04646479363754
3026769,79.06347053578305
3026770,121.62988038718532
3026771,28.934650730676747
3026772,1704.9735587044956
3026773,2.913941329440426
3026774,0.5012529833239677
3026775,7.899959595138525
3026776,6.348557565230864
3026777,0.304675710747657
3026778,86.17546496478641
3026779,0.4433842240433393
3026780,2.723566910132648
3026781,2.5307251902288703
3026782,20.47477356885234
3026783,0.41706256076216586
3026784,147.17206275046107
3026785,84.51566773007013
3026786,0.5636737704971886
3026787,1.059392445482002
3026788,28.801739342431137
3026789,13.975216904233488
3026790,355.340312219883
3026791,1.2949917289784638
3026792,0.6108958265104595
3026793,4.966701140758399
3026794,0.374202130038194
3026795,2.019905869363885
3026796,3638.3307051260226
3026797,0.6454291628391597
3026798,474.19485198506464
3026799,10.365867573227952
3026800,841.1928412489635
3026801,636.3096902805753
3026802,210.90181561171184
3026803,100.57148037241713
3026804,65.74480954466591
3026805,4087.8454261387287
3026806,10.411479425939861
3026807,0.5109917011266951
3026808,28.230543904090197
3026809,17.007240687418417
3026810,0.3376878832323952
3026811,207.3605879785366
3026812,0.5543911888877467
3026813,26.785220058130964
3026814,9.520876280997397
3026815,50.04798458312317
3026816,3.764409362608853
3026817,213.0067994879336
3026818,216.38453316377817
3026819,4.571550286096021
3026820,9.64107918835776
3026821,111.12406309913962
3026822,47.017204314315975
3026823,1579.4958296002537
3026824,1.528552398533197
3026825,0.725436217507426
3026826,3.3041941419361023
3026827,0.4474921897658928
3026828,6.610218705165936
3026829,2647.553209907267
3026830,0.8702121266355922
3026831,512.9393054968142
3026832,7.901065778971653
3026833,969.7260933848532
3026834,862.7722318985057
3026835,159.4048230476387
3026836,120.2926129491643
3026837,120.50188766860327
3026838,3494.5642631425526
3026839,47.82591053601911
3026840,1.7983872373100944
3026841,21.390640970907523
3026842,24.845826071371114
3026843,0.4899375346647088
3026844,240.5123220764342
3026845,19.751536224339667
3026846,35.998058824820234
3026847,4.144805856380833
3026848,97.33878031102552
3026849,6.295356752167873
3026850,210.81043479991854
3026851,269.63313168478334
3026852,11.246125631418375
3026853,14.500387085652012
3026854,243.45398723420954
3026855,78.58945566273457
3026856,3683.6216763670564
3026857,1.3305813742565207
3026858,10.498550820283516
3026859,4.750290710008733
3026860,0.4173897322256676
3026861,6.3638979112428595
3026862,2060.85599564387
3026863,0.7632196292723724
3026864,445.0029964963278
3026865,8.26840141069368
3026866,911.2134335647416
3026867,780.0743536195346
3026868,134.12475301939162
3026869,82.77375370943946
3026870,130.49187985727158
3026871,3230.1956379564726
3026872,21.834296637034132
3026873,1.224463956264689
3026874,34.30539317545226
3026875,35.932990999207604
3026876,0.36404512563269575
3026877,283.98720431765014
3026878,14.857707095667278
3026879,28.392436645908404
3026880,7.805582003583934
3026881,70.40739744883295
3026882,7.763367336138652
3026883,145.05655827486186
3026884,337.51301461209016
3026885,6.303222237929298
3026886,7.179963675161018
3026887,117.57817585438093
3026888,68.71822860728317
3026889,2950.8179089240157
3026890,1.2373985462467427
3026891,11.835009032443185
3026892,5.901815898954177
3026893,0.585567566100347
3026894,4.578924893583743
3026895,2811.5216812109525
3026896,0.7508519594682441
3026897,603.2979564002526
3026898,6.383162474753505
3026899,1243.270198336746
3026900,659.808696251775
3026901,184.83202394640477
3026902,252.2239112977755
3026903,60.21783528430384
3026904,4610.909869829713
3026905,24.840109114363834
3026906,1.4686476022316644
3026907,20.275591376098944
3026908,16.085498249589786
3026909,0.36627789801261934
3026910,308.96107487511995
3026911,4.077674040964545
3026912,14.074085918753605
3026913,5.033369226646002
3026914,41.997592664424545
3026915,2.8730070543288733
3026916,141.69367949497237
3026917,288.4428956082456
3026918,4.801904287899161
3026919,7.779219927259534
3026920,173.2928561732672
3026921,49.07743733672596
3026922,1623.401815549548
3026923,11.872249581565136
3026924,11.440578289060706
3026925,3.102746007872218
3026926,0.7770934661119091
3026927,3.773468932554737
3026928,2105.77881739389
3026929,0.7809044765209988
3026930,340.80026109912274
3026931,6.129427799480884
3026932,769.6746410153964
3026933,673.9718011569236
3026934,171.98579674955306
3026935,121.17394679397405
3026936,82.51739820621127
3026937,2922.387448610347
3026938,17.119268594896734
3026939,0.8715547689871883
3026940,14.692846307772022
3026941,12.171858995506119
3026942,0.47087700993010423
3026943,184.9923551447364
3026944,16.356878845974347
3026945,26.080869666349567
3026946,2.9934577314826067
3026947,56.31473862833399
3026948,4.914340351439263
3026949,292.4243944386493
3026950,219.41617588146255
3026951,4.218963377166214
3026952,7.1784893206927105
3026953,326.8408387752983
3026954,47.50480286469404
3026955,3126.391232285724
3026956,1.0877912157617238
3026957,19.89520787888252
3026958,3.5405287397496368
3026959,0.42141621725730727
3026960,3.756134741922796
3026961,4091.627088968584
3026962,0.7019408838232503
3026963,389.6717773050236
3026964,7.283456279436145
3026965,1687.8375867179534
3026966,844.3959682143598
3026967,246.60414926890252
3026968,160.54379944087574
3026969,50.31858371785703
3026970,4919.1793053333
3026971,8.84553384354858
3026972,1.8221731786508353
3026973,28.324286432286925
3026974,25.0294999771783
3026975,0.38136900336217383
3026976,327.34820088906787
3026977,0.6504720012949387
3026978,3.580161543574176
3026979,8.763570821693582
3026980,31.309891912128478
3026981,1.4061118587356534
3026982,123.44175504425603
3026983,273.2432361993271
3026984,2.949677006734523
3026985,7.23823204808333
3026986,144.44316994280115
3026987,52.92130452196808
3026988,1191.827121501502
3026989,2.238141986450705
3026990,2.4033283790583972
3026991,5.705321279898284
3026992,0.4277741302114979
3026993,4.677461550922569
3026994,1996.0085395710337
3026995,0.708463427850532
3026996,435.2825452328161
3026997,7.346892842312745
3026998,886.3398547406739
3026999,681.0297521556438
3027000,200.68856930195938
3027001,114.41062653480175
3027002,107.92415305114939
3027003,3305.4583683359515
3027004,24.754184920234856
3027005,1.0346413248284945
3027006,22.103641221226205
3027007,30.57842422479544
3027008,0.4054209456655047
3027009,223.78658417995845
3027010,11.037302732085603
3027011,18.923398687281654
3027012,5.389791482883439
3027013,53.90685835476087
3027014,8.120437446587479
3027015,171.81436625960316
3027016,283.67686388328957
3027017,8.94962931026787
3027018,5.359168447953719
3027019,178.24303748893124
3027020,57.34124608756139
3027021,2763.1610983101987
3027022,0.9457796672010974
3027023,5.57998320379763
3027024,3.085894861380785
3027025,0.4291954951100291
3027026,5.287094808424195
3027027,2183.960870535388
3027028,0.7232849197379396
3027029,430.6505353457387
3027030,9.172199435791637
3027031,698.7426272688142
3027032,765.2457963821581
3027033,154.6833078465676
3027034,113.35720447899247
3027035,112.6236010799511
3027036,2881.1592972842136
3027037,28.97578748773066
3027038,0.6489987856595993
3027039,19.984682505645456
3027040,20.858238133959524
3027041,0.39703053296042207
3027042,191.16232732584905
3027043,12.059273073054493
3027044,41.13885191445196
3027045,7.1481558842264805
3027046,57.23158594022889
3027047,5.7927997901254775
3027048,201.74185886345114
3027049,216.37573288401117
3027050,7.7046381180996555
3027051,7.405903702508569
3027052,202.53666426251033
3027053,51.64054830602902
3027054,3315.6247540463146
3027055,1.0125851131133525
3027056,11.740710401171945
3027057,3.307135491238364
3027058,0.36593614357358895
3027059,4.513980713111312
3027060,4115.9082860661065
3027061,0.6444242270952159
3027062,489.0582861445186
3027063,9.591489333566937
3027064,1047.1223809575954
3027065,696.5966815279631
3027066,260.8188658030724
3027067,161.00790957234076
3027068,46.89599648329498
3027069,4127.119095542715
3027070,5.28016967587562
3027071,0.55436298654397
3027072,12.087571201817763
3027073,16.511409090433006
3027074,0.3273850024498655
3027075,219.04960407763855
3027076,0.57582072572012
3027077,9.411422043457067
3027078,1.9540979201211037
3027079,39.93756788721301
3027080,1.4431280577756636
3027081,178.58833193027692
3027082,265.03453609519
3027083,2.930442537006158
3027084,1.8277268981291885
3027085,204.2516916815626
3027086,95.38330346680348
3027087,931.2649580490378
3027088,1.8698294825071367
3027089,0.7405176045269688
3027090,10.249192897625672
3027091,1.010827281553316
3027092,15.08935460607176
3027093,7786.444902582216
3027094,1.8710469358727377
3027095,1479.6571935669406
3027096,29.386115228694045
3027097,2307.1476748134933
3027098,2227.6445086218077
3027099,480.6848582906177
3027100,535.0989902162296
3027101,389.7750386346138
3027102,8556.893511276896
3027103,94.34170760923175
3027104,2.962661690258878
3027105,105.63519957871759
3027106,115.12152860391409
3027107,1.413948328085296
3027108,597.7947773192654
3027109,37.62409913582803
3027110,25.889528004894203
3027111,46.61056127530881
3027112,258.3106963027184
3027113,17.505865073278464
3027114,742.0238671304303
3027115,543.2018872651134
3027116,29.971894227563396
3027117,36.028645354736504
3027118,986.8538254155
3027119,309.81394986247335
3027120,10000.0
3027121,381.14282555562465
3027122,85.49930103123017
3027123,10.17825584883818
3027124,0.8699049437942403
3027125,12.189237573870523
3027126,7394.329489657482
3027127,1.4733840816019832
3027128,1104.1243762372112
3027129,24.77648610142007
3027130,2195.215520002297
3027131,1935.7066814388586
3027132,582.9913113008461
3027133,318.92148021622563
3027134,256.0189800702369
3027135,8987.100142707875
3027136,105.11059853726795
3027137,0.7794878899388524
3027138,57.592108045616605
3027139,82.4052763876224
3027140,0.8956379876525137
3027141,571.2835775368012
3027142,23.148336913694816
3027143,38.31499267730473
3027144,17.083360889108178
3027145,173.86956627094617
3027146,12.631011840405495
3027147,835.3235984227523
3027148,722.7664461811751
3027149,19.670196894297547
3027150,27.524762054794678
3027151,1015.7932951735082
3027152,221.46680917488902
3027153,8232.178056974604
3027154,573.0673310824458
3027155,80.8905367350587
3027156,9.675207512050372
3027157,0.807366422213037
3027158,12.83880571422873
3027159,4661.211180924032
3027160,0.9732058896056014
3027161,803.652261804483
3027162,13.569042326613147
3027163,1887.2655287255902
3027164,1291.9597709097197
3027165,641.2279084120363
3027166,111.30566125242129
3027167,205.20245871217077
3027168,7436.198977479543
3027169,38.96095431763983
3027170,0.962657913828169
3027171,31.63897818812133
3027172,30.104302346652318
3027173,0.6199968690187065
3027174,511.54689100509404
3027175,27.053554428970173
3027176,28.954392534473183
3027177,9.656300915808
3027178,92.70796860999837
3027179,7.426677824786182
3027180,867.4318629765513
3027181,622.968898402316
3027182,17.90129955586123
3027183,40.41490545565044
3027184,608.2876488124895
3027185,124.08645445602161
3027186,3427.858064155948
3027187,346.3513251311449
3027188,36.299936870854324
3027189,10.315268379514333
3027190,0.8792976837806865
3027191,13.282435745475368
3027192,7091.206050966897
3027193,1.0818940213605575
3027194,1029.643105972322
3027195,21.657495212778013
3027196,2055.927860264949
3027197,1905.8418394943249
3027198,524.3530256614646
3027199,297.918626921681
3027200,228.55902015976227
3027201,8822.325299511273
3027202,44.66283800362058
3027203,1.1820276773222191
3027204,64.48090098286295
3027205,72.71751940587436
3027206,0.8522627290437075
3027207,526.0392451026219
3027208,21.725260769250095
3027209,32.64436797615006
3027210,15.444169695388918
3027211,164.03467890323418
3027212,9.222563150787837
3027213,720.285565705731
3027214,652.3695915438277
3027215,17.96348301918758
3027216,24.65673774915933
3027217,910.1841433955598
3027218,193.29084741431748
3027219,7677.108098943672
3027220,483.1124698196786
3027221,59.32514247965755
3027222,9.05289393030164
3027223,0.6662668192508951
3027224,13.18769378733553
3027225,3454.647901546673
3027226,0.8853831042248785
3027227,649.0993608661037
3027228,16.749715136517672
3027229,1689.297032311166
3027230,992.3943655205835
3027231,497.6035444456661
3027232,88.41111228267263
3027233,135.63954681434376
3027234,6473.215263901481
3027235,31.65679764444792
3027236,0.5623266697537835
3027237,31.26876301823109
3027238,35.09217827061186
3027239,0.6859045467837133
3027240,472.2580874078926
3027241,19.695259547447474
3027242,17.09783855573371
3027243,13.8134347195331
3027244,85.9794304367656
3027245,3.4436268301503494
3027246,642.8956591816079
3027247,614.9525910905006
3027248,14.112883061958826
3027249,18.75186800220543
3027250,607.7401955201914
3027251,71.43537562230821
3027252,2443.5518183024565
3027253,382.9422160576899
3027254,16.521577795221045
3027255,9.217223022621482
3027256,0.7956688894496468
3027257,12.722216848257924
3027258,5905.946285879575
3027259,1.5804998101099796
3027260,1157.0132154821085
3027261,24.944186718218848
3027262,1864.8917157297615
3027263,2008.969337890189
3027264,398.0364322698571
3027265,432.44397858708976
3027266,318.24872622175167
3027267,7439.420393344655
3027268,72.84614823535776
3027269,1.0943611578394505
3027270,45.8019303279282
3027271,53.763342929697316
3027272,0.7317238603803679
3027273,457.5991235233871
3027274,18.573843764798404
3027275,31.93641251018893
3027276,11.386377935625813
3027277,187.74018171427707
3027278,14.134786914759063
3027279,649.1499789901254
3027280,494.7290523572034
3027281,15.775424199111015
3027282,24.97501729655712
3027283,871.0621764958246
3027284,215.21928210610363
3027285,9891.332845366467
3027286,345.1323955946235
3027287,74.89841246486534
3027288,4.655892680434665
3027289,0.8490372361713416
3027290,5.853959526322633
3027291,1774.3613923451503
3027292,0.7926791540826303
3027293,347.97551764531033
3027294,19.57243932392429
3027295,836.2888115466958
3027296,554.4909528863114
3027297,209.8663540518809
3027298,79.43031670937961
3027299,73.67112290523869
3027300,2956.7637797885577
3027301,18.431801600092417
3027302,0.9263503718462847
3027303,31.88937657494347
3027304,25.361120095968236
3027305,0.4856439530332192
3027306,192.58703937033576
3027307,12.069261755585215
3027308,12.159518193575902
3027309,10.264078534362213
3027310,45.89034626923916
3027311,5.679126132124333
3027312,205.9618593573661
3027313,238.81665452960712
3027314,2.5848880173175655
3027315,6.39773262686145
3027316,206.33994970069136
3027317,52.679282789684486
3027318,2250.1155720553948
3027319,1.0079395656700059
3027320,10.669165910527056
3027321,8.263695900282135
3027322,0.7199518898088324
3027323,10.849161510395078
3027324,3744.7785517133775
3027325,0.9803747851727916
3027326,550.0705879396983
3027327,27.522356698259138
3027328,1474.7738028900553
3027329,1005.0360416099439
3027330,422.21410110143734
3027331,95.75237531182555
3027332,123.20492719421733
3027333,6224.342963495038
3027334,60.805978053298006
3027335,1.2473152718419782
3027336,46.67976524832709
3027337,39.996439710859654
3027338,0.6594051233126297
3027339,377.7255455724053
3027340,15.743968705644066
3027341,17.74207844049708
3027342,3.4844879220474057
3027343,107.61833460878506
3027344,6.782754159016052
3027345,513.695834695667
3027346,451.16796218794485
3027347,8.743075835488257
3027348,16.985352240339886
3027349,362.40545604607917
3027350,76.03850956036877
3027351,2773.2481400366296
3027352,433.5043951587843
3027353,16.23062623859718
3027354,7.63582187568037
3027355,0.7124502025710697
3027356,6.142548539565009
3027357,4172.708058562609
3027358,0.9805815464243415
3027359,869.5248664419396
3027360,10.4134533349288
3027361,1464.3852494626644
3027362,1640.5607789065766
3027363,243.76938537178557
3027364,347.0620647335345
3027365,232.39644039952293
3027366,5034.339380184661
3027367,30.670041300758808
3027368,1.001864126010465
3027369,33.3938153539857
3027370,40.952882696618175
3027371,0.9089879072889404
3027372,323.8468733167491
3027373,1.653568496605041
3027374,46.98716007332962
3027375,5.387740129959873
3027376,121.93844593469863
3027377,7.303181128506249
3027378,570.0249161185542
3027379,299.0376401896862
3027380,17.496730745665925
3027381,8.860714060829729
3027382,693.5170955969895
3027383,112.0832716246546
3027384,8006.307582029579
3027385,5.345395587859156
3027386,44.953751133285564
3027387,7.4368518554195076
3027388,0.0
3027389,6.630430347988748
3027390,3871.5674420742603
3027391,0.0
3027392,794.4354945558257
3027393,8.935109998206494
3027394,1537.2931938809966
3027395,1160.8699996205673
3027396,327.4515696883393
3027397,198.20083448370244
3027398,267.2763440634443
3027399,5160.9707703287695
3027400,32.48566699120463
3027401,1.6569003400876994
3027402,36.70578889086136
3027403,42.12767937719649
3027404,0.5960654757076029
3027405,317.4648881756943
3027406,4.609204448942487
3027407,51.18729229506862
3027408,5.8788369349123695
3027409,188.35020818421788
3027410,7.424120999142603
3027411,406.6258525230611
3027412,328.3900419467043
3027413,9.67503942673319
3027414,19.585346651808457
3027415,432.4714409617254
3027416,121.71735320590338
3027417,6431.8769929432965
3027418,4.328966234486008
3027419,7.459361346874899
3027420,7.222948210220574
3027421,0.45301428667446486
3027422,5.442607076011494
3027423,1989.692954313467
3027424,0.7326371881621129
3027425,446.2079381055825
3027426,5.13412329585666
3027427,922.5561665279508
3027428,522.0364178465204
3027429,212.29125411772148
3027430,86.69773764700004
3027431,97.81510101602709
3027432,2950.4580514688823
3027433,12.176325569465073
3027434,0.7151279881842796
3027435,21.24858063019606
3027436,24.920045621863455
3027437,0.4331431418765064
3027438,190.97384198992296
3027439,3.3399196485258242
3027440,15.562138911235184
3027441,4.397141780270197
3027442,54.6342514191642
3027443,2.3502240237491456
3027444,237.90488305663388
3027445,218.16532138310365
3027446,4.16196086229032
3027447,5.118553942739254
3027448,164.00820333860833
3027449,76.80344621100419
3027450,2698.1049166419807
3027451,1.6037959107725293
3027452,3.806081036827417
3027453,3.8528713790348643
3027454,0.33305981285353264
3027455,1.994785067418003
3027456,2509.4448826413036
3027457,0.0
3027458,206.19657337339171
3027459,4.426375530134552
3027460,908.0563371473065
3027461,237.23660912568954
3027462,176.56449963450828
3027463,54.38687645724044
3027464,25.6635452012099
3027465,2839.0464447741547
3027466,6.086114129316545
3027467,0.49586085207256103
3027468,13.181490823325737
3027469,8.921228576251501
3027470,0.3302473980170777
3027471,168.170024365779
3027472,0.5955628582524735
3027473,2.5855936760218743
3027474,3.4966172343364033
3027475,15.966124427754561
3027476,0.6880001219070966
3027477,38.566147107546556
3027478,147.28204514514286
3027479,0.4680882789541764
3027480,1.6931876377566222
3027481,41.11476550473582
3027482,72.02953136042284
3027483,582.8438288308819
3027484,1.4603848042636132
3027485,1.1599232187433337
3027486,5.148098101076243
3027487,0.4765282760339613
3027488,5.29871972554224
3027489,2887.248439123213
3027490,0.7875173162966109
3027491,503.9220703591762
3027492,11.738696224534912
3027493,1139.9857971071103
3027494,883.7142184405802
3027495,317.02568703969007
3027496,153.68833643651348
3027497,123.82454174141128
3027498,4190.384317129338
3027499,25.45950928672535
3027500,0.6567949960765304
3027501,22.598354590740968
3027502,47.68427375696879
3027503,0.5125693015867961
3027504,272.02385372092294
3027505,17.018048109353956
3027506,21.39972122515701
3027507,12.936104678263842
3027508,59.85003520834249
3027509,5.447898380481319
3027510,407.24156837432344
3027511,333.2124071359813
3027512,7.705566696720804
3027513,11.209740170695381
3027514,426.5297365983366
3027515,80.83203462547164
3027516,3517.7231952523166
3027517,1.110491639902035
3027518,34.58474420833063
3027519,4.250166199792019
3027520,0.4738336379211657
3027521,4.6075270595643145
3027522,4005.1812625322905
3027523,0.8340339961654115
3027524,653.8713697861867
3027525,14.664486455384155
3027526,1165.953288962531
3027527,1382.0557649885475
3027528,193.90365108095384
3027529,279.8388037018284
3027530,207.94721305853318
3027531,4029.5417602234334
3027532,43.32689375146268
3027533,2.4113839772820427
3027534,27.92663822024947
3027535,31.920841313182727
3027536,0.7296255313282218
3027537,260.3698561433593
3027538,12.795157265730932
3027539,47.8996455008575
3027540,9.878273978411059
3027541,122.00046898992834
3027542,10.591037646396972
3027543,441.78632876518685
3027544,274.72387268633855
3027545,6.602999846385007
3027546,13.56758421471541
3027547,617.5998337523774
3027548,130.80017675834952
3027549,7251.452647272347
3027550,0.953748489018472
3027551,46.47071627633778
3027552,3.8602813365315436
3027553,0.6950552557639136
3027554,10.404269332618341
3027555,3604.0340893993143
3027556,0.876208346447683
3027557,786.3274790248873
3027558,18.98402093641089
3027559,1223.8396583990238
3027560,1328.943382412354
3027561,253.4454534793232
3027562,284.82666590159954
3027563,156.94915219466074
3027564,4191.355386649426
3027565,32.574795679329235
3027566,2.431180743521916
3027567,36.973677046979255
3027568,39.952882117331626
3027569,1.0839132186983989
3027570,329.35530768413224
3027571,27.98910575074445
3027572,41.648847572979264
3027573,18.49892610703916
3027574,113.33705116093802
3027575,14.81655763560692
3027576,377.6116602031926
3027577,303.16951008176136
3027578,15.974682624157294
3027579,19.907876082626697
3027580,499.3344555027905
3027581,136.7380248169632
3027582,6382.971285610671
3027583,1.2075284908998547
3027584,35.96013522464208
3027585,9.644990157111422
3027586,0.2838787095401558
3027587,6.485724442896735
3027588,2811.5467645284953
3027589,0.8223075368868902
3027590,418.77298234699873
3027591,10.51682393342746
3027592,1363.8051823550315
3027593,820.5292305524615
3027594,441.08501326038925
3027595,159.29011396189577
3027596,87.11391689939707
3027597,5613.762491873144
3027598,6.741542217972152
3027599,1.1267325342609458
3027600,41.32566514923399
3027601,39.882618360587095
3027602,0.39665820482774283
3027603,362.3414003774253
3027604,7.526185122000601
3027605,5.959176991816257
3027606,10.190561912248574
3027607,37.76972524917519
3027608,3.2684898927797486
3027609,297.8891543141964
3027610,409.7302283661773
3027611,5.577430487009191
3027612,6.488109140745688
3027613,328.4000928134742
3027614,91.32157767741907
3027615,1418.4773208111123
3027616,108.0793797188825
3027617,12.492481948058996
3027618,3.4625357690119287
3027619,0.4762219066091617
3027620,3.989691445070009
3027621,2081.4209033515003
3027622,1.1586067845161327
3027623,350.15865948890496
3027624,14.021561156527005
3027625,683.1481364668786
3027626,690.8615665276639
3027627,120.34924591100871
3027628,115.39147226605354
3027629,126.38311037878776
3027630,2478.2595147120496
3027631,19.620792152561133
3027632,1.4587584656405241
3027633,22.13980454536346
3027634,24.158207138997213
3027635,0.49358575449936704
3027636,169.9348553663286
3027637,12.029868907932341
3027638,12.454544117239791
3027639,5.106520833400084
3027640,90.78375238608803
3027641,5.432399807864629
3027642,252.81203383744798
3027643,156.73252175049387
3027644,4.234735560852267
3027645,7.990030494105749
3027646,264.1900585062002
3027647,60.614004704788016
3027648,2217.0464820545358
3027649,1.530813832461072
3027650,21.7543829441995
3027651,1.8379295805834845
3027652,0.41469235361849077
3027653,1.0178422868073205
3027654,1254.8885813675092
3027655,0.6922349394076269
3027656,87.73789109070715
3027657,3.571123714433934
3027658,681.3009116944315
3027659,293.33456434865707
3027660,206.59281272525317
3027661,30.994856539143978
3027662,28.508762775491984
3027663,2525.7744962338106
3027664,3.5686522070301536
3027665,0.6038060015513222
3027666,11.312535725458615
3027667,7.147722535105072
3027668,0.3359437329886241
3027669,148.31770145188398
3027670,2.9491270313999376
3027671,4.049258957777725
3027672,1.7043870013215527
3027673,8.506994711674889
3027674,0.6485624356416851
3027675,242.3364338308786
3027676,158.2733769280919
3027677,0.6007729674213047
3027678,2.7445314392022246
3027679,110.94951685404398
3027680,23.37973393864216
3027681,216.85074326696508
3027682,4.322633566174631
3027683,1.590127827682505
3027684,5.697038522268878
3027685,0.40753597042457984
3027686,6.480910691145511
3027687,3765.581184873053
3027688,0.7405102567569404
3027689,653.9343932870968
3027690,10.580768706317661
3027691,1680.3376806342774
3027692,614.3997274977636
3027693,451.90618646600194
3027694,148.36710610756384
3027695,70.10890957370077
3027696,6337.769973788947
3027697,20.201774750411815
3027698,0.801289300468897
3027699,22.16295549522994
3027700,20.350131321385355
3027701,0.3799288562776311
3027702,475.9103934424457
3027703,8.77554413002041
3027704,3.2293066691868697
3027705,7.625057770026687
3027706,37.48501135149058
3027707,1.8324905280696373
3027708,850.8771986520834
3027709,385.5007487301791
3027710,2.7010752504699176
3027711,12.420998516860038
3027712,330.62505251423687
3027713,102.4908466273066
3027714,1261.6761540499103
3027715,33.18105321576539
3027716,5.078923827879949
3027717,4.53130759133873
3027718,0.4212672233440694
3027719,1.167297476942125
3027720,1442.9621189405561
3027721,0.7097687494203222
3027722,159.10765286956672
3027723,6.535175259151114
3027724,793.070186087934
3027725,405.6238510158151
3027726,189.37933020330016
3027727,56.014343228368645
3027728,37.26287551681186
3027729,2687.851161051682
3027730,7.096089929283155
3027731,0.5915322182880469
3027732,12.753769205692857
3027733,14.448467191530748
3027734,0.3215524940540636
3027735,157.12548552861162
3027736,4.336772293203718
3027737,5.046956406480277
3027738,6.946456028064605
3027739,32.39082538350097
3027740,1.2002369399536579
3027741,205.4011505526322
3027742,173.96086372750588
3027743,1.2809385982463155
3027744,4.413765001938857
3027745,145.02497589929416
3027746,31.956986873541844
3027747,339.2776368953463
3027748,1.5662201745585844
3027749,2.5755483358424565
3027750,4.429170293778239
3027751,0.37456123877773206
3027752,1.4546734453872763
3027753,1351.191280170942
3027754,0.693880893080013
3027755,97.20241290417916
3027756,6.312465164693097
3027757,694.3589574249837
3027758,248.2294937884493
3027759,124.09533640620874
3027760,34.96217717697646
3027761,25.109566867861574
3027762,2514.92986099725
3027763,6.208466415109383
3027764,0.474797282723611
3027765,9.905935937801427
3027766,8.517484093725114
3027767,0.3159222370449736
3027768,128.5991332004755
3027769,1.3197487882024423
3027770,4.558463504855306
3027771,3.1381806192811323
3027772,24.61645638587492
3027773,0.9808007859327921
3027774,194.45883263233412
3027775,168.83858109961605
3027776,0.5332616072042946
3027777,4.60234537926697
3027778,75.33493900253572
3027779,24.21890048494668
3027780,166.73700866760623
3027781,11.754357750970765
3027782,1.5856970242747104
3027783,3.099609175159309
3027784,0.39962543704850184
3027785,2.8816173261467606
3027786,1368.701950105694
3027787,0.6946362829165572
3027788,143.3401652190722
3027789,6.1375098415805205
3027790,929.5323982752868
3027791,402.74612188798346
3027792,227.41210256776546
3027793,22.70183606739947
3027794,34.93480936253731
3027795,2655.758513070472
3027796,4.928529007006292
3027797,0.7243687848031846
3027798,16.98024326885905
3027799,17.86231362367163
3027800,0.3187507408015424
3027801,188.0621881988796
3027802,1.886715239586834
3027803,4.742123570321526
3027804,3.4776586545366595
3027805,15.506768225308466
3027806,1.5588883030075436
3027807,324.02178752747636
3027808,240.91362681746347
3027809,0.6174174089362059
3027810,4.025508696561592
3027811,66.28214453490865
3027812,89.19206132817861
3027813,359.7722108895912
3027814,7.237442237045484
3027815,4.011399773287595
3027816,2.9252483103200264
3027817,0.5892557783561136
3027818,3.2869633279684742
3027819,1646.7328235074156
3027820,0.7097934081467104
3027821,151.46124203517286
3027822,5.606656568041368
3027823,874.787724710699
3027824,362.88651449190195
3027825,249.67834002255714
3027826,88.35833907867818
3027827,65.39092503044658
3027828,2777.3342505338715
3027829,5.814570394054711
3027830,0.6067238616886594
3027831,15.8475952726423
3027832,19.889734997082417
3027833,0.322445621764761
3027834,202.22785121208085
3027835,6.863253096814785
3027836,5.043548188686556
3027837,4.894166148959982
3027838,23.200121528391037
3027839,0.9552339112028204
3027840,167.9522320677044
3027841,186.22924719858275
3027842,0.8360545539318329
3027843,4.052553650213006
3027844,106.76301883024675
3027845,41.635848862529855
3027846,585.4600380548964
3027847,10.878470377357779
3027848,3.677692942247586
3027849,3.4828994677218597
3027850,0.37136997317875164
3027851,1.930446883281497
3027852,1216.478189922798
3027853,0.6791071568955962
3027854,125.67878178390993
3027855,5.151083683401094
3027856,705.2152147079835
3027857,229.81862596732813
3027858,136.11095712075627
3027859,107.50652678894507
3027860,26.99236786305036
3027861,1861.426409828957
3027862,5.223839170679118
3027863,0.4781888791027279
3027864,10.199754953339381
3027865,11.372019414362924
3027866,0.29890643807358414
3027867,140.49738070969494
3027868,0.6169047226363156
3027869,4.414222998821552
3027870,3.131432976460307
3027871,27.908864815538806
3027872,1.2094084667180223
3027873,60.41118291647494
3027874,125.5825326368074
3027875,0.5186246363012588
3027876,2.984090368077561
3027877,62.13039690437556
3027878,27.761006634107407
3027879,415.79588053576
3027880,3.056345078563526
3027881,1.1372343684674684
3027882,5.128918376646013
3027883,0.406674170862727
3027884,4.0198034162200775
3027885,2486.8056096465966
3027886,0.7159013460047419
3027887,277.75933126306404
3027888,5.412893668456179
3027889,963.5674941155629
3027890,700.5799328808304
3027891,429.5186224808535
3027892,148.24625542203975
3027893,80.78279754377182
3027894,3720.9130691234545
3027895,10.206801574360984
3027896,0.5549564879515984
3027897,17.460821092522973
3027898,22.68180631884701
3027899,0.35116357508174567
3027900,242.89834010068773
3027901,1.4182943652276534
3027902,5.18128268405137
3027903,13.389233360393792
3027904,28.736835168467994
3027905,2.6234750095788546
3027906,319.75309274480236
3027907,228.910346222287
3027908,1.825727758754664
3027909,5.130565701468893
3027910,278.9594781421672
3027911,50.24490229720793
3027912,1067.6577415861675
3027913,23.64323960787437
3027914,7.157730492949901
3027915,3.0807203931782423
3027916,0.4685722302531152
3027917,5.177794688699294
3027918,1747.4342656988738
3027919,0.4558062601819437
3027920,488.38689304181713
3027921,6.347081285451185
3027922,547.5841957995882
3027923,558.5711880435151
3027924,176.39427902396915
3027925,117.99118531516237
3027926,40.169720335589254
3027927,2575.552582467977
3027928,6.8553501318251335
3027929,0.9311009609769547
3027930,15.897721696574767
3027931,16.751937461454144
3027932,0.31801136889594456
3027933,150.35932640864763
3027934,8.00430315795241
3027935,5.075456511899582
3027936,5.5117010503256925
3027937,51.496901031297014
3027938,1.6792543553346697
3027939,167.7469829935235
3027940,131.26517515415392
3027941,2.6939144621988955
3027942,4.244076911397807
3027943,133.6629355476213
3027944,50.950670233056826
3027945,1200.4920368962612
3027946,33.52393111408409
3027947,6.596163527270818
3027948,4.518388626598849
3027949,0.4817363770567763
3027950,2.3534778138781856
3027951,2023.6923597853286
3027952,0.7229400756868761
3027953,133.6246330784031
3027954,4.8250709477885385
3027955,761.9222722869173
3027956,310.9184289175598
3027957,228.0510049210393
3027958,46.300253246597705
3027959,41.41494240682653
3027960,2853.0260002017167
3027961,10.212167391419616
3027962,0.9527981069511309
3027963,14.782677966604712
3027964,8.971624135355889
3027965,0.35624225244882307
3027966,147.48509525932604
3027967,5.289634252501596
3027968,5.178891301546852
3027969,3.759085257973691
3027970,26.49289811220752
3027971,1.3924905753100458
3027972,139.79347882020565
3027973,151.16976645745132
3027974,0.8537035143805798
3027975,3.6021872799825765
3027976,154.1526133210916
3027977,23.753976321783362
3027978,387.32483887169445
3027979,8.529209016093915
3027980,3.3374973119449054
3027981,4.312121907198281
3027982,0.4775402132297654
3027983,5.626089808141919
3027984,2395.2062312349844
3027985,0.7679721866521587
3027986,567.9180570945248
3027987,10.273368354243745
3027988,762.5917321416068
3027989,695.5093618134642
3027990,180.92219008344293
3027991,127.98045838895781
3027992,80.27254804226138
3027993,3171.240475282271
3027994,24.418386724052695
3027995,0.8441221724784975
3027996,12.853241000008643
3027997,21.518484052140366
3027998,0.5251215525088346
3027999,208.7265327189493
3028000,18.07916163333568
3028001,11.542134888015912
3028002,7.520520328784575
3028003,65.85615289287833
3028004,5.754244117482149
3028005,359.7910661820008
3028006,221.84138351218954
3028007,5.840817033467132
3028008,5.276284091242717
3028009,369.32218369420303
3028010,93.84918305416093
3028011,1881.9147474018437
3028012,1.4286529685774874
3028013,25.413925921673687
3028014,5.251896114634059
3028015,0.419045220857704
3028016,6.016566219917699
3028017,3226.659387692317
3028018,0.7309919062621003
3028019,409.0361924453781
3028020,5.060443692257341
3028021,1110.1436706801312
3028022,675.6009640882615
3028023,525.0279189458362
3028024,64.93611199134605
3028025,62.80199167414281
3028026,4632.30491676932
3028027,8.711098738715222
3028028,0.8083830027348635
3028029,14.467995842690652
3028030,11.931146179547719
3028031,0.3625803909539159
3028032,294.28806378292745
3028033,2.160792141588045
3028034,5.991928955306283
3028035,4.909508321513307
3028036,44.33869128635579
3028037,0.5866402804440628
3028038,614.6050414695017
3028039,336.3653757457834
3028040,2.7659018397052426
3028041,3.9281834135811162
3028042,214.62025083669494
3028043,45.44046217036728
3028044,804.0794339201182
3028045,93.5818381292622
3028046,6.483846993593865
3028047,8.166389233758322
3028048,0.5943977657484076
3028049,3.3644067617315305
3028050,2423.7707999565882
3028051,0.7249285680438746
3028052,352.4657950814353
3028053,6.129275715599492
3028054,1121.3416046368004
3028055,550.7787306262113
3028056,259.39897652868507
3028057,200.88696788120254
3028058,75.25620602853641
3028059,3347.828254899786
3028060,9.867487303093197
3028061,0.7399846902123974
3028062,25.756894843940643
3028063,23.309822501878962
3028064,0.3639397188293545
3028065,268.35726270515596
3028066,2.3966996908435556
3028067,3.2608458092258963
3028068,7.418461201257207
3028069,74.98637065766663
3028070,1.2605016054398768
3028071,115.08745347812042
3028072,234.33182239940257
3028073,2.069751275529333
3028074,3.8918550065458355
3028075,129.0157194645431
3028076,133.5712409100936
3028077,974.6691755885081
3028078,1.7384929244968166
3028079,3.348786411498609
3028080,4.09137198539914
3028081,0.41164998002496395
3028082,1.6144549266555022
3028083,1648.1833370014472
3028084,0.6667776469687743
3028085,117.82178045266808
3028086,7.816423386664103
3028087,710.6778310386921
3028088,310.4078590847069
3028089,135.59160247848592
3028090,51.85140434955293
3028091,43.82724281007013
3028092,2740.8760041711503
3028093,5.016245532681805
3028094,0.6209748109760851
3028095,21.66809750087532
3028096,19.440734304991935
3028097,0.355702948784616
3028098,155.8808647289223
3028099,1.6710639087082964
3028100,5.24041977180681
3028101,2.4548716884442805
3028102,43.18296155748207
3028103,1.2580336992708083
3028104,112.61337733595917
3028105,148.13236382210113
3028106,1.4517768661142456
3028107,5.476039528014183
3028108,108.80732594618405
3028109,32.3032280029304
3028110,415.58825838031584
3028111,19.449938013150874
3028112,1.7453349466762142
3028113,1.8948386340293362
3028114,0.4147978220669557
3028115,2.039155756272449
3028116,1381.975708549221
3028117,0.6669035692031932
3028118,269.7233504021687
3028119,8.727510174839678
3028120,518.5690765987147
3028121,468.09798370864684
3028122,126.98690079349574
3028123,44.3520468919379
3028124,59.66222616619819
3028125,2093.1731653224556
3028126,30.851989562251784
3028127,0.7080415752022637
3028128,12.651467251319767
3028129,11.651667626661293
3028130,0.35972205915214106
3028131,116.9347954071244
3028132,7.636669313471811
3028133,3.7058435349549037
3028134,7.741309235921249
3028135,50.68777386585373
3028136,2.6370204516804856
3028137,750.7334867246075
3028138,144.58638052192447
3028139,3.795268254764013
3028140,4.631401110616999
3028141,284.7537792618804
3028142,28.510794528381915
3028143,1105.6360717974887
3028144,1.2853097587737181
3028145,5.738581602213648
3028146,3.085684199714638
3028147,0.47452089218742766
3028148,4.800465908690466
3028149,3029.61204647651
3028150,0.7202634320365597
3028151,695.3810619924363
3028152,18.692419939652115
3028153,1076.653445326569
3028154,1164.7770959685745
3028155,261.74440184320514
3028156,192.25192563578918
3028157,161.94316300403267
3028158,3485.76277118661
3028159,24.750428791151915
3028160,0.7393642602906645
3028161,21.274641449805358
3028162,37.97452598985891
3028163,0.4220307069180605
3028164,251.79923979654689
3028165,8.888762901318643
3028166,32.92453328587253
3028167,8.15601205889702
3028168,73.90743556897584
3028169,10.06550004014987
3028170,343.8259089860251
3028171,265.2927763575491
3028172,15.478278133896275
3028173,8.676038870524364
3028174,461.2410358328644
3028175,94.92301278419299
3028176,3551.30594670694
3028177,2.010821808354046
3028178,17.51217592251044
3028179,2.395867358465474
3028180,0.32152425683640873
3028181,1.5918788505195935
3028182,1770.2410786780858
3028183,0.618922491422073
3028184,311.47618747836094
3028185,3.822651533408802
3028186,391.06696515808704
3028187,486.7162403469395
3028188,112.50184810391806
3028189,81.74642852397608
3028190,48.37834066679152
3028191,1674.4349354061042
3028192,8.207538586883903
3028193,0.5566579979096058
3028194,12.27923818294679
3028195,14.409155682835769
3028196,0.32053585093899883
3028197,71.4556655797237
3028198,0.6073994947044128
3028199,16.81718318479428
3028200,3.1549843316661312
3028201,109.53532353317568
3028202,2.4291117415005585
3028203,134.33542767738786
3028204,92.69505670345903
3028205,3.1061806193031676
3028206,4.085584968153751
3028207,121.26693183180122
3028208,22.28143345494165
3028209,1205.5727409084186
3028210,0.8692540075967011
3028211,2.246310235486353
3028212,2.789610840137897
3028213,0.37794612306347547
3028214,2.425133632681056
3028215,679.9590324820128
3028216,0.6112031888117528
3028217,168.9914460440247
3028218,4.676302879298862
3028219,274.18034041873653
3028220,190.86513380603765
3028221,57.12724256543441
3028222,24.085790034889694
3028223,30.64874444830504
3028224,1214.313634891531
3028225,3.8973086709401024
3028226,0.6926609773003285
3028227,11.156883183531466
3028228,8.539255298663434
3028229,0.2982883349338148
3028230,63.640897093352734
3028231,0.49817956081687503
3028232,6.031104515288582
3028233,4.666577946316043
3028234,21.011171720938382
3028235,0.5309451417709354
3028236,178.5585497295996
3028237,96.40227358282519
3028238,1.1145450571629008
3028239,1.6602012630571674
3028240,99.6163088726262
3028241,12.45223061184475
3028242,486.5980340002035
3028243,1.4084987853763504
3028244,1.8543727180394654
3028245,3.7876904541700904
3028246,0.4369644369659464
3028247,3.385970807954065
3028248,2461.5463368374976
3028249,0.6933230833070643
3028250,541.3389330287929
3028251,12.83060750558937
3028252,713.991612056343
3028253,846.1411027913381
3028254,243.35659528720097
3028255,195.74834985199809
3028256,102.12099407668137
3028257,2980.8043224193957
3028258,18.322004610062308
3028259,1.2822516994161646
3028260,22.313906421642187
3028261,27.113943981757444
3028262,0.4729797772130324
3028263,188.5665934450643
3028264,3.847061485952735
3028265,27.200520189942686
3028266,5.4624764953714715
3028267,94.7347010633246
3028268,2.695867815748121
3028269,228.3719815800169
3028270,199.60161848700403
3028271,9.501397557249105
3028272,5.98017383404944
3028273,299.6489453579744
3028274,62.413365113814294
3028275,2188.669864622414
3028276,2.0836198413642246
3028277,10.671904100874475
3028278,5.63711815972058
3028279,0.43260389560345625
3028280,2.2306484921201237
3028281,2735.1571234196253
3028282,0.6881846086483522
3028283,501.44607170694417
3028284,11.08716146518901
3028285,1003.6884914834538
3028286,736.7972719791817
3028287,321.5657736877192
3028288,178.20223394146765
3028289,51.25754000941786
3028290,3756.7368907128894
3028291,7.814539866353776
3028292,0.6546053592993486
3028293,28.83133292232578
3028294,15.411467961310784
3028295,0.4761434494080663
3028296,233.37114669975708
3028297,0.6125495973191787
3028298,5.872818385250356
3028299,4.671066268184196
3028300,49.709132951552704
3028301,0.986286921309649
3028302,330.3015825939664
3028303,262.34187808204086
3028304,4.010304068747408
3028305,4.069717322126095
3028306,169.59902829521883
3028307,69.28470398448756
3028308,1221.8860850711137
3028309,2.4975946093704096
3028310,1.99750673363142
3028311,5.4376787418896555
3028312,0.43136709542826907
3028313,2.335176442503647
3028314,2713.731675081444
3028315,1.0534987578549257
3028316,558.6723092740527
3028317,10.668528505229151
3028318,866.5348280411087
3028319,636.2488359955435
3028320,252.4049312991898
3028321,155.77767117653795
3028322,58.46691453952208
3028323,3392.7037947602726
3028324,12.21968248009134
3028325,0.7238441484632301
3028326,24.265629631961286
3028327,18.51480967240322
3028328,0.4155953208710523
3028329,220.24238010241692
3028330,0.6111574458454998
3028331,5.566623512622325
3028332,4.244649803282264
3028333,79.15609117100212
3028334,1.1458926326390537
3028335,159.67430780097902
3028336,199.15410718774945
3028337,4.121397498906239
3028338,4.283809133869777
3028339,156.6983211471375
3028340,48.65443013154212
3028341,994.383632821078
3028342,2.237444706749201
3028343,4.108804327176335
3028344,7.512007975696264
3028345,1.3288774163261932
3028346,11.072547172032165
3028347,6450.153319246479
3028348,2.829321148838712
3028349,1022.5372380120523
3028350,48.90028044182639
3028351,1587.1151385280973
3028352,1709.7550677539116
3028353,310.16281797701913
3028354,379.18630182536515
3028355,295.35048709165426
3028356,6470.003894992376
3028357,67.85140467293714
3028358,1.5643676772896091
3028359,42.174492772718395
3028360,47.82178646446472
3028361,1.6446895326483988
3028362,403.20749199654483
3028363,27.22848460330806
3028364,36.73486415987939
3028365,27.71750336975731
3028366,179.04476557335119
3028367,19.206072828355353
3028368,554.8657425532521
3028369,439.58926541769415
3028370,15.617089616559321
3028371,18.46699837322203
3028372,839.7498104807567
3028373,199.65513488164476
3028374,6465.186532507236
3028375,0.7619000957637352
3028376,62.091797063415
3028377,3.73288769701157
3028378,0.5002183375908151
3028379,1.097112806513316
3028380,1553.828303373091
3028381,0.6834695773958777
3028382,152.03530037031814
3028383,5.928065624331202
3028384,685.1806018141504
3028385,279.2179178654969
3028386,106.88248350479866
3028387,110.46343270722815
3028388,42.64783061183743
3028389,2261.88445352512
3028390,3.50114688623497
3028391,0.6681116902958939
3028392,13.894821349158109
3028393,11.35285008307395
3028394,0.3628434366071094
3028395,177.6248511830823
3028396,0.8087310053299313
3028397,5.183061300849293
3028398,3.2648493125495937
3028399,30.504122510212984
3028400,0.6825376576044704
3028401,154.79051429858302
3028402,90.21415275471487
3028403,1.6411142500914124
3028404,5.109511972840803
3028405,105.27888488700228
3028406,27.147015423812174
3028407,549.4414090373986
3028408,2.8610906030694894
3028409,2.945935769489941
3028410,6.133024286413642
3028411,0.43617960280732543
3028412,1.5706313070698479
3028413,2722.966993941276
3028414,0.7104374878324498
3028415,489.2799307657641
3028416,10.072868595273617
3028417,1044.8873516209624
3028418,626.5825494853511
3028419,201.9990054033708
3028420,234.3503558994615
3028421,81.38072036752726
3028422,3925.962800861344
3028423,10.474363012885439
3028424,0.8006992830205709
3028425,19.364997148823655
3028426,20.20361415820856
3028427,0.36475367302343575
3028428,256.34831517695204
3028429,1.0377779031391554
3028430,3.728176502854714
3028431,9.423948047671148
3028432,21.292980862939935
3028433,1.222038589171083
3028434,628.6777395201718
3028435,233.53842565523664
3028436,3.2217869930055025
3028437,5.473258532200825
3028438,130.49674778404375
3028439,50.853751398912266
3028440,1078.6664655245568
3028441,1.783696544377216
3028442,3.919057898646675
3028443,1.381383852033407
3028444,0.27446415393025936
3028445,0.4433943448275497
3028446,896.1261948755376
3028447,0.5791291723692156
3028448,132.30791365262147
3028449,2.925297195280568
3028450,701.6830803252087
3028451,161.1566021166117
3028452,94.51971242873353
3028453,172.108102764108
3028454,19.109750340976717
3028455,1836.0923940122486
3028456,1.5986947492837102
3028457,0.4452172808001726
3028458,9.153451900671378
3028459,3.5789906748382636
3028460,0.27086577555368546
3028461,86.2032519220686
3028462,0.48252446457922477
3028463,3.83625570494995
3028464,1.292527690387431
3028465,17.731116759390982
3028466,0.39063130242664246
3028467,113.67360028652664
3028468,83.8607123990894
3028469,0.4101756853531383
3028470,0.9069185886697537
3028471,39.9725444618397
3028472,8.036781270923562
3028473,176.27793728873246
3028474,3.04680243020299
3028475,0.9035448663472672
3028476,11.745950970258571
3028477,0.37214050258420334
3028478,3.1584771272709316
3028479,1917.578897615061
3028480,0.6376044379352794
3028481,209.98116468376546
3028482,13.422841270151139
3028483,903.3745776412961
3028484,394.91532293076773
3028485,175.09359268529664
3028486,112.23422951973231
3028487,60.51583496128888
3028488,3139.2835524987768
3028489,4.166653227494389
3028490,0.7438766938110899
3028491,33.487044260978706
3028492,18.099836613383122
3028493,0.389925910668053
3028494,199.16791504608167
3028495,0.5443522626765244
3028496,5.161907274849073
3028497,18.769914324191696
3028498,49.0768901284448
3028499,2.941905757992871
3028500,354.15587590659567
3028501,199.66692322918993
3028502,3.6794606818787146
3028503,5.361925396589209
3028504,202.71834635639942
3028505,25.27130048701784
3028506,1333.0804737290819
3028507,2.189851189704899
3028508,1.8517305238130375
3028509,3.1406160554766527
3028510,0.42757753299714824
3028511,3.081698341380376
3028512,2106.5270999765235
3028513,0.7386331937598071
3028514,605.0125761535794
3028515,7.17176067383442
3028516,858.5227037826869
3028517,642.0731400142317
3028518,218.19897149988338
3028519,90.6184619363669
3028520,81.47847903561379
3028521,3613.5194969472113
3028522,5.879208814237144
3028523,1.6913682212574508
3028524,26.577928358824245
3028525,38.70088660953235
3028526,0.41619098778496355
3028527,197.26693290700666
3028528,1.4714227647110485
3028529,5.924253072587477
3028530,4.570243228054181
3028531,36.08974576559035
3028532,1.7582297960475932
3028533,247.29592971595153
3028534,250.32310085382267
3028535,2.09747741810062
3028536,7.284762600946322
3028537,133.92282991755678
3028538,28.94960258425081
3028539,618.7806675855314
3028540,3.7506853544451246
3028541,2.840706955620895
3028542,4.636845743838511
3028543,0.3255569872951828
3028544,1.5143361073992327
3028545,1345.6358299015878
3028546,0.5670497805417394
3028547,86.60167864028502
3028548,2.3105808618606254
3028549,477.5945137354293
3028550,180.4339312978538
3028551,83.3276702109111
3028552,95.6307638444866
3028553,28.268617645451346
3028554,2026.4940056934959
3028555,2.802301840096705
3028556,0.5048251543231381
3028557,10.214644822845635
3028558,7.675991995328114
3028559,0.3154181244440973
3028560,102.51018919767277
3028561,0.5325733822462314
3028562,4.087164320029388
3028563,2.3159138585692154
3028564,26.376928318520797
3028565,0.6028840415279899
3028566,344.91284012760224
3028567,86.81897057963471
3028568,0.7101453735407808
3028569,1.1350811230042588
3028570,52.71940551317742
3028571,14.61579275765483
3028572,377.61798380939183
3028573,2.372963691372131
3028574,0.37496440283827276
3028575,3.5798294898278873
3028576,0.42156446894094207
3028577,1.1194741186859716
3028578,3224.564000182125
3028579,0.6952502550038214
3028580,460.0030216227634
3028581,8.903449065028479
3028582,826.5391250211787
3028583,583.9437011290777
3028584,199.82251702260282
3028585,142.80848242041696
3028586,64.88979522929021
3028587,3643.195184977835
3028588,6.021365857857307
3028589,0.565066515183962
3028590,19.435068504595936
3028591,11.952489950006733
3028592,0.37942181385592294
3028593,193.0491364153972
3028594,0.6133691425361023
3028595,23.126541152595593
3028596,4.894744172462792
3028597,50.0904150417455
3028598,1.5483523165685835
3028599,413.0408140306235
3028600,199.29291301538387
3028601,1.792648720801521
3028602,4.064252836216106
3028603,123.05071751189425
3028604,49.330578444562484
3028605,1158.5110215550098
3028606,1.7379118738593198
3028607,0.8354519729384579
3028608,3.6331045053186597
3028609,0.4432757760180421
3028610,6.5974894761533545
3028611,2422.7828211411256
3028612,0.8613582338317269
3028613,482.056815950331
3028614,9.500565225071218
3028615,883.75355313059
3028616,796.3007916582277
3028617,159.16665771611935
3028618,112.77785194174506
3028619,108.6553796008607
3028620,3419.5455662223785
3028621,49.79877522459892
3028622,1.7263903049798603
3028623,23.15640694617303
3028624,26.25644538652194
3028625,0.36361569383498715
3028626,224.14707292194595
3028627,19.882513973300266
3028628,23.67540454374108
3028629,3.4567631796562437
3028630,105.86756716889153
3028631,7.132355710114153
3028632,201.89118438023638
3028633,255.6750263513278
3028634,11.359937670955972
3028635,13.383917988609934
3028636,227.43870941685543
3028637,71.28064641972327
3028638,2205.5348092688396
3028639,1.917392747546403
3028640,9.426130318900904
3028641,4.707614570269322
3028642,0.4306015765709447
3028643,6.4229289738778705
3028644,1896.9507386635091
3028645,0.7764635455890945
3028646,403.0624070662588
3028647,12.957334884389955
3028648,833.4225514072125
3028649,679.2811256369183
3028650,122.37129883448819
3028651,71.53413932678146
3028652,111.93388776034412
3028653,3109.087620833067
3028654,21.848607867045217
3028655,1.2255153872295093
3028656,29.143181308571634
3028657,38.52215366391458
3028658,0.3655980604664006
3028659,269.379791929985
3028660,12.958315555444885
3028661,15.21957825416147
3028662,9.009679506721655
3028663,73.31470994570437
3028664,9.298235816268493
3028665,132.4576746915863
3028666,305.34075857188265
3028667,5.76866118157027
3028668,8.876766821832996
3028669,105.18267055101448
3028670,70.25887603552765
3028671,1824.2691154902834
3028672,2.1545037094903146
3028673,14.718688376754391
3028674,6.508562396412318
3028675,0.46309624251908776
3028676,4.521929790404121
3028677,2973.782422317605
3028678,0.7689862757243426
3028679,638.9383511406979
3028680,7.938128123178643
3028681,1328.8730739451494
3028682,621.973580885246
3028683,174.98197406605848
3028684,265.1703911001007
3028685,63.643413879618805
3028686,4553.698656396976
3028687,26.743842259417107
3028688,1.038154105963354
3028689,25.665322216437026
3028690,20.78237803320843
3028691,0.3621084007798288
3028692,317.8499732099018
3028693,4.2563352913515295
3028694,13.18700824381616
3028695,9.14640913286285
3028696,48.645626824314746
3028697,2.421796232438978
3028698,241.92684380562224
3028699,307.23160013358836
3028700,6.5595853669378945
3028701,7.007010335815028
3028702,207.03536975191523
3028703,50.928757286679755
3028704,1311.1039425824947
3028705,8.597277246276928
3028706,10.396066178376781
3028707,3.1885720747519906
3028708,0.7047208631453121
3028709,3.790147633860725
3028710,1927.3296351784052
3028711,0.8554352941993973
3028712,326.7489814300917
3028713,6.977399388461771
3028714,663.4590098252766
3028715,620.637596536036
3028716,162.96191207061395
3028717,103.32618802052309
3028718,70.66541715565208
3028719,2679.3398666727344
3028720,18.24034924320524
3028721,0.8954662690186194
3028722,9.293414720867167
3028723,13.043049446929883
3028724,0.5012673076364456
3028725,164.71407476407487
3028726,15.044449316404133
3028727,13.535201202260088
3028728,2.431853897461936
3028729,58.93301866326642
3028730,4.666587796690974
3028731,257.9621228316775
3028732,195.15530727932452
3028733,5.526820366788216
3028734,5.468490669510865
3028735,274.4548151104274
3028736,35.49087855143684
3028737,1740.9354781334193
3028738,1.3665160343804204
3028739,15.856927265272486
3028740,3.664939727914315
3028741,0.4376096377891099
3028742,3.873917867582257
3028743,3939.630230753009
3028744,0.7182432693037548
3028745,366.4852818997572
3028746,7.014797204137147
3028747,1511.5809391469418
3028748,627.4618862749926
3028749,238.5176460519724
3028750,138.68324347576632
3028751,52.51816089401831
3028752,4743.692626524489
3028753,9.57502739311192
3028754,0.8904781428609756
3028755,28.65150811586788
3028756,21.078792965086883
3028757,0.40640566691251323
3028758,359.7596117441541
3028759,0.6759606882039976
3028760,6.073211189001135
3028761,6.583151703334106
3028762,50.47066063785311
3028763,1.1933401861810027
3028764,165.05863563777456
3028765,275.1462355638911
3028766,3.2010817178851267
3028767,8.922524937505692
3028768,152.03391164441172
3028769,45.951971656666544
3028770,951.1754338043592
3028771,2.8052607387625947
3028772,2.914715562401942
3028773,4.860251734459846
3028774,0.44281453028687556
3028775,4.575249892242801
3028776,1798.3900076343402
3028777,0.7233645533384977
3028778,408.4721961329483
3028779,9.644342627164132
3028780,877.1022015237745
3028781,641.414940168047
3028782,192.24923356039977
3028783,94.60806302532662
3028784,132.9957867105105
3028785,3070.8530150056704
3028786,22.895418661694855
3028787,1.089306563471016
3028788,19.929700464868915
3028789,26.621426059847145
3028790,0.3978971732146443
3028791,205.5003473987105
3028792,11.246100865655611
3028793,17.055230663295195
3028794,5.634255973703265
3028795,56.24729991832301
3028796,7.125626148060185
3028797,163.28478805435236
3028798,266.2003737293201
3028799,8.947474506123376
3028800,5.481226278954085
3028801,151.41513738367507
3028802,49.348895339265184
3028803,1709.0507421776174
3028804,0.9518001101067431
3028805,4.005942576998579
3028806,3.0931971409440107
3028807,0.4411462304893465
3028808,4.202630256842513
3028809,2063.3009724140147
3028810,0.7345785434977785
3028811,413.4225775966695
3028812,9.678364897176392
3028813,658.1411371162367
3028814,744.1603109251428
3028815,149.85677376563376
3028816,115.95609066821618
3028817,110.2511720151304
3028818,2646.1977389730587
3028819,27.530815007104305
3028820,0.6638796966353628
3028821,18.006741499932605
3028822,16.32776676232913
3028823,0.41763740162874274
3028824,183.72191627731078
3028825,11.554219156868507
3028826,33.82988767446901
3028827,7.656539739231876
3028828,65.30408115277596
3028829,6.476765878771049
3028830,210.32214061627226
3028831,197.3707904591872
3028832,7.5102370955232125
3028833,7.085357507760542
3028834,198.5413082686994
3028835,52.838707390785856
3028836,1988.1967092156915
3028837,0.8315261575473731
3028838,12.370001489496898
3028839,4.748020558409445
3028840,0.4808978160637343
3028841,2.8236893211143195
3028842,4076.174922378734
3028843,0.6924162215125533
3028844,474.39528819246505
3028845,8.931012525772582
3028846,1073.4168014449294
3028847,604.9076202268344
3028848,252.02736810955716
3028849,142.2035284615369
3028850,46.60327364961227
3028851,3955.4373979393586
3028852,4.989364275195719
3028853,0.6041716908674879
3028854,15.362155879769864
3028855,13.586467312019522
3028856,0.3735424394558387
3028857,220.88702417143622
3028858,0.6301433752059219
3028859,8.411888483774339
3028860,1.717048680228289
3028861,52.731305579333764
3028862,1.3648096671817112
3028863,257.69438935992895
3028864,278.8046502612089
3028865,2.4531203924902933
3028866,2.1734607257988983
3028867,191.86520462998863
3028868,108.63875268025431
3028869,803.174284133735
3028870,2.1756702523942337
3028871,0.670943448209537
3028872,11.259469360453387
3028873,0.9445307253976354
3028874,14.802784555393911
3028875,7380.526895924255
3028876,1.5692405662403899
3028877,1316.2389022932198
3028878,34.98790339974759
3028879,2060.1498363108535
3028880,2031.118564308511
3028881,429.4577009638303
3028882,435.81879623775603
3028883,395.18379454988053
3028884,8385.241155441474
3028885,82.01891759710546
3028886,2.3062701843957
3028887,91.9508033168821
3028888,107.91303283038691
3028889,0.8194543426556677
3028890,530.0733256043097
3028891,33.02677866867436
3028892,20.262977519413656
3028893,42.718932060768296
3028894,321.27595919971526
3028895,18.163556510351363
3028896,669.8176177060037
3028897,469.66614511550415
3028898,28.264787627925926
3028899,31.52466995350706
3028900,871.6597318228194
3028901,316.0489773736852
3028902,6788.058823611144
3028903,414.1205403908995
3028904,68.17108268382256
3028905,10.989988424810207
3028906,0.8753204256796183
3028907,11.408713050311992
3028908,6602.430073684579
3028909,1.6294668117652025
3028910,1004.0867352497087
3028911,30.803701028396908
3028912,2027.559431945383
3028913,1731.2404291705484
3028914,560.6318167465208
3028915,281.24029789833793
3028916,254.31037259079048
3028917,8509.992877192606
3028918,100.1910755641268
3028919,0.7835409394676591
3028920,60.90451110591992
3028921,72.77119984340479
3028922,0.8604525723740679
3028923,523.9929760131931
3028924,24.10829948264531
3028925,29.937418244413397
3028926,18.25949386403934
3028927,203.7568394627978
3028928,13.404122731720506
3028929,789.6258651201763
3028930,602.5519603187305
3028931,17.567571087423516
3028932,21.69585397326503
3028933,891.6973380779662
3028934,204.65028374680125
3028935,5151.306503924397
3028936,531.9598708656928
3028937,60.412563405786386
3028938,9.099037611793571
3028939,0.8145673066419277
3028940,12.577527244382711
3028941,4221.539001721961
3028942,1.0177459443971604
3028943,752.1918434737722
3028944,15.262035474408364
3028945,1764.898913853318
3028946,1219.3903409918555
3028947,623.0514169520304
3028948,99.22204747260332
3028949,207.1036959774188
3028950,6792.250753651237
3028951,32.5387111409067
3028952,0.7845920735123642
3028953,28.051024671728253
3028954,29.31236510942132
3028955,0.7000463175251129
3028956,469.3914878611014
3028957,24.935055965388816
3028958,17.57965333415066
3028959,13.927985076702429
3028960,114.03098058971675
3028961,6.176537854350303
3028962,767.4942966454961
3028963,581.6660170271541
3028964,18.85880614213552
3028965,32.00830960986963
3028966,579.0309514300263
3028967,113.98229743372741
3028968,2079.2690626523445
3028969,364.8397716325654
3028970,35.47138958243774
3028971,10.561179424572767
3028972,0.8855391720040735
3028973,12.916626647054489
3028974,6527.656580427821
3028975,1.5383427624947235
3028976,952.7169737115942
3028977,24.43800508470877
3028978,1904.4661264027395
3028979,1727.6237217141245
3028980,500.4382880373368
3028981,264.8694095852544
3028982,217.11978221829446
3028983,8410.20876295873
3028984,47.50094231902911
3028985,1.539975300889075
3028986,61.4616669356852
3028987,77.03051760459451
3028988,0.6996194354198902
3028989,503.3682405078315
3028990,27.854690615874127
3028991,26.90853027041754
3028992,13.230357660905549
3028993,172.98544757312823
3028994,11.226069095401986
3028995,675.2094467137324
3028996,627.7644095955602
3028997,18.725705583115396
3028998,23.81040545905229
3028999,838.185435098811
3029000,182.00097760595943
3029001,5012.581960765512
3029002,494.1560813539328
3029003,50.37994889738099
3029004,9.085447700419504
3029005,0.6682385339141068
3029006,12.908148119326082
3029007,3425.8394720413858
3029008,0.8852561545934432
3029009,662.5315339715743
3029010,16.181586267665832
3029011,1640.3784578255077
3029012,961.1178240993565
3029013,500.9679141894022
3029014,79.98883786744005
3029015,146.8851349372972
3029016,6341.016834166814
3029017,39.52153047595242
3029018,0.7204125265674106
3029019,33.27701745572721
3029020,33.63206635712072
3029021,0.5361268261471065
3029022,443.39669318508754
3029023,22.050758402174115
3029024,10.731637232530474
3029025,10.135229933944968
3029026,98.3618831187114
3029027,3.4657646266115565
3029028,624.559019253559
3029029,581.4860863716694
3029030,13.059701222921337
3029031,16.660295204093714
3029032,597.0785337724338
3029033,79.9099797049861
3029034,1496.043133790664
3029035,496.18778256621346
3029036,17.101483534229878
3029037,8.870464579952193
3029038,0.7955168072984511
3029039,9.444591437666595
3029040,5421.870720114579
3029041,1.6473669248272216
3029042,980.8394936741371
3029043,25.46482238375199
3029044,1628.6731162333028
3029045,1822.5713916406946
3029046,361.22863700362984
3029047,365.20697316853017
3029048,294.70214449854024
3029049,6442.055224964886
3029050,66.4746254766504
3029051,1.48478533925777
3029052,51.75849809760159
3029053,49.34145486169655
3029054,0.6844675374336191
3029055,390.900997984388
3029056,18.312597678023938
3029057,22.957721803918915
3029058,10.182003155388557
3029059,212.67552711498223
3029060,12.29866576652092
3029061,604.7286258381432
3029062,440.64119971632715
3029063,15.93755607984228
3029064,26.183603732330113
3029065,753.597486178676
3029066,186.25988573338537
3029067,5932.195130629318
3029068,344.24808731675523
3029069,65.10309343941925
3029070,4.729801632473405
3029071,0.5357615759445689
3029072,3.8462300998952323
3029073,1579.1027472658152
3029074,0.7703937798929972
3029075,318.0281172540815
3029076,19.604018549421088
3029077,763.6042383563872
3029078,496.33648391548957
3029079,199.42168550759226
3029080,63.04207527189211
3029081,76.22314985226427
3029082,2603.1831283021725
3029083,17.83911767872972
3029084,0.7451337766715069
3029085,25.360302150405733
3029086,21.782068113012222
3029087,0.47299315476226417
3029088,166.59617394921344
3029089,8.201675961869372
3029090,8.499692855664513
3029091,7.921364700421422
3029092,54.143892643815036
3029093,4.632974067123133
3029094,203.69567200732044
3029095,211.9314252356157
3029096,2.668665387923142
3029097,5.881012988182285
3029098,179.0028986313694
3029099,51.96225579812924
3029100,1364.8759913616555
3029101,0.8995741235376881
3029102,10.042954845110422
3029103,7.080572331466229
3029104,0.721486246706639
3029105,8.444035542997044
3029106,3588.8932586307765
3029107,1.043392509832325
3029108,534.680597746954
3029109,25.455005346014836
3029110,1379.0533509102374
3029111,965.5406306520579
3029112,426.9890723771372
3029113,87.63329296589632
3029114,155.8836849860514
3029115,5815.041269682187
3029116,66.91394018243427
3029117,1.0708687519690074
3029118,41.92749424897108
3029119,36.17465880805888
3029120,0.6219700240577264
3029121,335.4529154539456
3029122,18.196473242141874
3029123,10.159207335248354
3029124,3.189576396515063
3029125,125.12196784015416
3029126,6.414962179241813
3029127,452.3307095872423
3029128,446.28902415861234
3029129,8.819930461390442
3029130,14.962366554514825
3029131,334.33952932601323
3029132,77.70462838581592
3029133,1832.145440643758
3029134,461.9207037764062
3029135,14.867231066247694
3029136,5.790115705711713
3029137,0.7153919135682728
3029138,5.48007723988376
3029139,3528.4917485180677
3029140,0.9804368207175543
3029141,720.6211187226494
3029142,10.043972954285554
3029143,1094.7669523583934
3029144,1341.4672040284518
3029145,207.43176382457784
3029146,264.9133636026175
3029147,205.12533592774435
3029148,4140.859476315902
3029149,26.45917118402657
3029150,1.1097663427347682
3029151,28.929363391257755
3029152,33.634768171344035
3029153,0.7007321836690342
3029154,249.8477455956645
3029155,2.2136202695403404
3029156,39.01956794462153
3029157,6.1511687213135495
3029158,121.87851578185646
3029159,7.727684931876438
3029160,477.40978391167585
3029161,227.6962675334262
3029162,16.431877362905965
3029163,7.866751011739092
3029164,549.8253901426847
3029165,104.28024187315992
3029166,4876.252604175586
3029167,4.184943402443207
3029168,31.874339286127412
3029169,7.6671323542033845
3029170,0.0
3029171,4.566638851703861
3029172,3492.220317920973
3029173,0.0
3029174,704.6753796601515
3029175,9.792535079362569
3029176,1373.866626431096
3029177,1024.0435727209453
3029178,310.4788907379116
3029179,165.61322274186654
3029180,290.77954972029397
3029181,4754.842883312267
3029182,32.625444544962726
3029183,1.628900847774544
3029184,33.342416348824166
3029185,38.75344339126485
3029186,0.6452796433904654
3029187,292.7166575253906
3029188,5.552061253089917
3029189,47.51495907957383
3029190,4.558852744730363
3029191,215.51844716861706
3029192,7.496356775712991
3029193,393.8316515985386
3029194,295.26726760178695
3029195,11.636127637181838
3029196,21.135717299885368
3029197,380.7612049274301
3029198,103.76692527334917
3029199,4360.401415754021
3029200,4.258451406027704
3029201,7.02771992882429
3029202,5.4362991049431955
3029203,0.4583371227706111
3029204,3.132984886722574
3029205,1768.2436589134381
3029206,0.7818629161642097
3029207,424.77863689072143
3029208,7.425866992527601
3029209,797.829785569674
3029210,438.55844804896975
3029211,199.74113830952044
3029212,72.26306602377446
3029213,89.03630719047322
3029214,2584.8237355877727
3029215,12.279334374261081
3029216,0.8725083112818913
3029217,20.418134795648538
3029218,23.8576280530971
3029219,0.43479453200135815
3029220,162.03338900377082
3029221,2.6974116690040653
3029222,7.456553244539832
3029223,4.4042787189232
3029224,66.06280097464975
3029225,2.1331034031450002
3029226,215.10388587453843
3029227,205.33922444335388
3029228,3.8960737687973803
3029229,4.723692926930011
3029230,138.4457349324534
3029231,46.91654842657236
3029232,1675.9440235464187
3029233,2.0789695598838906
3029234,1.6980478782611417
3029235,3.712704496762769
3029236,0.3659894680208572
3029237,1.1248178869489152
3029238,2555.2133284544125
3029239,0.0010061958297476123
3029240,183.5850769949253
3029241,4.461375091942687
3029242,878.8155619680788
3029243,214.86786910671503
3029244,176.08088186127637
3029245,49.663625992844075
3029246,31.869743254141635
3029247,2758.9074240915306
3029248,5.624386416514973
3029249,0.5986860364577311
3029250,14.17491366820412
3029251,11.007951555788493
3029252,0.39685158028046286
3029253,164.831474566966
3029254,0.6223290294323836
3029255,4.030690036812489
3029256,2.6684201068920164
3029257,15.987690392712187
3029258,0.7740252287929277
3029259,55.666911837258205
3029260,145.2697640130413
3029261,0.49693416322967704
3029262,2.1371304289164654
3029263,48.18443841872179
3029264,68.57467224823655
3029265,523.9469712197274
3029266,1.7844461555663458
3029267,1.7165981431767732
3029268,4.405640241412524
3029269,0.47098981408848944
3029270,5.553506707015138
3029271,2680.4250616426098
3029272,0.7748682493352026
3029273,448.7113351162082
3029274,13.04317688690563
3029275,1005.1950015764197
3029276,801.4639350555104
3029277,268.05734336092485
3029278,122.15151707259866
3029279,109.25632358047929
3029280,3778.195718728625
3029281,24.779522566140347
3029282,0.7163833018854258
3029283,18.95110166202733
3029284,40.52872526297162
3029285,0.5078422147756778
3029286,236.79267430709493
3029287,15.879167263749025
3029288,14.501010688196793
3029289,13.796561348925483
3029290,67.235345940105
3029291,5.244429403985521
3029292,366.7241467553346
3029293,290.6822911974142
3029294,7.583687568242123
3029295,10.932251528749177
3029296,400.50135127874495
3029297,72.67272048629906
3029298,1935.2927137835468
3029299,1.5308344474363134
3029300,22.90660460948599
3029301,3.3410386244707366
3029302,0.4700846773759253
3029303,5.298222052020476
3029304,3461.707767899293
3029305,0.7920688677107454
3029306,600.0510329054725
3029307,14.281154536035425
3029308,992.4128633542766
3029309,1164.541707264129
3029310,160.67536798104166
3029311,234.91877882097543
3029312,181.39268437496327
3029313,3376.2910387151414
3029314,35.742501727607944
3029315,1.5906773527501872
3029316,27.637257253731242
3029317,28.194201818438252
3029318,0.9065767293586393
3029319,216.67482517430227
3029320,10.310278116350831
3029321,30.558439144831677
3029322,9.20572108691521
3029323,126.94038460627385
3029324,8.19082241683415
3029325,390.64706994693734
3029326,226.16204968363914
3029327,6.000104516246604
3029328,9.900062337172242
3029329,525.4302233837101
3029330,110.29076367995955
3029331,4653.104200353868
3029332,0.5955115304258699
3029333,29.637264105552784
3029334,3.690836769798724
3029335,0.46800408034661634
3029336,7.489112962684317
3029337,3515.173885519749
3029338,0.868316714846108
3029339,732.7277138895191
3029340,22.58619039756775
3029341,1075.7310664488568
3029342,1226.2029490040354
3029343,237.62950652092326
3029344,243.41891952449666
3029345,133.22933582784182
3029346,3899.3979775102107
3029347,32.168041101842554
3029348,1.8684624351237442
3029349,30.818914604753687
3029350,35.391172336393176
3029351,0.893317171172827
3029352,282.9126274625093
3029353,23.28411375462139
3029354,25.873272739695373
3029355,24.216621576054674
3029356,133.98127866266296
3029357,15.209594928216466
3029358,371.6207683737622
3029359,282.57344045329273
3029360,12.801212490985945
3029361,16.165570138060758
3029362,441.94863349866336
3029363,129.38409731877047
3029364,3868.3601698932844
3029365,0.5896085841415116
3029366,28.111652750125174
3029367,10.952104981720163
3029368,0.4022391425498901
3029369,5.880194578142611
3029370,2791.5381594176224
3029371,0.8488361207764721
3029372,429.6880861457991
3029373,10.749401319322963
3029374,1382.4052296677569
3029375,724.9234669579289
3029376,474.56754927773824
3029377,143.01384113394425
3029378,89.04490670686619
3029379,5660.121296970224
3029380,8.640064504059628
3029381,1.616986682309669
3029382,40.94535723852174
3029383,37.0971054354799
3029384,0.41686117640733994
3029385,380.6082310011817
3029386,7.970381090219506
3029387,4.920717081891172
3029388,8.706856019977893
3029389,41.217753438862744
3029390,3.12345159177207
3029391,521.3629484431565
3029392,414.65889099477033
3029393,5.215493171597908
3029394,7.7184641265085965
3029395,330.27362163631966
3029396,94.52815898904538
3029397,1223.0251547763937
3029398,134.78916886490478
3029399,11.928193377324336
